{"Time":"2026-09-17T16:11:54.251550181+03:00","Action":"start","Package":"github.com/PRO-Robotech/kacho/internal/repohygiene"}
{"Time":"2026-09-17T16:11:54.269648664+03:00","Action":"run","Package":"github.com/PRO-Robotech/kacho/internal/repohygiene","Test":"TestCatalogReachability_EveryRowResolvesToAServedMethod"}
{"Time":"2026-09-17T16:11:54.269671858+03:00","Action":"output","Package":"github.com/PRO-Robotech/kacho/internal/repohygiene","Test":"TestCatalogReachability_EveryRowResolvesToAServedMethod","Output":"=== RUN   TestCatalogReachability_EveryRowResolvesToAServedMethod\n"}
{"Time":"2026-09-17T16:11:54.269700371+03:00","Action":"output","Package":"github.com/PRO-Robotech/kacho/internal/repohygiene","Test":"TestCatalogReachability_EveryRowResolvesToAServedMethod","Output":"=== PAUSE TestCatalogReachability_EveryRowResolvesToAServedMethod\n"}
{"Time":"2026-09-17T16:11:54.269704209+03:00","Action":"pause","Package":"github.com/PRO-Robotech/kacho/internal/repohygiene","Test":"TestCatalogReachability_EveryRowResolvesToAServedMethod"}
{"Time":"2026-09-17T16:11:54.269708547+03:00","Action":"run","Package":"github.com/PRO-Robotech/kacho/internal/repohygiene","Test":"TestCatalogReachability_InertRowsAreExactlyTheAllowedServices"}
{"Time":"2026-09-17T16:11:54.269713256+03:00","Action":"output","Package":"github.com/PRO-Robotech/kacho/internal/repohygiene","Test":"TestCatalogReachability_InertRowsAreExactlyTheAllowedServices","Output":"=== RUN   TestCatalogReachability_InertRowsAreExactlyTheAllowedServices\n"}
{"Time":"2026-09-17T16:11:54.269717694+03:00","Action":"output","Package":"github.com/PRO-Robotech/kacho/internal/repohygiene","Test":"TestCatalogReachability_InertRowsAreExactlyTheAllowedServices","Output":"=== PAUSE TestCatalogReachability_InertRowsAreExactlyTheAllowedServices\n"}
{"Time":"2026-09-17T16:11:54.26972115+03:00","Action":"pause","Package":"github.com/PRO-Robotech/kacho/internal/repohygiene","Test":"TestCatalogReachability_InertRowsAreExactlyTheAllowedServices"}
{"Time":"2026-09-17T16:11:54.269725148+03:00","Action":"run","Package":"github.com/PRO-Robotech/kacho/internal/repohygiene","Test":"TestCatalogReachability_SilentOnAServedMethod"}
{"Time":"2026-09-17T16:11:54.269728174+03:00","Action":"output","Package":"github.com/PRO-Robotech/kacho/internal/repohygiene","Test":"TestCatalogReachability_SilentOnAServedMethod","Output":"=== RUN   TestCatalogReachability_SilentOnAServedMethod\n"}
{"Time":"2026-09-17T16:11:54.269732081+03:00","Action":"output","Package":"github.com/PRO-Robotech/kacho/internal/repohygiene","Test":"TestCatalogReachability_SilentOnAServedMethod","Output":"=== PAUSE TestCatalogReachability_SilentOnAServedMethod\n"}
{"Time":"2026-09-17T16:11:54.269735597+03:00","Action":"pause","Package":"github.com/PRO-Robotech/kacho/internal/repohygiene","Test":"TestCatalogReachability_SilentOnAServedMethod"}
{"Time":"2026-09-17T16:11:54.269741889+03:00","Action":"run","Package":"github.com/PRO-Robotech/kacho/internal/repohygiene","Test":"TestCatalogReachability_RedOnAnUnmountedService"}
{"Time":"2026-09-17T16:11:54.269745266+03:00","Action":"output","Package":"github.com/PRO-Robotech/kacho/internal/repohygiene","Test":"TestCatalogReachability_RedOnAnUnmountedService","Output":"=== RUN   TestCatalogReachability_RedOnAnUnmountedService\n"}
{"Time":"2026-09-17T16:11:54.269749143+03:00","Action":"output","Package":"github.com/PRO-Robotech/kacho/internal/repohygiene","Test":"TestCatalogReachability_RedOnAnUnmountedService","Output":"=== PAUSE TestCatalogReachability_RedOnAnUnmountedService\n"}
{"Time":"2026-09-17T16:11:54.269752449+03:00","Action":"pause","Package":"github.com/PRO-Robotech/kacho/internal/repohygiene","Test":"TestCatalogReachability_RedOnAnUnmountedService"}
{"Time":"2026-09-17T16:11:54.269756387+03:00","Action":"run","Package":"github.com/PRO-Robotech/kacho/internal/repohygiene","Test":"TestCatalogReachability_RedOnAMethodTheContractDoesNotHave"}
{"Time":"2026-09-17T16:11:54.269760164+03:00","Action":"output","Package":"github.com/PRO-Robotech/kacho/internal/repohygiene","Test":"TestCatalogReachability_RedOnAMethodTheContractDoesNotHave","Output":"=== RUN   TestCatalogReachability_RedOnAMethodTheContractDoesNotHave\n"}
{"Time":"2026-09-17T16:11:54.269764271+03:00","Action":"output","Package":"github.com/PRO-Robotech/kacho/internal/repohygiene","Test":"TestCatalogReachability_RedOnAMethodTheContractDoesNotHave","Output":"=== PAUSE TestCatalogReachability_RedOnAMethodTheContractDoesNotHave\n"}
{"Time":"2026-09-17T16:11:54.269768068+03:00","Action":"pause","Package":"github.com/PRO-Robotech/kacho/internal/repohygiene","Test":"TestCatalogReachability_RedOnAMethodTheContractDoesNotHave"}
{"Time":"2026-09-17T16:11:54.269778167+03:00","Action":"run","Package":"github.com/PRO-Robotech/kacho/internal/repohygiene","Test":"TestCatalogReachability_RedOnAServiceTheContractDoesNotHave"}
{"Time":"2026-09-17T16:11:54.269782045+03:00","Action":"output","Package":"github.com/PRO-Robotech/kacho/internal/repohygiene","Test":"TestCatalogReachability_RedOnAServiceTheContractDoesNotHave","Output":"=== RUN   TestCatalogReachability_RedOnAServiceTheContractDoesNotHave\n"}
{"Time":"2026-09-17T16:11:54.269786062+03:00","Action":"output","Package":"github.com/PRO-Robotech/kacho/internal/repohygiene","Test":"TestCatalogReachability_RedOnAServiceTheContractDoesNotHave","Output":"=== PAUSE TestCatalogReachability_RedOnAServiceTheContractDoesNotHave\n"}
{"Time":"2026-09-17T16:11:54.269789849+03:00","Action":"pause","Package":"github.com/PRO-Robotech/kacho/internal/repohygiene","Test":"TestCatalogReachability_RedOnAServiceTheContractDoesNotHave"}
{"Time":"2026-09-17T16:11:54.269794799+03:00","Action":"run","Package":"github.com/PRO-Robotech/kacho/internal/repohygiene","Test":"TestCatalogReachability_MethodsAreNotBorrowedBetweenDescriptors"}
{"Time":"2026-09-17T16:11:54.269798265+03:00","Action":"output","Package":"github.com/PRO-Robotech/kacho/internal/repohygiene","Test":"TestCatalogReachability_MethodsAreNotBorrowedBetweenDescriptors","Output":"=== RUN   TestCatalogReachability_MethodsAreNotBorrowedBetweenDescriptors\n"}
{"Time":"2026-09-17T16:11:54.269802363+03:00","Action":"output","Package":"github.com/PRO-Robotech/kacho/internal/repohygiene","Test":"TestCatalogReachability_MethodsAreNotBorrowedBetweenDescriptors","Output":"=== PAUSE TestCatalogReachability_MethodsAreNotBorrowedBetweenDescriptors\n"}
{"Time":"2026-09-17T16:11:54.26980606+03:00","Action":"pause","Package":"github.com/PRO-Robotech/kacho/internal/repohygiene","Test":"TestCatalogReachability_MethodsAreNotBorrowedBetweenDescriptors"}
{"Time":"2026-09-17T16:11:54.269812863+03:00","Action":"run","Package":"github.com/PRO-Robotech/kacho/internal/repohygiene","Test":"TestCatalogReachability_AllowExcusesAndThenExpires"}
{"Time":"2026-09-17T16:11:54.269816259+03:00","Action":"output","Package":"github.com/PRO-Robotech/kacho/internal/repohygiene","Test":"TestCatalogReachability_AllowExcusesAndThenExpires","Output":"=== RUN   TestCatalogReachability_AllowExcusesAndThenExpires\n"}
{"Time":"2026-09-17T16:11:54.269821489+03:00","Action":"output","Package":"github.com/PRO-Robotech/kacho/internal/repohygiene","Test":"TestCatalogReachability_AllowExcusesAndThenExpires","Output":"=== PAUSE TestCatalogReachability_AllowExcusesAndThenExpires\n"}
{"Time":"2026-09-17T16:11:54.269825076+03:00","Action":"pause","Package":"github.com/PRO-Robotech/kacho/internal/repohygiene","Test":"TestCatalogReachability_AllowExcusesAndThenExpires"}
{"Time":"2026-09-17T16:11:54.269829454+03:00","Action":"run","Package":"github.com/PRO-Robotech/kacho/internal/repohygiene","Test":"TestCatalogReachability_EmptyCatalogIsAnError"}
{"Time":"2026-09-17T16:11:54.26983284+03:00","Action":"output","Package":"github.com/PRO-Robotech/kacho/internal/repohygiene","Test":"TestCatalogReachability_EmptyCatalogIsAnError","Output":"=== RUN   TestCatalogReachability_EmptyCatalogIsAnError\n"}
{"Time":"2026-09-17T16:11:54.26983831+03:00","Action":"output","Package":"github.com/PRO-Robotech/kacho/internal/repohygiene","Test":"TestCatalogReachability_EmptyCatalogIsAnError","Output":"=== PAUSE TestCatalogReachability_EmptyCatalogIsAnError\n"}
{"Time":"2026-09-17T16:11:54.269841737+03:00","Action":"pause","Package":"github.com/PRO-Robotech/kacho/internal/repohygiene","Test":"TestCatalogReachability_EmptyCatalogIsAnError"}
{"Time":"2026-09-17T16:11:54.27003513+03:00","Action":"run","Package":"github.com/PRO-Robotech/kacho/internal/repohygiene","Test":"TestGRPCMountParity_EveryDeclaredServiceIsMounted"}
{"Time":"2026-09-17T16:11:54.270054006+03:00","Action":"output","Package":"github.com/PRO-Robotech/kacho/internal/repohygiene","Test":"TestGRPCMountParity_EveryDeclaredServiceIsMounted","Output":"=== RUN   TestGRPCMountParity_EveryDeclaredServiceIsMounted\n"}
{"Time":"2026-09-17T16:11:54.27006155+03:00","Action":"output","Package":"github.com/PRO-Robotech/kacho/internal/repohygiene","Test":"TestGRPCMountParity_EveryDeclaredServiceIsMounted","Output":"=== PAUSE TestGRPCMountParity_EveryDeclaredServiceIsMounted\n"}
{"Time":"2026-09-17T16:11:54.270063924+03:00","Action":"pause","Package":"github.com/PRO-Robotech/kacho/internal/repohygiene","Test":"TestGRPCMountParity_EveryDeclaredServiceIsMounted"}
{"Time":"2026-09-17T16:11:54.270068042+03:00","Action":"run","Package":"github.com/PRO-Robotech/kacho/internal/repohygiene","Test":"TestGRPCMountParity_SeesAnUnmountedServiceAsUnmounted"}
{"Time":"2026-09-17T16:11:54.270070276+03:00","Action":"output","Package":"github.com/PRO-Robotech/kacho/internal/repohygiene","Test":"TestGRPCMountParity_SeesAnUnmountedServiceAsUnmounted","Output":"=== RUN   TestGRPCMountParity_SeesAnUnmountedServiceAsUnmounted\n"}
{"Time":"2026-09-17T16:11:54.270078031+03:00","Action":"output","Package":"github.com/PRO-Robotech/kacho/internal/repohygiene","Test":"TestGRPCMountParity_SeesAnUnmountedServiceAsUnmounted","Output":"=== PAUSE TestGRPCMountParity_SeesAnUnmountedServiceAsUnmounted\n"}
{"Time":"2026-09-17T16:11:54.270086136+03:00","Action":"pause","Package":"github.com/PRO-Robotech/kacho/internal/repohygiene","Test":"TestGRPCMountParity_SeesAnUnmountedServiceAsUnmounted"}
{"Time":"2026-09-17T16:11:54.270089813+03:00","Action":"run","Package":"github.com/PRO-Robotech/kacho/internal/repohygiene","Test":"TestGRPCMountParity_ReadsTheImportAliasAndNotThePathTail"}
{"Time":"2026-09-17T16:11:54.270092127+03:00","Action":"output","Package":"github.com/PRO-Robotech/kacho/internal/repohygiene","Test":"TestGRPCMountParity_ReadsTheImportAliasAndNotThePathTail","Output":"=== RUN   TestGRPCMountParity_ReadsTheImportAliasAndNotThePathTail\n"}
{"Time":"2026-09-17T16:11:54.270113758+03:00","Action":"output","Package":"github.com/PRO-Robotech/kacho/internal/repohygiene","Test":"TestGRPCMountParity_ReadsTheImportAliasAndNotThePathTail","Output":"=== PAUSE TestGRPCMountParity_ReadsTheImportAliasAndNotThePathTail\n"}
{"Time":"2026-09-17T16:11:54.270117254+03:00","Action":"pause","Package":"github.com/PRO-Robotech/kacho/internal/repohygiene","Test":"TestGRPCMountParity_ReadsTheImportAliasAndNotThePathTail"}
{"Time":"2026-09-17T16:11:54.2701204+03:00","Action":"run","Package":"github.com/PRO-Robotech/kacho/internal/repohygiene","Test":"TestGRPCMountParity_AStaleAllowIsItselfAFinding"}
{"Time":"2026-09-17T16:11:54.270122364+03:00","Action":"output","Package":"github.com/PRO-Robotech/kacho/internal/repohygiene","Test":"TestGRPCMountParity_AStaleAllowIsItselfAFinding","Output":"=== RUN   TestGRPCMountParity_AStaleAllowIsItselfAFinding\n"}
{"Time":"2026-09-17T16:11:54.2701573+03:00","Action":"output","Package":"github.com/PRO-Robotech/kacho/internal/repohygiene","Test":"TestGRPCMountParity_AStaleAllowIsItselfAFinding","Output":"=== PAUSE TestGRPCMountParity_AStaleAllowIsItselfAFinding\n"}
{"Time":"2026-09-17T16:11:54.270165575+03:00","Action":"pause","Package":"github.com/PRO-Robotech/kacho/internal/repohygiene","Test":"TestGRPCMountParity_AStaleAllowIsItselfAFinding"}
{"Time":"2026-09-17T16:11:54.270188548+03:00","Action":"run","Package":"github.com/PRO-Robotech/kacho/internal/repohygiene","Test":"TestGRPCMountParity_EmptySubjectIsAnError"}
{"Time":"2026-09-17T16:11:54.270192025+03:00","Action":"output","Package":"github.com/PRO-Robotech/kacho/internal/repohygiene","Test":"TestGRPCMountParity_EmptySubjectIsAnError","Output":"=== RUN   TestGRPCMountParity_EmptySubjectIsAnError\n"}
{"Time":"2026-09-17T16:11:54.270196293+03:00","Action":"output","Package":"github.com/PRO-Robotech/kacho/internal/repohygiene","Test":"TestGRPCMountParity_EmptySubjectIsAnError","Output":"=== PAUSE TestGRPCMountParity_EmptySubjectIsAnError\n"}
{"Time":"2026-09-17T16:11:54.270198717+03:00","Action":"pause","Package":"github.com/PRO-Robotech/kacho/internal/repohygiene","Test":"TestGRPCMountParity_EmptySubjectIsAnError"}
{"Time":"2026-09-17T16:11:54.270202555+03:00","Action":"run","Package":"github.com/PRO-Robotech/kacho/internal/repohygiene","Test":"TestGRPCMountParity_AnAllowForAnUnownedPackageIsOutOfSubject"}
{"Time":"2026-09-17T16:11:54.270204719+03:00","Action":"output","Package":"github.com/PRO-Robotech/kacho/internal/repohygiene","Test":"TestGRPCMountParity_AnAllowForAnUnownedPackageIsOutOfSubject","Output":"=== RUN   TestGRPCMountParity_AnAllowForAnUnownedPackageIsOutOfSubject\n"}
{"Time":"2026-09-17T16:11:54.270209828+03:00","Action":"output","Package":"github.com/PRO-Robotech/kacho/internal/repohygiene","Test":"TestGRPCMountParity_AnAllowForAnUnownedPackageIsOutOfSubject","Output":"=== PAUSE TestGRPCMountParity_AnAllowForAnUnownedPackageIsOutOfSubject\n"}
{"Time":"2026-09-17T16:11:54.270211972+03:00","Action":"pause","Package":"github.com/PRO-Robotech/kacho/internal/repohygiene","Test":"TestGRPCMountParity_AnAllowForAnUnownedPackageIsOutOfSubject"}
{"Time":"2026-09-17T16:11:54.270440522+03:00","Action":"run","Package":"github.com/PRO-Robotech/kacho/internal/repohygiene","Test":"TestGRPCMountParity_DoesNotReadThroughASymlinkOutOfTheAPIRoot"}
{"Time":"2026-09-17T16:11:54.270448657+03:00","Action":"output","Package":"github.com/PRO-Robotech/kacho/internal/repohygiene","Test":"TestGRPCMountParity_DoesNotReadThroughASymlinkOutOfTheAPIRoot","Output":"=== RUN   TestGRPCMountParity_DoesNotReadThroughASymlinkOutOfTheAPIRoot\n"}
{"Time":"2026-09-17T16:11:54.270457854+03:00","Action":"output","Package":"github.com/PRO-Robotech/kacho/internal/repohygiene","Test":"TestGRPCMountParity_DoesNotReadThroughASymlinkOutOfTheAPIRoot","Output":"=== PAUSE TestGRPCMountParity_DoesNotReadThroughASymlinkOutOfTheAPIRoot\n"}
{"Time":"2026-09-17T16:11:54.270460629+03:00","Action":"pause","Package":"github.com/PRO-Robotech/kacho/internal/repohygiene","Test":"TestGRPCMountParity_DoesNotReadThroughASymlinkOutOfTheAPIRoot"}
{"Time":"2026-09-17T16:11:54.27048245+03:00","Action":"run","Package":"github.com/PRO-Robotech/kacho/internal/repohygiene","Test":"TestSubscriptionShapeStandIsCleanBeforeInjection"}
{"Time":"2026-09-17T16:11:54.270486959+03:00","Action":"output","Package":"github.com/PRO-Robotech/kacho/internal/repohygiene","Test":"TestSubscriptionShapeStandIsCleanBeforeInjection","Output":"=== RUN   TestSubscriptionShapeStandIsCleanBeforeInjection\n"}
{"Time":"2026-09-17T16:11:54.270525622+03:00","Action":"output","Package":"github.com/PRO-Robotech/kacho/internal/repohygiene","Test":"TestSubscriptionShapeStandIsCleanBeforeInjection","Output":"=== PAUSE TestSubscriptionShapeStandIsCleanBeforeInjection\n"}
{"Time":"2026-09-17T16:11:54.270529589+03:00","Action":"pause","Package":"github.com/PRO-Robotech/kacho/internal/repohygiene","Test":"TestSubscriptionShapeStandIsCleanBeforeInjection"}
{"Time":"2026-09-17T16:11:54.270533707+03:00","Action":"run","Package":"github.com/PRO-Robotech/kacho/internal/repohygiene","Test":"TestSubscriptionShapeAxisLedgerCanFail"}
{"Time":"2026-09-17T16:11:54.270540129+03:00","Action":"output","Package":"github.com/PRO-Robotech/kacho/internal/repohygiene","Test":"TestSubscriptionShapeAxisLedgerCanFail","Output":"=== RUN   TestSubscriptionShapeAxisLedgerCanFail\n"}
{"Time":"2026-09-17T16:11:54.270544357+03:00","Action":"output","Package":"github.com/PRO-Robotech/kacho/internal/repohygiene","Test":"TestSubscriptionShapeAxisLedgerCanFail","Output":"=== PAUSE TestSubscriptionShapeAxisLedgerCanFail\n"}
{"Time":"2026-09-17T16:11:54.270549146+03:00","Action":"pause","Package":"github.com/PRO-Robotech/kacho/internal/repohygiene","Test":"TestSubscriptionShapeAxisLedgerCanFail"}
{"Time":"2026-09-17T16:11:54.270553434+03:00","Action":"run","Package":"github.com/PRO-Robotech/kacho/internal/repohygiene","Test":"TestSubscriptionShapeCategoryMarkCanFail"}
{"Time":"2026-09-17T16:11:54.270559054+03:00","Action":"output","Package":"github.com/PRO-Robotech/kacho/internal/repohygiene","Test":"TestSubscriptionShapeCategoryMarkCanFail","Output":"=== RUN   TestSubscriptionShapeCategoryMarkCanFail\n"}
{"Time":"2026-09-17T16:11:54.270564675+03:00","Action":"output","Package":"github.com/PRO-Robotech/kacho/internal/repohygiene","Test":"TestSubscriptionShapeCategoryMarkCanFail","Output":"=== PAUSE TestSubscriptionShapeCategoryMarkCanFail\n"}
{"Time":"2026-09-17T16:11:54.270568001+03:00","Action":"pause","Package":"github.com/PRO-Robotech/kacho/internal/repohygiene","Test":"TestSubscriptionShapeCategoryMarkCanFail"}
{"Time":"2026-09-17T16:11:54.270576788+03:00","Action":"run","Package":"github.com/PRO-Robotech/kacho/internal/repohygiene","Test":"TestSubscriptionShapeAbsentAxisCanFail"}
{"Time":"2026-09-17T16:11:54.270579984+03:00","Action":"output","Package":"github.com/PRO-Robotech/kacho/internal/repohygiene","Test":"TestSubscriptionShapeAbsentAxisCanFail","Output":"=== RUN   TestSubscriptionShapeAbsentAxisCanFail\n"}
{"Time":"2026-09-17T16:11:54.270601524+03:00","Action":"output","Package":"github.com/PRO-Robotech/kacho/internal/repohygiene","Test":"TestSubscriptionShapeAbsentAxisCanFail","Output":"=== PAUSE TestSubscriptionShapeAbsentAxisCanFail\n"}
{"Time":"2026-09-17T16:11:54.270607936+03:00","Action":"pause","Package":"github.com/PRO-Robotech/kacho/internal/repohygiene","Test":"TestSubscriptionShapeAbsentAxisCanFail"}
{"Time":"2026-09-17T16:11:54.270614659+03:00","Action":"run","Package":"github.com/PRO-Robotech/kacho/internal/repohygiene","Test":"TestSubscriptionShapeUnsetOutcomeCanFail"}
{"Time":"2026-09-17T16:11:54.270617524+03:00","Action":"output","Package":"github.com/PRO-Robotech/kacho/internal/repohygiene","Test":"TestSubscriptionShapeUnsetOutcomeCanFail","Output":"=== RUN   TestSubscriptionShapeUnsetOutcomeCanFail\n"}
{"Time":"2026-09-17T16:11:54.27062053+03:00","Action":"output","Package":"github.com/PRO-Robotech/kacho/internal/repohygiene","Test":"TestSubscriptionShapeUnsetOutcomeCanFail","Output":"=== PAUSE TestSubscriptionShapeUnsetOutcomeCanFail\n"}
{"Time":"2026-09-17T16:11:54.270623365+03:00","Action":"pause","Package":"github.com/PRO-Robotech/kacho/internal/repohygiene","Test":"TestSubscriptionShapeUnsetOutcomeCanFail"}
{"Time":"2026-09-17T16:11:54.27062599+03:00","Action":"run","Package":"github.com/PRO-Robotech/kacho/internal/repohygiene","Test":"TestSubscriptionShapeCarrierCanFail"}
{"Time":"2026-09-17T16:11:54.270630268+03:00","Action":"output","Package":"github.com/PRO-Robotech/kacho/internal/repohygiene","Test":"TestSubscriptionShapeCarrierCanFail","Output":"=== RUN   TestSubscriptionShapeCarrierCanFail\n"}
{"Time":"2026-09-17T16:11:54.270634676+03:00","Action":"output","Package":"github.com/PRO-Robotech/kacho/internal/repohygiene","Test":"TestSubscriptionShapeCarrierCanFail","Output":"=== PAUSE TestSubscriptionShapeCarrierCanFail\n"}
{"Time":"2026-09-17T16:11:54.270636891+03:00","Action":"pause","Package":"github.com/PRO-Robotech/kacho/internal/repohygiene","Test":"TestSubscriptionShapeCarrierCanFail"}
{"Time":"2026-09-17T16:11:54.270639275+03:00","Action":"run","Package":"github.com/PRO-Robotech/kacho/internal/repohygiene","Test":"TestSubscriptionShapeAnchorCanFail"}
{"Time":"2026-09-17T16:11:54.270641098+03:00","Action":"output","Package":"github.com/PRO-Robotech/kacho/internal/repohygiene","Test":"TestSubscriptionShapeAnchorCanFail","Output":"=== RUN   TestSubscriptionShapeAnchorCanFail\n"}
{"Time":"2026-09-17T16:11:54.270643413+03:00","Action":"output","Package":"github.com/PRO-Robotech/kacho/internal/repohygiene","Test":"TestSubscriptionShapeAnchorCanFail","Output":"=== PAUSE TestSubscriptionShapeAnchorCanFail\n"}
{"Time":"2026-09-17T16:11:54.270646278+03:00","Action":"pause","Package":"github.com/PRO-Robotech/kacho/internal/repohygiene","Test":"TestSubscriptionShapeAnchorCanFail"}
{"Time":"2026-09-17T16:11:54.270648512+03:00","Action":"run","Package":"github.com/PRO-Robotech/kacho/internal/repohygiene","Test":"TestSubscriptionShapeHorizonCanFail"}
{"Time":"2026-09-17T16:11:54.270650436+03:00","Action":"output","Package":"github.com/PRO-Robotech/kacho/internal/repohygiene","Test":"TestSubscriptionShapeHorizonCanFail","Output":"=== RUN   TestSubscriptionShapeHorizonCanFail\n"}
{"Time":"2026-09-17T16:11:54.270655325+03:00","Action":"output","Package":"github.com/PRO-Robotech/kacho/internal/repohygiene","Test":"TestSubscriptionShapeHorizonCanFail","Output":"=== PAUSE TestSubscriptionShapeHorizonCanFail\n"}
{"Time":"2026-09-17T16:11:54.270657419+03:00","Action":"pause","Package":"github.com/PRO-Robotech/kacho/internal/repohygiene","Test":"TestSubscriptionShapeHorizonCanFail"}
{"Time":"2026-09-17T16:11:54.270659734+03:00","Action":"run","Package":"github.com/PRO-Robotech/kacho/internal/repohygiene","Test":"TestSubscriptionShapeStopReasonCanFail"}
{"Time":"2026-09-17T16:11:54.270662168+03:00","Action":"output","Package":"github.com/PRO-Robotech/kacho/internal/repohygiene","Test":"TestSubscriptionShapeStopReasonCanFail","Output":"=== RUN   TestSubscriptionShapeStopReasonCanFail\n"}
{"Time":"2026-09-17T16:11:54.270664653+03:00","Action":"output","Package":"github.com/PRO-Robotech/kacho/internal/repohygiene","Test":"TestSubscriptionShapeStopReasonCanFail","Output":"=== PAUSE TestSubscriptionShapeStopReasonCanFail\n"}
{"Time":"2026-09-17T16:11:54.270666657+03:00","Action":"pause","Package":"github.com/PRO-Robotech/kacho/internal/repohygiene","Test":"TestSubscriptionShapeStopReasonCanFail"}
{"Time":"2026-09-17T16:11:54.270668801+03:00","Action":"run","Package":"github.com/PRO-Robotech/kacho/internal/repohygiene","Test":"TestSubscriptionShapePerimeterCanFail"}
{"Time":"2026-09-17T16:11:54.270672367+03:00","Action":"output","Package":"github.com/PRO-Robotech/kacho/internal/repohygiene","Test":"TestSubscriptionShapePerimeterCanFail","Output":"=== RUN   TestSubscriptionShapePerimeterCanFail\n"}
{"Time":"2026-09-17T16:11:54.270676605+03:00","Action":"output","Package":"github.com/PRO-Robotech/kacho/internal/repohygiene","Test":"TestSubscriptionShapePerimeterCanFail","Output":"=== PAUSE TestSubscriptionShapePerimeterCanFail\n"}
{"Time":"2026-09-17T16:11:54.270680322+03:00","Action":"pause","Package":"github.com/PRO-Robotech/kacho/internal/repohygiene","Test":"TestSubscriptionShapePerimeterCanFail"}
{"Time":"2026-09-17T16:11:54.270685662+03:00","Action":"run","Package":"github.com/PRO-Robotech/kacho/internal/repohygiene","Test":"TestSubscriptionShapeOwnerVocabularyCanFail"}
{"Time":"2026-09-17T16:11:54.270689069+03:00","Action":"output","Package":"github.com/PRO-Robotech/kacho/internal/repohygiene","Test":"TestSubscriptionShapeOwnerVocabularyCanFail","Output":"=== RUN   TestSubscriptionShapeOwnerVocabularyCanFail\n"}
{"Time":"2026-09-17T16:11:54.270691704+03:00","Action":"output","Package":"github.com/PRO-Robotech/kacho/internal/repohygiene","Test":"TestSubscriptionShapeOwnerVocabularyCanFail","Output":"=== PAUSE TestSubscriptionShapeOwnerVocabularyCanFail\n"}
{"Time":"2026-09-17T16:11:54.270693737+03:00","Action":"pause","Package":"github.com/PRO-Robotech/kacho/internal/repohygiene","Test":"TestSubscriptionShapeOwnerVocabularyCanFail"}
{"Time":"2026-09-17T16:11:54.270695841+03:00","Action":"run","Package":"github.com/PRO-Robotech/kacho/internal/repohygiene","Test":"TestSubscriptionShapeRefusesAnEmptyRead"}
{"Time":"2026-09-17T16:11:54.270697645+03:00","Action":"output","Package":"github.com/PRO-Robotech/kacho/internal/repohygiene","Test":"TestSubscriptionShapeRefusesAnEmptyRead","Output":"=== RUN   TestSubscriptionShapeRefusesAnEmptyRead\n"}
{"Time":"2026-09-17T16:11:54.270701752+03:00","Action":"output","Package":"github.com/PRO-Robotech/kacho/internal/repohygiene","Test":"TestSubscriptionShapeRefusesAnEmptyRead","Output":"=== PAUSE TestSubscriptionShapeRefusesAnEmptyRead\n"}
{"Time":"2026-09-17T16:11:54.270703746+03:00","Action":"pause","Package":"github.com/PRO-Robotech/kacho/internal/repohygiene","Test":"TestSubscriptionShapeRefusesAnEmptyRead"}
{"Time":"2026-09-17T16:11:54.270706792+03:00","Action":"run","Package":"github.com/PRO-Robotech/kacho/internal/repohygiene","Test":"TestSubscriptionShapeMissingMessageCanFail"}
{"Time":"2026-09-17T16:11:54.270710709+03:00","Action":"output","Package":"github.com/PRO-Robotech/kacho/internal/repohygiene","Test":"TestSubscriptionShapeMissingMessageCanFail","Output":"=== RUN   TestSubscriptionShapeMissingMessageCanFail\n"}
{"Time":"2026-09-17T16:11:54.270713034+03:00","Action":"output","Package":"github.com/PRO-Robotech/kacho/internal/repohygiene","Test":"TestSubscriptionShapeMissingMessageCanFail","Output":"=== PAUSE TestSubscriptionShapeMissingMessageCanFail\n"}
{"Time":"2026-09-17T16:11:54.270715027+03:00","Action":"pause","Package":"github.com/PRO-Robotech/kacho/internal/repohygiene","Test":"TestSubscriptionShapeMissingMessageCanFail"}
{"Time":"2026-09-17T16:11:54.270717632+03:00","Action":"run","Package":"github.com/PRO-Robotech/kacho/internal/repohygiene","Test":"TestSubscriptionFormShape"}
{"Time":"2026-09-17T16:11:54.27072187+03:00","Action":"output","Package":"github.com/PRO-Robotech/kacho/internal/repohygiene","Test":"TestSubscriptionFormShape","Output":"=== RUN   TestSubscriptionFormShape\n"}
{"Time":"2026-09-17T16:11:54.270725447+03:00","Action":"output","Package":"github.com/PRO-Robotech/kacho/internal/repohygiene","Test":"TestSubscriptionFormShape","Output":"=== PAUSE TestSubscriptionFormShape\n"}
{"Time":"2026-09-17T16:11:54.270727511+03:00","Action":"pause","Package":"github.com/PRO-Robotech/kacho/internal/repohygiene","Test":"TestSubscriptionFormShape"}
{"Time":"2026-09-17T16:11:54.270729835+03:00","Action":"run","Package":"github.com/PRO-Robotech/kacho/internal/repohygiene","Test":"TestSubscriptionShapeReasonContract"}
{"Time":"2026-09-17T16:11:54.270731879+03:00","Action":"output","Package":"github.com/PRO-Robotech/kacho/internal/repohygiene","Test":"TestSubscriptionShapeReasonContract","Output":"=== RUN   TestSubscriptionShapeReasonContract\n"}
{"Time":"2026-09-17T16:11:54.270735566+03:00","Action":"output","Package":"github.com/PRO-Robotech/kacho/internal/repohygiene","Test":"TestSubscriptionShapeReasonContract","Output":"=== PAUSE TestSubscriptionShapeReasonContract\n"}
{"Time":"2026-09-17T16:11:54.270739634+03:00","Action":"pause","Package":"github.com/PRO-Robotech/kacho/internal/repohygiene","Test":"TestSubscriptionShapeReasonContract"}
{"Time":"2026-09-17T16:11:54.270822429+03:00","Action":"cont","Package":"github.com/PRO-Robotech/kacho/internal/repohygiene","Test":"TestCatalogReachability_EveryRowResolvesToAServedMethod"}
{"Time":"2026-09-17T16:11:54.270830304+03:00","Action":"output","Package":"github.com/PRO-Robotech/kacho/internal/repohygiene","Test":"TestCatalogReachability_EveryRowResolvesToAServedMethod","Output":"=== CONT  TestCatalogReachability_EveryRowResolvesToAServedMethod\n"}
{"Time":"2026-09-17T16:11:54.270836916+03:00","Action":"cont","Package":"github.com/PRO-Robotech/kacho/internal/repohygiene","Test":"TestSubscriptionShapeReasonContract"}
{"Time":"2026-09-17T16:11:54.270840273+03:00","Action":"output","Package":"github.com/PRO-Robotech/kacho/internal/repohygiene","Test":"TestSubscriptionShapeReasonContract","Output":"=== CONT  TestSubscriptionShapeReasonContract\n"}
{"Time":"2026-09-17T16:11:54.27084421+03:00","Action":"cont","Package":"github.com/PRO-Robotech/kacho/internal/repohygiene","Test":"TestGRPCMountParity_EveryDeclaredServiceIsMounted"}
{"Time":"2026-09-17T16:11:54.270851173+03:00","Action":"output","Package":"github.com/PRO-Robotech/kacho/internal/repohygiene","Test":"TestGRPCMountParity_EveryDeclaredServiceIsMounted","Output":"=== CONT  TestGRPCMountParity_EveryDeclaredServiceIsMounted\n"}
{"Time":"2026-09-17T16:11:54.270868355+03:00","Action":"cont","Package":"github.com/PRO-Robotech/kacho/internal/repohygiene","Test":"TestCatalogReachability_RedOnAMethodTheContractDoesNotHave"}
{"Time":"2026-09-17T16:11:54.270872002+03:00","Action":"output","Package":"github.com/PRO-Robotech/kacho/internal/repohygiene","Test":"TestCatalogReachability_RedOnAMethodTheContractDoesNotHave","Output":"=== CONT  TestCatalogReachability_RedOnAMethodTheContractDoesNotHave\n"}
{"Time":"2026-09-17T16:11:54.270877843+03:00","Action":"cont","Package":"github.com/PRO-Robotech/kacho/internal/repohygiene","Test":"TestCatalogReachability_MethodsAreNotBorrowedBetweenDescriptors"}
{"Time":"2026-09-17T16:11:54.270881781+03:00","Action":"output","Package":"github.com/PRO-Robotech/kacho/internal/repohygiene","Test":"TestCatalogReachability_MethodsAreNotBorrowedBetweenDescriptors","Output":"=== CONT  TestCatalogReachability_MethodsAreNotBorrowedBetweenDescriptors\n"}
{"Time":"2026-09-17T16:11:54.270892831+03:00","Action":"run","Package":"github.com/PRO-Robotech/kacho/internal/repohygiene","Test":"TestSubscriptionShapeReasonContract/CI-DT-05-lawful"}
{"Time":"2026-09-17T16:11:54.270895867+03:00","Action":"output","Package":"github.com/PRO-Robotech/kacho/internal/repohygiene","Test":"TestSubscriptionShapeReasonContract/CI-DT-05-lawful","Output":"=== RUN   TestSubscriptionShapeReasonContract/CI-DT-05-lawful\n"}
{"Time":"2026-09-17T16:11:54.270900856+03:00","Action":"cont","Package":"github.com/PRO-Robotech/kacho/internal/repohygiene","Test":"TestCatalogReachability_RedOnAnUnmountedService"}
{"Time":"2026-09-17T16:11:54.270904213+03:00","Action":"output","Package":"github.com/PRO-Robotech/kacho/internal/repohygiene","Test":"TestCatalogReachability_RedOnAnUnmountedService","Output":"=== CONT  TestCatalogReachability_RedOnAnUnmountedService\n"}
{"Time":"2026-09-17T16:11:54.271056319+03:00","Action":"cont","Package":"github.com/PRO-Robotech/kacho/internal/repohygiene","Test":"TestSubscriptionShapeCategoryMarkCanFail"}
{"Time":"2026-09-17T16:11:54.271065676+03:00","Action":"output","Package":"github.com/PRO-Robotech/kacho/internal/repohygiene","Test":"TestSubscriptionShapeCategoryMarkCanFail","Output":"=== CONT  TestSubscriptionShapeCategoryMarkCanFail\n"}
{"Time":"2026-09-17T16:11:54.271071257+03:00","Action":"cont","Package":"github.com/PRO-Robotech/kacho/internal/repohygiene","Test":"TestCatalogReachability_SilentOnAServedMethod"}
{"Time":"2026-09-17T16:11:54.271074042+03:00","Action":"output","Package":"github.com/PRO-Robotech/kacho/internal/repohygiene","Test":"TestCatalogReachability_SilentOnAServedMethod","Output":"=== CONT  TestCatalogReachability_SilentOnAServedMethod\n"}
{"Time":"2026-09-17T16:11:54.271077849+03:00","Action":"cont","Package":"github.com/PRO-Robotech/kacho/internal/repohygiene","Test":"TestCatalogReachability_AllowExcusesAndThenExpires"}
{"Time":"2026-09-17T16:11:54.271079923+03:00","Action":"output","Package":"github.com/PRO-Robotech/kacho/internal/repohygiene","Test":"TestCatalogReachability_AllowExcusesAndThenExpires","Output":"=== CONT  TestCatalogReachability_AllowExcusesAndThenExpires\n"}
{"Time":"2026-09-17T16:11:54.27108364+03:00","Action":"cont","Package":"github.com/PRO-Robotech/kacho/internal/repohygiene","Test":"TestSubscriptionShapeCarrierCanFail"}
{"Time":"2026-09-17T16:11:54.271085593+03:00","Action":"output","Package":"github.com/PRO-Robotech/kacho/internal/repohygiene","Test":"TestSubscriptionShapeCarrierCanFail","Output":"=== CONT  TestSubscriptionShapeCarrierCanFail\n"}
{"Time":"2026-09-17T16:11:54.271149413+03:00","Action":"cont","Package":"github.com/PRO-Robotech/kacho/internal/repohygiene","Test":"TestCatalogReachability_EmptyCatalogIsAnError"}
{"Time":"2026-09-17T16:11:54.271157809+03:00","Action":"output","Package":"github.com/PRO-Robotech/kacho/internal/repohygiene","Test":"TestCatalogReachability_EmptyCatalogIsAnError","Output":"=== CONT  TestCatalogReachability_EmptyCatalogIsAnError\n"}
{"Time":"2026-09-17T16:11:54.271165864+03:00","Action":"cont","Package":"github.com/PRO-Robotech/kacho/internal/repohygiene","Test":"TestSubscriptionShapeMissingMessageCanFail"}
{"Time":"2026-09-17T16:11:54.27116912+03:00","Action":"output","Package":"github.com/PRO-Robotech/kacho/internal/repohygiene","Test":"TestSubscriptionShapeMissingMessageCanFail","Output":"=== CONT  TestSubscriptionShapeMissingMessageCanFail\n"}
{"Time":"2026-09-17T16:11:54.271215477+03:00","Action":"run","Package":"github.com/PRO-Robotech/kacho/internal/repohygiene","Test":"TestSubscriptionShapeMissingMessageCanFail/служебного_сообщения_нет_—_находка"}
{"Time":"2026-09-17T16:11:54.271220928+03:00","Action":"output","Package":"github.com/PRO-Robotech/kacho/internal/repohygiene","Test":"TestSubscriptionShapeMissingMessageCanFail/служебного_сообщения_нет_—_находка","Output":"=== RUN   TestSubscriptionShapeMissingMessageCanFail/служебного_сообщения_нет_—_находка\n"}
{"Time":"2026-09-17T16:11:54.271279668+03:00","Action":"cont","Package":"github.com/PRO-Robotech/kacho/internal/repohygiene","Test":"TestGRPCMountParity_DoesNotReadThroughASymlinkOutOfTheAPIRoot"}
{"Time":"2026-09-17T16:11:54.271283205+03:00","Action":"output","Package":"github.com/PRO-Robotech/kacho/internal/repohygiene","Test":"TestGRPCMountParity_DoesNotReadThroughASymlinkOutOfTheAPIRoot","Output":"=== CONT  TestGRPCMountParity_DoesNotReadThroughASymlinkOutOfTheAPIRoot\n"}
{"Time":"2026-09-17T16:11:54.271374707+03:00","Action":"cont","Package":"github.com/PRO-Robotech/kacho/internal/repohygiene","Test":"TestGRPCMountParity_AnAllowForAnUnownedPackageIsOutOfSubject"}
{"Time":"2026-09-17T16:11:54.271378544+03:00","Action":"output","Package":"github.com/PRO-Robotech/kacho/internal/repohygiene","Test":"TestGRPCMountParity_AnAllowForAnUnownedPackageIsOutOfSubject","Output":"=== CONT  TestGRPCMountParity_AnAllowForAnUnownedPackageIsOutOfSubject\n"}
{"Time":"2026-09-17T16:11:54.271524198+03:00","Action":"cont","Package":"github.com/PRO-Robotech/kacho/internal/repohygiene","Test":"TestGRPCMountParity_EmptySubjectIsAnError"}
{"Time":"2026-09-17T16:11:54.271531211+03:00","Action":"output","Package":"github.com/PRO-Robotech/kacho/internal/repohygiene","Test":"TestGRPCMountParity_EmptySubjectIsAnError","Output":"=== CONT  TestGRPCMountParity_EmptySubjectIsAnError\n"}
{"Time":"2026-09-17T16:11:54.27161048+03:00","Action":"output","Package":"github.com/PRO-Robotech/kacho/internal/repohygiene","Test":"TestSubscriptionShapeReasonContract/CI-DT-05-lawful","Output":"    subscriptionreason_test.go:19: перепись: proto/corelib/subscription/subscription.proto — строк 69, типов 5 (верхнего уровня 4), полей 17 (осей 3), значений перечислений 3; утверждений проверено 44; находок 0\n"}
{"Time":"2026-09-17T16:11:54.271653531+03:00","Action":"output","Package":"github.com/PRO-Robotech/kacho/internal/repohygiene","Test":"TestSubscriptionShapeReasonContract/CI-DT-05-lawful","Output":"    subscriptionreason_test.go:20: законная форма:\n"}
{"Time":"2026-09-17T16:11:54.271660273+03:00","Action":"output","Package":"github.com/PRO-Robotech/kacho/internal/repohygiene","Test":"TestSubscriptionShapeReasonContract/CI-DT-05-lawful","Output":"        syntax = \"proto3\";\n"}
{"Time":"2026-09-17T16:11:54.271664822+03:00","Action":"output","Package":"github.com/PRO-Robotech/kacho/internal/repohygiene","Test":"TestSubscriptionShapeReasonContract/CI-DT-05-lawful","Output":"        \n"}
{"Time":"2026-09-17T16:11:54.271669+03:00","Action":"output","Package":"github.com/PRO-Robotech/kacho/internal/repohygiene","Test":"TestSubscriptionShapeReasonContract/CI-DT-05-lawful","Output":"        package corelib.subscription;\n"}
{"Time":"2026-09-17T16:11:54.271676283+03:00","Action":"output","Package":"github.com/PRO-Robotech/kacho/internal/repohygiene","Test":"TestSubscriptionShapeReasonContract/CI-DT-05-lawful","Output":"        \n"}
{"Time":"2026-09-17T16:11:54.271680261+03:00","Action":"output","Package":"github.com/PRO-Robotech/kacho/internal/repohygiene","Test":"TestSubscriptionShapeReasonContract/CI-DT-05-lawful","Output":"        import \"google/protobuf/any.proto\";\n"}
{"Time":"2026-09-17T16:11:54.271688967+03:00","Action":"output","Package":"github.com/PRO-Robotech/kacho/internal/repohygiene","Test":"TestSubscriptionShapeReasonContract/CI-DT-05-lawful","Output":"        \n"}
{"Time":"2026-09-17T16:11:54.271692955+03:00","Action":"output","Package":"github.com/PRO-Robotech/kacho/internal/repohygiene","Test":"TestSubscriptionShapeReasonContract/CI-DT-05-lawful","Output":"        // SubscriptionAnchor — якорь начала.\n"}
{"Time":"2026-09-17T16:11:54.271697423+03:00","Action":"output","Package":"github.com/PRO-Robotech/kacho/internal/repohygiene","Test":"TestSubscriptionShapeReasonContract/CI-DT-05-lawful","Output":"        enum SubscriptionAnchor {\n"}
{"Time":"2026-09-17T16:11:54.27170119+03:00","Action":"output","Package":"github.com/PRO-Robotech/kacho/internal/repohygiene","Test":"TestSubscriptionShapeReasonContract/CI-DT-05-lawful","Output":"          SUBSCRIPTION_ANCHOR_UNSPECIFIED = 0;\n"}
{"Time":"2026-09-17T16:11:54.271707372+03:00","Action":"output","Package":"github.com/PRO-Robotech/kacho/internal/repohygiene","Test":"TestSubscriptionShapeReasonContract/CI-DT-05-lawful","Output":"          BEGINNING = 1;\n"}
{"Time":"2026-09-17T16:11:54.271710768+03:00","Action":"output","Package":"github.com/PRO-Robotech/kacho/internal/repohygiene","Test":"TestSubscriptionShapeReasonContract/CI-DT-05-lawful","Output":"          CURRENT_END = 2;\n"}
{"Time":"2026-09-17T16:11:54.27171726+03:00","Action":"output","Package":"github.com/PRO-Robotech/kacho/internal/repohygiene","Test":"TestSubscriptionShapeReasonContract/CI-DT-05-lawful","Output":"        }\n"}
{"Time":"2026-09-17T16:11:54.271721077+03:00","Action":"output","Package":"github.com/PRO-Robotech/kacho/internal/repohygiene","Test":"TestSubscriptionShapeReasonContract/CI-DT-05-lawful","Output":"        \n"}
{"Time":"2026-09-17T16:11:54.271724714+03:00","Action":"output","Package":"github.com/PRO-Robotech/kacho/internal/repohygiene","Test":"TestSubscriptionShapeReasonContract/CI-DT-05-lawful","Output":"        // SubscriptionRequest — запрос подписки.\n"}
{"Time":"2026-09-17T16:11:54.271728762+03:00","Action":"output","Package":"github.com/PRO-Robotech/kacho/internal/repohygiene","Test":"TestSubscriptionShapeReasonContract/CI-DT-05-lawful","Output":"        //\n"}
{"Time":"2026-09-17T16:11:54.27173326+03:00","Action":"output","Package":"github.com/PRO-Robotech/kacho/internal/repohygiene","Test":"TestSubscriptionShapeReasonContract/CI-DT-05-lawful","Output":"        // ИМЯ сюда не берётся: оно мутабельно, и подписка по нему молча перестанет\n"}
{"Time":"2026-09-17T16:11:54.271738971+03:00","Action":"output","Package":"github.com/PRO-Robotech/kacho/internal/repohygiene","Test":"TestSubscriptionShapeReasonContract/CI-DT-05-lawful","Output":"        // совпадать. МЕТКИ сюда не берутся: они мутабельны, и выход из выборки\n"}
{"Time":"2026-09-17T16:11:54.271744321+03:00","Action":"output","Package":"github.com/PRO-Robotech/kacho/internal/repohygiene","Test":"TestSubscriptionShapeReasonContract/CI-DT-05-lawful","Output":"        // неотличим от удаления.\n"}
{"Time":"2026-09-17T16:11:54.271748259+03:00","Action":"output","Package":"github.com/PRO-Robotech/kacho/internal/repohygiene","Test":"TestSubscriptionShapeReasonContract/CI-DT-05-lawful","Output":"        message SubscriptionRequest {\n"}
{"Time":"2026-09-17T16:11:54.271752987+03:00","Action":"output","Package":"github.com/PRO-Robotech/kacho/internal/repohygiene","Test":"TestSubscriptionShapeReasonContract/CI-DT-05-lawful","Output":"          // kinds — виды предметов. Категория: УДОБСТВА.\n"}
{"Time":"2026-09-17T16:11:54.271758959+03:00","Action":"output","Package":"github.com/PRO-Robotech/kacho/internal/repohygiene","Test":"TestSubscriptionShapeReasonContract/CI-DT-05-lawful","Output":"          repeated string kinds = 1;\n"}
{"Time":"2026-09-17T16:11:54.271763116+03:00","Action":"output","Package":"github.com/PRO-Robotech/kacho/internal/repohygiene","Test":"TestSubscriptionShapeReasonContract/CI-DT-05-lawful","Output":"        \n"}
{"Time":"2026-09-17T16:11:54.271767034+03:00","Action":"output","Package":"github.com/PRO-Robotech/kacho/internal/repohygiene","Test":"TestSubscriptionShapeReasonContract/CI-DT-05-lawful","Output":"          // project_id — проект. Категория: ЯКОРНАЯ.\n"}
{"Time":"2026-09-17T16:11:54.271771162+03:00","Action":"output","Package":"github.com/PRO-Robotech/kacho/internal/repohygiene","Test":"TestSubscriptionShapeReasonContract/CI-DT-05-lawful","Output":"          string project_id = 2;\n"}
{"Time":"2026-09-17T16:11:54.271779056+03:00","Action":"output","Package":"github.com/PRO-Robotech/kacho/internal/repohygiene","Test":"TestSubscriptionShapeReasonContract/CI-DT-05-lawful","Output":"        \n"}
{"Time":"2026-09-17T16:11:54.271784477+03:00","Action":"output","Package":"github.com/PRO-Robotech/kacho/internal/repohygiene","Test":"TestSubscriptionShapeReasonContract/CI-DT-05-lawful","Output":"          // ids — идентификаторы. Категория: УДОБСТВА.\n"}
{"Time":"2026-09-17T16:11:54.271788985+03:00","Action":"output","Package":"github.com/PRO-Robotech/kacho/internal/repohygiene","Test":"TestSubscriptionShapeReasonContract/CI-DT-05-lawful","Output":"          repeated string ids = 3;\n"}
{"Time":"2026-09-17T16:11:54.271792922+03:00","Action":"output","Package":"github.com/PRO-Robotech/kacho/internal/repohygiene","Test":"TestSubscriptionShapeReasonContract/CI-DT-05-lawful","Output":"          // start — с какого места отдавать.\n"}
{"Time":"2026-09-17T16:11:54.271797281+03:00","Action":"output","Package":"github.com/PRO-Robotech/kacho/internal/repohygiene","Test":"TestSubscriptionShapeReasonContract/CI-DT-05-lawful","Output":"          //\n"}
{"Time":"2026-09-17T16:11:54.271800857+03:00","Action":"output","Package":"github.com/PRO-Robotech/kacho/internal/repohygiene","Test":"TestSubscriptionShapeReasonContract/CI-DT-05-lawful","Output":"          // ИСХОД НЕЗАДАННОГО НАЗВАН: start не задан означает ровно CURRENT_END.\n"}
{"Time":"2026-09-17T16:11:54.271805466+03:00","Action":"output","Package":"github.com/PRO-Robotech/kacho/internal/repohygiene","Test":"TestSubscriptionShapeReasonContract/CI-DT-05-lawful","Output":"          oneof start {\n"}
{"Time":"2026-09-17T16:11:54.271812139+03:00","Action":"output","Package":"github.com/PRO-Robotech/kacho/internal/repohygiene","Test":"TestSubscriptionShapeReasonContract/CI-DT-05-lawful","Output":"            // anchor — назвать место словом.\n"}
{"Time":"2026-09-17T16:11:54.27181797+03:00","Action":"output","Package":"github.com/PRO-Robotech/kacho/internal/repohygiene","Test":"TestSubscriptionShapeReasonContract/CI-DT-05-lawful","Output":"            SubscriptionAnchor anchor = 10;\n"}
{"Time":"2026-09-17T16:11:54.271822428+03:00","Action":"output","Package":"github.com/PRO-Robotech/kacho/internal/repohygiene","Test":"TestSubscriptionShapeReasonContract/CI-DT-05-lawful","Output":"            // position — непрозрачный токен.\n"}
{"Time":"2026-09-17T16:11:54.271826295+03:00","Action":"output","Package":"github.com/PRO-Robotech/kacho/internal/repohygiene","Test":"TestSubscriptionShapeReasonContract/CI-DT-05-lawful","Output":"            string position = 11;\n"}
{"Time":"2026-09-17T16:11:54.271833889+03:00","Action":"output","Package":"github.com/PRO-Robotech/kacho/internal/repohygiene","Test":"TestSubscriptionShapeReasonContract/CI-DT-05-lawful","Output":"          }\n"}
{"Time":"2026-09-17T16:11:54.271837767+03:00","Action":"output","Package":"github.com/PRO-Robotech/kacho/internal/repohygiene","Test":"TestSubscriptionShapeReasonContract/CI-DT-05-lawful","Output":"        }\n"}
{"Time":"2026-09-17T16:11:54.271841414+03:00","Action":"output","Package":"github.com/PRO-Robotech/kacho/internal/repohygiene","Test":"TestSubscriptionShapeReasonContract/CI-DT-05-lawful","Output":"        \n"}
{"Time":"2026-09-17T16:11:54.271849729+03:00","Action":"output","Package":"github.com/PRO-Robotech/kacho/internal/repohygiene","Test":"TestSubscriptionShapeReasonContract/CI-DT-05-lawful","Output":"        // SubscriptionOpened — служебное первое сообщение.\n"}
{"Time":"2026-09-17T16:11:54.271853576+03:00","Action":"output","Package":"github.com/PRO-Robotech/kacho/internal/repohygiene","Test":"TestSubscriptionShapeReasonContract/CI-DT-05-lawful","Output":"        message SubscriptionOpened {\n"}
{"Time":"2026-09-17T16:11:54.271861962+03:00","Action":"output","Package":"github.com/PRO-Robotech/kacho/internal/repohygiene","Test":"TestSubscriptionShapeReasonContract/CI-DT-05-lawful","Output":"          string position = 1;\n"}
{"Time":"2026-09-17T16:11:54.271865669+03:00","Action":"output","Package":"github.com/PRO-Robotech/kacho/internal/repohygiene","Test":"TestSubscriptionShapeReasonContract/CI-DT-05-lawful","Output":"          bool caught_up = 2;\n"}
{"Time":"2026-09-17T16:11:54.271869246+03:00","Action":"output","Package":"github.com/PRO-Robotech/kacho/internal/repohygiene","Test":"TestSubscriptionShapeReasonContract/CI-DT-05-lawful","Output":"          repeated string honored_filters = 3;\n"}
{"Time":"2026-09-17T16:11:54.271872963+03:00","Action":"output","Package":"github.com/PRO-Robotech/kacho/internal/repohygiene","Test":"TestSubscriptionShapeReasonContract/CI-DT-05-lawful","Output":"          string earliest_resumable_position = 4;\n"}
{"Time":"2026-09-17T16:11:54.27187659+03:00","Action":"output","Package":"github.com/PRO-Robotech/kacho/internal/repohygiene","Test":"TestSubscriptionShapeReasonContract/CI-DT-05-lawful","Output":"          bool retains_everything = 5;\n"}
{"Time":"2026-09-17T16:11:54.271879896+03:00","Action":"output","Package":"github.com/PRO-Robotech/kacho/internal/repohygiene","Test":"TestSubscriptionShapeReasonContract/CI-DT-05-lawful","Output":"        }\n"}
{"Time":"2026-09-17T16:11:54.271883903+03:00","Action":"output","Package":"github.com/PRO-Robotech/kacho/internal/repohygiene","Test":"TestSubscriptionShapeReasonContract/CI-DT-05-lawful","Output":"        \n"}
{"Time":"2026-09-17T16:11:54.27188734+03:00","Action":"output","Package":"github.com/PRO-Robotech/kacho/internal/repohygiene","Test":"TestSubscriptionShapeReasonContract/CI-DT-05-lawful","Output":"        // SubscriptionEvent — оболочка события.\n"}
{"Time":"2026-09-17T16:11:54.271891187+03:00","Action":"output","Package":"github.com/PRO-Robotech/kacho/internal/repohygiene","Test":"TestSubscriptionShapeReasonContract/CI-DT-05-lawful","Output":"        message SubscriptionEvent {\n"}
{"Time":"2026-09-17T16:11:54.271894694+03:00","Action":"output","Package":"github.com/PRO-Robotech/kacho/internal/repohygiene","Test":"TestSubscriptionShapeReasonContract/CI-DT-05-lawful","Output":"          // StateUnavailable — вторая ветвь носителя.\n"}
{"Time":"2026-09-17T16:11:54.271903079+03:00","Action":"output","Package":"github.com/PRO-Robotech/kacho/internal/repohygiene","Test":"TestSubscriptionShapeReasonContract/CI-DT-05-lawful","Output":"          message StateUnavailable {\n"}
{"Time":"2026-09-17T16:11:54.271907348+03:00","Action":"output","Package":"github.com/PRO-Robotech/kacho/internal/repohygiene","Test":"TestSubscriptionShapeReasonContract/CI-DT-05-lawful","Output":"            // reason — почему состояния нет. Это НЕ причина остановки потока.\n"}
{"Time":"2026-09-17T16:11:54.271911816+03:00","Action":"output","Package":"github.com/PRO-Robotech/kacho/internal/repohygiene","Test":"TestSubscriptionShapeReasonContract/CI-DT-05-lawful","Output":"            string reason = 1;\n"}
{"Time":"2026-09-17T16:11:54.271915262+03:00","Action":"output","Package":"github.com/PRO-Robotech/kacho/internal/repohygiene","Test":"TestSubscriptionShapeReasonContract/CI-DT-05-lawful","Output":"          }\n"}
{"Time":"2026-09-17T16:11:54.271921384+03:00","Action":"output","Package":"github.com/PRO-Robotech/kacho/internal/repohygiene","Test":"TestSubscriptionShapeReasonContract/CI-DT-05-lawful","Output":"        \n"}
{"Time":"2026-09-17T16:11:54.271925131+03:00","Action":"output","Package":"github.com/PRO-Robotech/kacho/internal/repohygiene","Test":"TestSubscriptionShapeReasonContract/CI-DT-05-lawful","Output":"          string position = 1;\n"}
{"Time":"2026-09-17T16:11:54.271928427+03:00","Action":"output","Package":"github.com/PRO-Robotech/kacho/internal/repohygiene","Test":"TestSubscriptionShapeReasonContract/CI-DT-05-lawful","Output":"          string kind = 2;\n"}
{"Time":"2026-09-17T16:11:54.271931904+03:00","Action":"output","Package":"github.com/PRO-Robotech/kacho/internal/repohygiene","Test":"TestSubscriptionShapeReasonContract/CI-DT-05-lawful","Output":"          string resource_id = 3;\n"}
{"Time":"2026-09-17T16:11:54.271936693+03:00","Action":"cont","Package":"github.com/PRO-Robotech/kacho/internal/repohygiene","Test":"TestGRPCMountParity_AStaleAllowIsItselfAFinding"}
{"Time":"2026-09-17T16:11:54.271944257+03:00","Action":"output","Package":"github.com/PRO-Robotech/kacho/internal/repohygiene","Test":"TestGRPCMountParity_AStaleAllowIsItselfAFinding","Output":"=== CONT  TestGRPCMountParity_AStaleAllowIsItselfAFinding\n"}
{"Time":"2026-09-17T16:11:54.271949907+03:00","Action":"cont","Package":"github.com/PRO-Robotech/kacho/internal/repohygiene","Test":"TestGRPCMountParity_SeesAnUnmountedServiceAsUnmounted"}
{"Time":"2026-09-17T16:11:54.271957151+03:00","Action":"output","Package":"github.com/PRO-Robotech/kacho/internal/repohygiene","Test":"TestGRPCMountParity_SeesAnUnmountedServiceAsUnmounted","Output":"=== CONT  TestGRPCMountParity_SeesAnUnmountedServiceAsUnmounted\n"}
{"Time":"2026-09-17T16:11:54.27196212+03:00","Action":"run","Package":"github.com/PRO-Robotech/kacho/internal/repohygiene","Test":"TestGRPCMountParity_AnAllowForAnUnownedPackageIsOutOfSubject/запись_про_сервис_невладеемого_пакета_—_молчание_и_перепись"}
{"Time":"2026-09-17T16:11:54.271970807+03:00","Action":"output","Package":"github.com/PRO-Robotech/kacho/internal/repohygiene","Test":"TestGRPCMountParity_AnAllowForAnUnownedPackageIsOutOfSubject/запись_про_сервис_невладеемого_пакета_—_молчание_и_перепись","Output":"=== RUN   TestGRPCMountParity_AnAllowForAnUnownedPackageIsOutOfSubject/запись_про_сервис_невладеемого_пакета_—_молчание_и_перепись\n"}
{"Time":"2026-09-17T16:11:54.27205257+03:00","Action":"cont","Package":"github.com/PRO-Robotech/kacho/internal/repohygiene","Test":"TestSubscriptionShapeHorizonCanFail"}
{"Time":"2026-09-17T16:11:54.272060816+03:00","Action":"output","Package":"github.com/PRO-Robotech/kacho/internal/repohygiene","Test":"TestSubscriptionShapeHorizonCanFail","Output":"=== CONT  TestSubscriptionShapeHorizonCanFail\n"}
{"Time":"2026-09-17T16:11:54.272614626+03:00","Action":"run","Package":"github.com/PRO-Robotech/kacho/internal/repohygiene","Test":"TestSubscriptionShapeHorizonCanFail/поля_горизонта_нет_—_находка"}
{"Time":"2026-09-17T16:11:54.272623763+03:00","Action":"output","Package":"github.com/PRO-Robotech/kacho/internal/repohygiene","Test":"TestSubscriptionShapeHorizonCanFail/поля_горизонта_нет_—_находка","Output":"=== RUN   TestSubscriptionShapeHorizonCanFail/поля_горизонта_нет_—_находка\n"}
{"Time":"2026-09-17T16:11:54.272742927+03:00","Action":"cont","Package":"github.com/PRO-Robotech/kacho/internal/repohygiene","Test":"TestSubscriptionFormShape"}
{"Time":"2026-09-17T16:11:54.272747095+03:00","Action":"output","Package":"github.com/PRO-Robotech/kacho/internal/repohygiene","Test":"TestSubscriptionFormShape","Output":"=== CONT  TestSubscriptionFormShape\n"}
{"Time":"2026-09-17T16:11:54.27294137+03:00","Action":"cont","Package":"github.com/PRO-Robotech/kacho/internal/repohygiene","Test":"TestSubscriptionShapeRefusesAnEmptyRead"}
{"Time":"2026-09-17T16:11:54.272945869+03:00","Action":"output","Package":"github.com/PRO-Robotech/kacho/internal/repohygiene","Test":"TestSubscriptionShapeRefusesAnEmptyRead","Output":"=== CONT  TestSubscriptionShapeRefusesAnEmptyRead\n"}
{"Time":"2026-09-17T16:11:54.272949425+03:00","Action":"cont","Package":"github.com/PRO-Robotech/kacho/internal/repohygiene","Test":"TestSubscriptionShapeOwnerVocabularyCanFail"}
{"Time":"2026-09-17T16:11:54.27295188+03:00","Action":"output","Package":"github.com/PRO-Robotech/kacho/internal/repohygiene","Test":"TestSubscriptionShapeOwnerVocabularyCanFail","Output":"=== CONT  TestSubscriptionShapeOwnerVocabularyCanFail\n"}
{"Time":"2026-09-17T16:11:54.272954916+03:00","Action":"cont","Package":"github.com/PRO-Robotech/kacho/internal/repohygiene","Test":"TestSubscriptionShapePerimeterCanFail"}
{"Time":"2026-09-17T16:11:54.27295713+03:00","Action":"output","Package":"github.com/PRO-Robotech/kacho/internal/repohygiene","Test":"TestSubscriptionShapePerimeterCanFail","Output":"=== CONT  TestSubscriptionShapePerimeterCanFail\n"}
{"Time":"2026-09-17T16:11:54.272959805+03:00","Action":"cont","Package":"github.com/PRO-Robotech/kacho/internal/repohygiene","Test":"TestSubscriptionShapeStopReasonCanFail"}
{"Time":"2026-09-17T16:11:54.272961939+03:00","Action":"output","Package":"github.com/PRO-Robotech/kacho/internal/repohygiene","Test":"TestSubscriptionShapeStopReasonCanFail","Output":"=== CONT  TestSubscriptionShapeStopReasonCanFail\n"}
{"Time":"2026-09-17T16:11:54.272964263+03:00","Action":"cont","Package":"github.com/PRO-Robotech/kacho/internal/repohygiene","Test":"TestSubscriptionShapeAnchorCanFail"}
{"Time":"2026-09-17T16:11:54.272966307+03:00","Action":"output","Package":"github.com/PRO-Robotech/kacho/internal/repohygiene","Test":"TestSubscriptionShapeAnchorCanFail","Output":"=== CONT  TestSubscriptionShapeAnchorCanFail\n"}
{"Time":"2026-09-17T16:11:54.272970415+03:00","Action":"cont","Package":"github.com/PRO-Robotech/kacho/internal/repohygiene","Test":"TestCatalogReachability_RedOnAServiceTheContractDoesNotHave"}
{"Time":"2026-09-17T16:11:54.272974031+03:00","Action":"output","Package":"github.com/PRO-Robotech/kacho/internal/repohygiene","Test":"TestCatalogReachability_RedOnAServiceTheContractDoesNotHave","Output":"=== CONT  TestCatalogReachability_RedOnAServiceTheContractDoesNotHave\n"}
{"Time":"2026-09-17T16:11:54.272976676+03:00","Action":"cont","Package":"github.com/PRO-Robotech/kacho/internal/repohygiene","Test":"TestSubscriptionShapeAxisLedgerCanFail"}
{"Time":"2026-09-17T16:11:54.27297871+03:00","Action":"output","Package":"github.com/PRO-Robotech/kacho/internal/repohygiene","Test":"TestSubscriptionShapeAxisLedgerCanFail","Output":"=== CONT  TestSubscriptionShapeAxisLedgerCanFail\n"}
{"Time":"2026-09-17T16:11:54.272981065+03:00","Action":"cont","Package":"github.com/PRO-Robotech/kacho/internal/repohygiene","Test":"TestSubscriptionShapeAbsentAxisCanFail"}
{"Time":"2026-09-17T16:11:54.272983209+03:00","Action":"output","Package":"github.com/PRO-Robotech/kacho/internal/repohygiene","Test":"TestSubscriptionShapeAbsentAxisCanFail","Output":"=== CONT  TestSubscriptionShapeAbsentAxisCanFail\n"}
{"Time":"2026-09-17T16:11:54.272985784+03:00","Action":"cont","Package":"github.com/PRO-Robotech/kacho/internal/repohygiene","Test":"TestCatalogReachability_InertRowsAreExactlyTheAllowedServices"}
{"Time":"2026-09-17T16:11:54.272987968+03:00","Action":"output","Package":"github.com/PRO-Robotech/kacho/internal/repohygiene","Test":"TestCatalogReachability_InertRowsAreExactlyTheAllowedServices","Output":"=== CONT  TestCatalogReachability_InertRowsAreExactlyTheAllowedServices\n"}
{"Time":"2026-09-17T16:11:54.272997125+03:00","Action":"cont","Package":"github.com/PRO-Robotech/kacho/internal/repohygiene","Test":"TestSubscriptionShapeStandIsCleanBeforeInjection"}
{"Time":"2026-09-17T16:11:54.272999269+03:00","Action":"output","Package":"github.com/PRO-Robotech/kacho/internal/repohygiene","Test":"TestSubscriptionShapeStandIsCleanBeforeInjection","Output":"=== CONT  TestSubscriptionShapeStandIsCleanBeforeInjection\n"}
{"Time":"2026-09-17T16:11:54.273003006+03:00","Action":"cont","Package":"github.com/PRO-Robotech/kacho/internal/repohygiene","Test":"TestSubscriptionShapeUnsetOutcomeCanFail"}
{"Time":"2026-09-17T16:11:54.27300524+03:00","Action":"output","Package":"github.com/PRO-Robotech/kacho/internal/repohygiene","Test":"TestSubscriptionShapeUnsetOutcomeCanFail","Output":"=== CONT  TestSubscriptionShapeUnsetOutcomeCanFail\n"}
{"Time":"2026-09-17T16:11:54.273101631+03:00","Action":"output","Package":"github.com/PRO-Robotech/kacho/internal/repohygiene","Test":"TestGRPCMountParity_AnAllowForAnUnownedPackageIsOutOfSubject/запись_про_сервис_невладеемого_пакета_—_молчание_и_перепись","Output":"--- PASS: TestGRPCMountParity_AnAllowForAnUnownedPackageIsOutOfSubject/запись_про_сервис_невладеемого_пакета_—_молчание_и_перепись (0.00s)\n"}
{"Time":"2026-09-17T16:11:54.273114966+03:00","Action":"pass","Package":"github.com/PRO-Robotech/kacho/internal/repohygiene","Test":"TestGRPCMountParity_AnAllowForAnUnownedPackageIsOutOfSubject/запись_про_сервис_невладеемого_пакета_—_молчание_и_перепись","Elapsed":0}
{"Time":"2026-09-17T16:11:54.273119395+03:00","Action":"run","Package":"github.com/PRO-Robotech/kacho/internal/repohygiene","Test":"TestSubscriptionShapeCategoryMarkCanFail/признак_не_проставлен_—_краснеет_с_координатой"}
{"Time":"2026-09-17T16:11:54.27312239+03:00","Action":"output","Package":"github.com/PRO-Robotech/kacho/internal/repohygiene","Test":"TestSubscriptionShapeCategoryMarkCanFail/признак_не_проставлен_—_краснеет_с_координатой","Output":"=== RUN   TestSubscriptionShapeCategoryMarkCanFail/признак_не_проставлен_—_краснеет_с_координатой\n"}
{"Time":"2026-09-17T16:11:54.273128141+03:00","Action":"run","Package":"github.com/PRO-Robotech/kacho/internal/repohygiene","Test":"TestSubscriptionShapeCarrierCanFail/носитель_не_ветвление_—_находка"}
{"Time":"2026-09-17T16:11:54.273130846+03:00","Action":"output","Package":"github.com/PRO-Robotech/kacho/internal/repohygiene","Test":"TestSubscriptionShapeCarrierCanFail/носитель_не_ветвление_—_находка","Output":"=== RUN   TestSubscriptionShapeCarrierCanFail/носитель_не_ветвление_—_находка\n"}
{"Time":"2026-09-17T16:11:54.273657796+03:00","Action":"output","Package":"github.com/PRO-Robotech/kacho/internal/repohygiene","Test":"TestSubscriptionShapeReasonContract/CI-DT-05-lawful","Output":"          // project_id — авторизуемый якорь, поле ОБОЛОЧКИ.\n"}
{"Time":"2026-09-17T16:11:54.273661884+03:00","Action":"cont","Package":"github.com/PRO-Robotech/kacho/internal/repohygiene","Test":"TestGRPCMountParity_ReadsTheImportAliasAndNotThePathTail"}
{"Time":"2026-09-17T16:11:54.273664128+03:00","Action":"output","Package":"github.com/PRO-Robotech/kacho/internal/repohygiene","Test":"TestGRPCMountParity_ReadsTheImportAliasAndNotThePathTail","Output":"=== CONT  TestGRPCMountParity_ReadsTheImportAliasAndNotThePathTail\n"}
{"Time":"2026-09-17T16:11:54.273668556+03:00","Action":"output","Package":"github.com/PRO-Robotech/kacho/internal/repohygiene","Test":"TestGRPCMountParity_EmptySubjectIsAnError","Output":"--- PASS: TestGRPCMountParity_EmptySubjectIsAnError (0.00s)\n"}
{"Time":"2026-09-17T16:11:54.273671472+03:00","Action":"pass","Package":"github.com/PRO-Robotech/kacho/internal/repohygiene","Test":"TestGRPCMountParity_EmptySubjectIsAnError","Elapsed":0}
{"Time":"2026-09-17T16:11:54.273674017+03:00","Action":"output","Package":"github.com/PRO-Robotech/kacho/internal/repohygiene","Test":"TestSubscriptionShapeMissingMessageCanFail/служебного_сообщения_нет_—_находка","Output":"    subscriptionformshape_injection_test.go:729: missing-message proto/corelib/subscription/subscription.proto — форма обязана объявлять сообщение SubscriptionOpened, а его в контракте нет: часть утверждений ниже проверить не на чем\n"}
{"Time":"2026-09-17T16:11:54.273677724+03:00","Action":"run","Package":"github.com/PRO-Robotech/kacho/internal/repohygiene","Test":"TestSubscriptionShapeAnchorCanFail/якоря_в_оболочке_нет_—_находка"}
{"Time":"2026-09-17T16:11:54.273679878+03:00","Action":"output","Package":"github.com/PRO-Robotech/kacho/internal/repohygiene","Test":"TestSubscriptionShapeAnchorCanFail/якоря_в_оболочке_нет_—_находка","Output":"=== RUN   TestSubscriptionShapeAnchorCanFail/якоря_в_оболочке_нет_—_находка\n"}
{"Time":"2026-09-17T16:11:54.27372387+03:00","Action":"output","Package":"github.com/PRO-Robotech/kacho/internal/repohygiene","Test":"TestSubscriptionShapeHorizonCanFail/поля_горизонта_нет_—_находка","Output":"    subscriptionformshape_injection_test.go:525: перепись: proto/corelib/subscription/subscription.proto — строк 68, типов 5 (верхнего уровня 4), полей 16 (осей 3), значений перечислений 3; утверждений проверено 44; находок 1\n"}
{"Time":"2026-09-17T16:11:54.273802448+03:00","Action":"output","Package":"github.com/PRO-Robotech/kacho/internal/repohygiene","Test":"TestSubscriptionShapeReasonContract/CI-DT-05-lawful","Output":"          string project_id = 4;\n"}
{"Time":"2026-09-17T16:11:54.273812958+03:00","Action":"output","Package":"github.com/PRO-Robotech/kacho/internal/repohygiene","Test":"TestSubscriptionShapeReasonContract/CI-DT-05-lawful","Output":"        \n"}
{"Time":"2026-09-17T16:11:54.273817236+03:00","Action":"output","Package":"github.com/PRO-Robotech/kacho/internal/repohygiene","Test":"TestSubscriptionShapeReasonContract/CI-DT-05-lawful","Output":"          oneof carrier {\n"}
{"Time":"2026-09-17T16:11:54.273821143+03:00","Action":"output","Package":"github.com/PRO-Robotech/kacho/internal/repohygiene","Test":"TestSubscriptionShapeReasonContract/CI-DT-05-lawful","Output":"            google.protobuf.Any state = 10;\n"}
{"Time":"2026-09-17T16:11:54.273825431+03:00","Action":"output","Package":"github.com/PRO-Robotech/kacho/internal/repohygiene","Test":"TestSubscriptionShapeReasonContract/CI-DT-05-lawful","Output":"            StateUnavailable state_unavailable = 11;\n"}
{"Time":"2026-09-17T16:11:54.273829328+03:00","Action":"output","Package":"github.com/PRO-Robotech/kacho/internal/repohygiene","Test":"TestSubscriptionShapeReasonContract/CI-DT-05-lawful","Output":"          }\n"}
{"Time":"2026-09-17T16:11:54.273832925+03:00","Action":"output","Package":"github.com/PRO-Robotech/kacho/internal/repohygiene","Test":"TestSubscriptionShapeReasonContract/CI-DT-05-lawful","Output":"        }\n"}
{"Time":"2026-09-17T16:11:54.273836502+03:00","Action":"output","Package":"github.com/PRO-Robotech/kacho/internal/repohygiene","Test":"TestSubscriptionShapeReasonContract/CI-DT-05-lawful","Output":"        \n"}
{"Time":"2026-09-17T16:11:54.273840189+03:00","Action":"output","Package":"github.com/PRO-Robotech/kacho/internal/repohygiene","Test":"TestSubscriptionShapeReasonContract/CI-DT-05-lawful","Output":"        \n"}
{"Time":"2026-09-17T16:11:54.273850168+03:00","Action":"output","Package":"github.com/PRO-Robotech/kacho/internal/repohygiene","Test":"TestCatalogReachability_EmptyCatalogIsAnError","Output":"--- PASS: TestCatalogReachability_EmptyCatalogIsAnError (0.00s)\n"}
{"Time":"2026-09-17T16:11:54.2738569+03:00","Action":"pass","Package":"github.com/PRO-Robotech/kacho/internal/repohygiene","Test":"TestCatalogReachability_EmptyCatalogIsAnError","Elapsed":0}
{"Time":"2026-09-17T16:11:54.273874433+03:00","Action":"run","Package":"github.com/PRO-Robotech/kacho/internal/repohygiene","Test":"TestGRPCMountParity_AnAllowForAnUnownedPackageIsOutOfSubject/та_же_запись_СТАНОВИТСЯ_находкой,_как_только_пакетом_начинают_владеть"}
{"Time":"2026-09-17T16:11:54.273879483+03:00","Action":"output","Package":"github.com/PRO-Robotech/kacho/internal/repohygiene","Test":"TestGRPCMountParity_AnAllowForAnUnownedPackageIsOutOfSubject/та_же_запись_СТАНОВИТСЯ_находкой,_как_только_пакетом_начинают_владеть","Output":"=== RUN   TestGRPCMountParity_AnAllowForAnUnownedPackageIsOutOfSubject/та_же_запись_СТАНОВИТСЯ_находкой,_как_только_пакетом_начинают_владеть\n"}
{"Time":"2026-09-17T16:11:54.274388529+03:00","Action":"run","Package":"github.com/PRO-Robotech/kacho/internal/repohygiene","Test":"TestGRPCMountParity_AStaleAllowIsItselfAFinding/сервис_смонтирован"}
{"Time":"2026-09-17T16:11:54.274396614+03:00","Action":"output","Package":"github.com/PRO-Robotech/kacho/internal/repohygiene","Test":"TestGRPCMountParity_AStaleAllowIsItselfAFinding/сервис_смонтирован","Output":"=== RUN   TestGRPCMountParity_AStaleAllowIsItselfAFinding/сервис_смонтирован\n"}
{"Time":"2026-09-17T16:11:54.274403187+03:00","Action":"output","Package":"github.com/PRO-Robotech/kacho/internal/repohygiene","Test":"TestSubscriptionFormShape","Output":"    subscriptionformshape_test.go:125: перепись: proto/corelib/subscription/subscription.proto — строк 480, типов 7 (верхнего уровня 4), полей 19 (осей 3), значений перечислений 12; утверждений проверено 46; находок 0\n"}
{"Time":"2026-09-17T16:11:54.274411152+03:00","Action":"output","Package":"github.com/PRO-Robotech/kacho/internal/repohygiene","Test":"TestSubscriptionFormShape","Output":"--- PASS: TestSubscriptionFormShape (0.00s)\n"}
{"Time":"2026-09-17T16:11:54.27441534+03:00","Action":"pass","Package":"github.com/PRO-Robotech/kacho/internal/repohygiene","Test":"TestSubscriptionFormShape","Elapsed":0}
{"Time":"2026-09-17T16:11:54.274418656+03:00","Action":"run","Package":"github.com/PRO-Robotech/kacho/internal/repohygiene","Test":"TestSubscriptionShapeAbsentAxisCanFail/объявленная_отсутствующей_ось_ЗАВЕДЕНА_—_находка"}
{"Time":"2026-09-17T16:11:54.274425298+03:00","Action":"output","Package":"github.com/PRO-Robotech/kacho/internal/repohygiene","Test":"TestSubscriptionShapeAbsentAxisCanFail/объявленная_отсутствующей_ось_ЗАВЕДЕНА_—_находка","Output":"=== RUN   TestSubscriptionShapeAbsentAxisCanFail/объявленная_отсутствующей_ось_ЗАВЕДЕНА_—_находка\n"}
{"Time":"2026-09-17T16:11:54.274430989+03:00","Action":"run","Package":"github.com/PRO-Robotech/kacho/internal/repohygiene","Test":"TestSubscriptionShapeAxisLedgerCanFail/поле_вне_перечня_—_краснеет_и_называет_ПОЛЕ"}
{"Time":"2026-09-17T16:11:54.274435177+03:00","Action":"output","Package":"github.com/PRO-Robotech/kacho/internal/repohygiene","Test":"TestSubscriptionShapeAxisLedgerCanFail/поле_вне_перечня_—_краснеет_и_называет_ПОЛЕ","Output":"=== RUN   TestSubscriptionShapeAxisLedgerCanFail/поле_вне_перечня_—_краснеет_и_называет_ПОЛЕ\n"}
{"Time":"2026-09-17T16:11:54.274441018+03:00","Action":"output","Package":"github.com/PRO-Robotech/kacho/internal/repohygiene","Test":"TestSubscriptionShapeStandIsCleanBeforeInjection","Output":"    subscriptionformshape_injection_test.go:246: перепись: proto/corelib/subscription/subscription.proto — строк 69, типов 5 (верхнего уровня 4), полей 17 (осей 3), значений перечислений 3; утверждений проверено 44; находок 0\n"}
{"Time":"2026-09-17T16:11:54.274446969+03:00","Action":"run","Package":"github.com/PRO-Robotech/kacho/internal/repohygiene","Test":"TestSubscriptionShapeUnsetOutcomeCanFail/исход_не_назван_—_находка"}
{"Time":"2026-09-17T16:11:54.274450285+03:00","Action":"output","Package":"github.com/PRO-Robotech/kacho/internal/repohygiene","Test":"TestSubscriptionShapeUnsetOutcomeCanFail/исход_не_назван_—_находка","Output":"=== RUN   TestSubscriptionShapeUnsetOutcomeCanFail/исход_не_назван_—_находка\n"}
{"Time":"2026-09-17T16:11:54.274456717+03:00","Action":"output","Package":"github.com/PRO-Robotech/kacho/internal/repohygiene","Test":"TestSubscriptionShapeReasonContract/CI-DT-05-lawful","Output":"--- PASS: TestSubscriptionShapeReasonContract/CI-DT-05-lawful (0.00s)\n"}
{"Time":"2026-09-17T16:11:54.274460144+03:00","Action":"pass","Package":"github.com/PRO-Robotech/kacho/internal/repohygiene","Test":"TestSubscriptionShapeReasonContract/CI-DT-05-lawful","Elapsed":0}
{"Time":"2026-09-17T16:11:54.274464352+03:00","Action":"output","Package":"github.com/PRO-Robotech/kacho/internal/repohygiene","Test":"TestSubscriptionShapeHorizonCanFail/поля_горизонта_нет_—_находка","Output":"--- PASS: TestSubscriptionShapeHorizonCanFail/поля_горизонта_нет_—_находка (0.00s)\n"}
{"Time":"2026-09-17T16:11:54.27446887+03:00","Action":"pass","Package":"github.com/PRO-Robotech/kacho/internal/repohygiene","Test":"TestSubscriptionShapeHorizonCanFail/поля_горизонта_нет_—_находка","Elapsed":0}
{"Time":"2026-09-17T16:11:54.274476715+03:00","Action":"run","Package":"github.com/PRO-Robotech/kacho/internal/repohygiene","Test":"TestSubscriptionShapeReasonContract/CI-DT-03-without-oneof"}
{"Time":"2026-09-17T16:11:54.274480502+03:00","Action":"output","Package":"github.com/PRO-Robotech/kacho/internal/repohygiene","Test":"TestSubscriptionShapeReasonContract/CI-DT-03-without-oneof","Output":"=== RUN   TestSubscriptionShapeReasonContract/CI-DT-03-without-oneof\n"}
{"Time":"2026-09-17T16:11:54.274762211+03:00","Action":"run","Package":"github.com/PRO-Robotech/kacho/internal/repohygiene","Test":"TestSubscriptionShapeRefusesAnEmptyRead/контракта_нет"}
{"Time":"2026-09-17T16:11:54.27477245+03:00","Action":"output","Package":"github.com/PRO-Robotech/kacho/internal/repohygiene","Test":"TestSubscriptionShapeRefusesAnEmptyRead/контракта_нет","Output":"=== RUN   TestSubscriptionShapeRefusesAnEmptyRead/контракта_нет\n"}
{"Time":"2026-09-17T16:11:54.274777209+03:00","Action":"run","Package":"github.com/PRO-Robotech/kacho/internal/repohygiene","Test":"TestSubscriptionShapeStopReasonCanFail/причина_остановки_полем_события_—_находка"}
{"Time":"2026-09-17T16:11:54.274780956+03:00","Action":"output","Package":"github.com/PRO-Robotech/kacho/internal/repohygiene","Test":"TestSubscriptionShapeStopReasonCanFail/причина_остановки_полем_события_—_находка","Output":"=== RUN   TestSubscriptionShapeStopReasonCanFail/причина_остановки_полем_события_—_находка\n"}
{"Time":"2026-09-17T16:11:54.274786066+03:00","Action":"run","Package":"github.com/PRO-Robotech/kacho/internal/repohygiene","Test":"TestSubscriptionShapeOwnerVocabularyCanFail/словарь_закрыт_контрактом_—_находка"}
{"Time":"2026-09-17T16:11:54.274789993+03:00","Action":"output","Package":"github.com/PRO-Robotech/kacho/internal/repohygiene","Test":"TestSubscriptionShapeOwnerVocabularyCanFail/словарь_закрыт_контрактом_—_находка","Output":"=== RUN   TestSubscriptionShapeOwnerVocabularyCanFail/словарь_закрыт_контрактом_—_находка\n"}
{"Time":"2026-09-17T16:11:54.274830469+03:00","Action":"output","Package":"github.com/PRO-Robotech/kacho/internal/repohygiene","Test":"TestSubscriptionShapeCarrierCanFail/носитель_не_ветвление_—_находка","Output":"    subscriptionformshape_injection_test.go:428: перепись: proto/corelib/subscription/subscription.proto — строк 67, типов 5 (верхнего уровня 4), полей 17 (осей 3), значений перечислений 3; утверждений проверено 41; находок 1\n"}
{"Time":"2026-09-17T16:11:54.274866908+03:00","Action":"output","Package":"github.com/PRO-Robotech/kacho/internal/repohygiene","Test":"TestGRPCMountParity_AStaleAllowIsItselfAFinding/сервис_смонтирован","Output":"--- PASS: TestGRPCMountParity_AStaleAllowIsItselfAFinding/сервис_смонтирован (0.00s)\n"}
{"Time":"2026-09-17T16:11:54.274886885+03:00","Action":"pass","Package":"github.com/PRO-Robotech/kacho/internal/repohygiene","Test":"TestGRPCMountParity_AStaleAllowIsItselfAFinding/сервис_смонтирован","Elapsed":0}
{"Time":"2026-09-17T16:11:54.274902775+03:00","Action":"output","Package":"github.com/PRO-Robotech/kacho/internal/repohygiene","Test":"TestSubscriptionShapeAbsentAxisCanFail/объявленная_отсутствующей_ось_ЗАВЕДЕНА_—_находка","Output":"    subscriptionformshape_injection_test.go:352: перепись: proto/corelib/subscription/subscription.proto — строк 72, типов 5 (верхнего уровня 4), полей 18 (осей 4), значений перечислений 3; утверждений проверено 47; находок 1\n"}
{"Time":"2026-09-17T16:11:54.274941798+03:00","Action":"output","Package":"github.com/PRO-Robotech/kacho/internal/repohygiene","Test":"TestSubscriptionShapeMissingMessageCanFail/служебного_сообщения_нет_—_находка","Output":"--- PASS: TestSubscriptionShapeMissingMessageCanFail/служебного_сообщения_нет_—_находка (0.00s)\n"}
{"Time":"2026-09-17T16:11:54.274967797+03:00","Action":"pass","Package":"github.com/PRO-Robotech/kacho/internal/repohygiene","Test":"TestSubscriptionShapeMissingMessageCanFail/служебного_сообщения_нет_—_находка","Elapsed":0}
{"Time":"2026-09-17T16:11:54.274975772+03:00","Action":"output","Package":"github.com/PRO-Robotech/kacho/internal/repohygiene","Test":"TestCatalogReachability_RedOnAMethodTheContractDoesNotHave","Output":"--- PASS: TestCatalogReachability_RedOnAMethodTheContractDoesNotHave (0.00s)\n"}
{"Time":"2026-09-17T16:11:54.274982465+03:00","Action":"pass","Package":"github.com/PRO-Robotech/kacho/internal/repohygiene","Test":"TestCatalogReachability_RedOnAMethodTheContractDoesNotHave","Elapsed":0}
{"Time":"2026-09-17T16:11:54.274988897+03:00","Action":"output","Package":"github.com/PRO-Robotech/kacho/internal/repohygiene","Test":"TestSubscriptionShapeCategoryMarkCanFail/признак_не_проставлен_—_краснеет_с_координатой","Output":"    subscriptionformshape_injection_test.go:312: перепись: proto/corelib/subscription/subscription.proto — строк 69, типов 5 (верхнего уровня 4), полей 17 (осей 3), значений перечислений 3; утверждений проверено 44; находок 1\n"}
{"Time":"2026-09-17T16:11:54.275016499+03:00","Action":"output","Package":"github.com/PRO-Robotech/kacho/internal/repohygiene","Test":"TestSubscriptionShapeCategoryMarkCanFail/признак_не_проставлен_—_краснеет_с_координатой","Output":"    subscriptionformshape_injection_test.go:317: axis-without-category proto/corelib/subscription/subscription.proto:24 — у оси `project_id` не проставлен признак категории. Категорий две: ЯКОРНАЯ — по ней принимается решение о показе, и исхода «названа, но не применена» у неё не существует; УДОБСТВА — доотбор на клиенте законен. Гейт требует, чтобы признак СТОЯЛ; верен ли выбор — смысл, а не синтаксис, и решается обзором\n"}
{"Time":"2026-09-17T16:11:54.275141734+03:00","Action":"output","Package":"github.com/PRO-Robotech/kacho/internal/repohygiene","Test":"TestSubscriptionShapeAnchorCanFail/якоря_в_оболочке_нет_—_находка","Output":"    subscriptionformshape_injection_test.go:484: перепись: proto/corelib/subscription/subscription.proto — строк 68, типов 5 (верхнего уровня 4), полей 16 (осей 3), значений перечислений 3; утверждений проверено 44; находок 1\n"}
{"Time":"2026-09-17T16:11:54.275152905+03:00","Action":"run","Package":"github.com/PRO-Robotech/kacho/internal/repohygiene","Test":"TestSubscriptionShapeHorizonCanFail/поля_горизонта_на_месте,_порядок_другой_—_молчание"}
{"Time":"2026-09-17T16:11:54.275159077+03:00","Action":"output","Package":"github.com/PRO-Robotech/kacho/internal/repohygiene","Test":"TestSubscriptionShapeHorizonCanFail/поля_горизонта_на_месте,_порядок_другой_—_молчание","Output":"=== RUN   TestSubscriptionShapeHorizonCanFail/поля_горизонта_на_месте,_порядок_другой_—_молчание\n"}
{"Time":"2026-09-17T16:11:54.275164717+03:00","Action":"run","Package":"github.com/PRO-Robotech/kacho/internal/repohygiene","Test":"TestSubscriptionShapePerimeterCanFail/объявлен_глагол_—_находка"}
{"Time":"2026-09-17T16:11:54.275168344+03:00","Action":"output","Package":"github.com/PRO-Robotech/kacho/internal/repohygiene","Test":"TestSubscriptionShapePerimeterCanFail/объявлен_глагол_—_находка","Output":"=== RUN   TestSubscriptionShapePerimeterCanFail/объявлен_глагол_—_находка\n"}
{"Time":"2026-09-17T16:11:54.275174245+03:00","Action":"output","Package":"github.com/PRO-Robotech/kacho/internal/repohygiene","Test":"TestSubscriptionShapeAxisLedgerCanFail/поле_вне_перечня_—_краснеет_и_называет_ПОЛЕ","Output":"    subscriptionformshape_injection_test.go:265: перепись: proto/corelib/subscription/subscription.proto — строк 72, типов 5 (верхнего уровня 4), полей 18 (осей 3), значений перечислений 3; утверждений проверено 45; находок 1\n"}
{"Time":"2026-09-17T16:11:54.275248775+03:00","Action":"output","Package":"github.com/PRO-Robotech/kacho/internal/repohygiene","Test":"TestSubscriptionShapeCarrierCanFail/носитель_не_ветвление_—_находка","Output":"--- PASS: TestSubscriptionShapeCarrierCanFail/носитель_не_ветвление_—_находка (0.00s)\n"}
{"Time":"2026-09-17T16:11:54.275274023+03:00","Action":"pass","Package":"github.com/PRO-Robotech/kacho/internal/repohygiene","Test":"TestSubscriptionShapeCarrierCanFail/носитель_не_ветвление_—_находка","Elapsed":0}
{"Time":"2026-09-17T16:11:54.275280354+03:00","Action":"output","Package":"github.com/PRO-Robotech/kacho/internal/repohygiene","Test":"TestSubscriptionShapeStandIsCleanBeforeInjection","Output":"--- PASS: TestSubscriptionShapeStandIsCleanBeforeInjection (0.00s)\n"}
{"Time":"2026-09-17T16:11:54.275287348+03:00","Action":"pass","Package":"github.com/PRO-Robotech/kacho/internal/repohygiene","Test":"TestSubscriptionShapeStandIsCleanBeforeInjection","Elapsed":0}
{"Time":"2026-09-17T16:11:54.275293599+03:00","Action":"output","Package":"github.com/PRO-Robotech/kacho/internal/repohygiene","Test":"TestSubscriptionShapeAxisLedgerCanFail/поле_вне_перечня_—_краснеет_и_называет_ПОЛЕ","Output":"    subscriptionformshape_injection_test.go:270: field-outside-the-ledger proto/corelib/subscription/subscription.proto:30 — поле `label_selector` запроса подписки не значится в закрытом перечне. Ось заводится не злым умыслом — «для удобства», — и следующий заведёт вторую. Перечень закрыт: добавь поле ВМЕСТЕ с записью, называющей роль и причину, и решение станет видимым на обзоре\n"}
{"Time":"2026-09-17T16:11:54.275303177+03:00","Action":"output","Package":"github.com/PRO-Robotech/kacho/internal/repohygiene","Test":"TestCatalogReachability_MethodsAreNotBorrowedBetweenDescriptors","Output":"--- PASS: TestCatalogReachability_MethodsAreNotBorrowedBetweenDescriptors (0.00s)\n"}
{"Time":"2026-09-17T16:11:54.275306053+03:00","Action":"pass","Package":"github.com/PRO-Robotech/kacho/internal/repohygiene","Test":"TestCatalogReachability_MethodsAreNotBorrowedBetweenDescriptors","Elapsed":0}
{"Time":"2026-09-17T16:11:54.275337853+03:00","Action":"run","Package":"github.com/PRO-Robotech/kacho/internal/repohygiene","Test":"TestGRPCMountParity_AStaleAllowIsItselfAFinding/сервиса_нет_в_контракте"}
{"Time":"2026-09-17T16:11:54.275343694+03:00","Action":"output","Package":"github.com/PRO-Robotech/kacho/internal/repohygiene","Test":"TestGRPCMountParity_AStaleAllowIsItselfAFinding/сервиса_нет_в_контракте","Output":"=== RUN   TestGRPCMountParity_AStaleAllowIsItselfAFinding/сервиса_нет_в_контракте\n"}
{"Time":"2026-09-17T16:11:54.275369873+03:00","Action":"output","Package":"github.com/PRO-Robotech/kacho/internal/repohygiene","Test":"TestCatalogReachability_SilentOnAServedMethod","Output":"--- PASS: TestCatalogReachability_SilentOnAServedMethod (0.00s)\n"}
{"Time":"2026-09-17T16:11:54.275378208+03:00","Action":"pass","Package":"github.com/PRO-Robotech/kacho/internal/repohygiene","Test":"TestCatalogReachability_SilentOnAServedMethod","Elapsed":0}
{"Time":"2026-09-17T16:11:54.27538968+03:00","Action":"output","Package":"github.com/PRO-Robotech/kacho/internal/repohygiene","Test":"TestCatalogReachability_RedOnAnUnmountedService","Output":"--- PASS: TestCatalogReachability_RedOnAnUnmountedService (0.00s)\n"}
{"Time":"2026-09-17T16:11:54.275394479+03:00","Action":"pass","Package":"github.com/PRO-Robotech/kacho/internal/repohygiene","Test":"TestCatalogReachability_RedOnAnUnmountedService","Elapsed":0}
{"Time":"2026-09-17T16:11:54.275398286+03:00","Action":"run","Package":"github.com/PRO-Robotech/kacho/internal/repohygiene","Test":"TestSubscriptionShapeMissingMessageCanFail/все_три_сообщения_на_месте,_порядок_другой_—_молчание"}
{"Time":"2026-09-17T16:11:54.275402304+03:00","Action":"output","Package":"github.com/PRO-Robotech/kacho/internal/repohygiene","Test":"TestSubscriptionShapeMissingMessageCanFail/все_три_сообщения_на_месте,_порядок_другой_—_молчание","Output":"=== RUN   TestSubscriptionShapeMissingMessageCanFail/все_три_сообщения_на_месте,_порядок_другой_—_молчание\n"}
{"Time":"2026-09-17T16:11:54.27541079+03:00","Action":"output","Package":"github.com/PRO-Robotech/kacho/internal/repohygiene","Test":"TestSubscriptionShapeAbsentAxisCanFail/объявленная_отсутствующей_ось_ЗАВЕДЕНА_—_находка","Output":"--- PASS: TestSubscriptionShapeAbsentAxisCanFail/объявленная_отсутствующей_ось_ЗАВЕДЕНА_—_находка (0.00s)\n"}
{"Time":"2026-09-17T16:11:54.275416741+03:00","Action":"pass","Package":"github.com/PRO-Robotech/kacho/internal/repohygiene","Test":"TestSubscriptionShapeAbsentAxisCanFail/объявленная_отсутствующей_ось_ЗАВЕДЕНА_—_находка","Elapsed":0}
{"Time":"2026-09-17T16:11:54.275462096+03:00","Action":"run","Package":"github.com/PRO-Robotech/kacho/internal/repohygiene","Test":"TestSubscriptionShapeCarrierCanFail/ветвей_три_—_находка"}
{"Time":"2026-09-17T16:11:54.275466855+03:00","Action":"output","Package":"github.com/PRO-Robotech/kacho/internal/repohygiene","Test":"TestSubscriptionShapeCarrierCanFail/ветвей_три_—_находка","Output":"=== RUN   TestSubscriptionShapeCarrierCanFail/ветвей_три_—_находка\n"}
{"Time":"2026-09-17T16:11:54.275480681+03:00","Action":"output","Package":"github.com/PRO-Robotech/kacho/internal/repohygiene","Test":"TestSubscriptionShapeReasonContract/CI-DT-03-without-oneof","Output":"    subscriptionreason_test.go:70: перепись: proto/corelib/subscription/subscription.proto — строк 67, типов 5 (верхнего уровня 4), полей 17 (осей 3), значений перечислений 3; утверждений проверено 41; находок 1\n"}
{"Time":"2026-09-17T16:11:54.27552821+03:00","Action":"output","Package":"github.com/PRO-Robotech/kacho/internal/repohygiene","Test":"TestSubscriptionShapeCategoryMarkCanFail/признак_не_проставлен_—_краснеет_с_координатой","Output":"--- PASS: TestSubscriptionShapeCategoryMarkCanFail/признак_не_проставлен_—_краснеет_с_координатой (0.00s)\n"}
{"Time":"2026-09-17T16:11:54.275539832+03:00","Action":"pass","Package":"github.com/PRO-Robotech/kacho/internal/repohygiene","Test":"TestSubscriptionShapeCategoryMarkCanFail/признак_не_проставлен_—_краснеет_с_координатой","Elapsed":0}
{"Time":"2026-09-17T16:11:54.275545523+03:00","Action":"output","Package":"github.com/PRO-Robotech/kacho/internal/repohygiene","Test":"TestSubscriptionShapeReasonContract/CI-DT-03-without-oneof","Output":"    subscriptionreason_test.go:71: дефектная форма:\n"}
{"Time":"2026-09-17T16:11:54.275552165+03:00","Action":"output","Package":"github.com/PRO-Robotech/kacho/internal/repohygiene","Test":"TestSubscriptionShapeReasonContract/CI-DT-03-without-oneof","Output":"        syntax = \"proto3\";\n"}
{"Time":"2026-09-17T16:11:54.275557405+03:00","Action":"output","Package":"github.com/PRO-Robotech/kacho/internal/repohygiene","Test":"TestSubscriptionShapeReasonContract/CI-DT-03-without-oneof","Output":"        \n"}
{"Time":"2026-09-17T16:11:54.275563647+03:00","Action":"output","Package":"github.com/PRO-Robotech/kacho/internal/repohygiene","Test":"TestSubscriptionShapeAnchorCanFail/якоря_в_оболочке_нет_—_находка","Output":"--- PASS: TestSubscriptionShapeAnchorCanFail/якоря_в_оболочке_нет_—_находка (0.00s)\n"}
{"Time":"2026-09-17T16:11:54.275569408+03:00","Action":"pass","Package":"github.com/PRO-Robotech/kacho/internal/repohygiene","Test":"TestSubscriptionShapeAnchorCanFail/якоря_в_оболочке_нет_—_находка","Elapsed":0}
{"Time":"2026-09-17T16:11:54.275575569+03:00","Action":"output","Package":"github.com/PRO-Robotech/kacho/internal/repohygiene","Test":"TestSubscriptionShapeReasonContract/CI-DT-03-without-oneof","Output":"        package corelib.subscription;\n"}
{"Time":"2026-09-17T16:11:54.275584165+03:00","Action":"output","Package":"github.com/PRO-Robotech/kacho/internal/repohygiene","Test":"TestSubscriptionShapeReasonContract/CI-DT-03-without-oneof","Output":"        \n"}
{"Time":"2026-09-17T16:11:54.275587993+03:00","Action":"output","Package":"github.com/PRO-Robotech/kacho/internal/repohygiene","Test":"TestSubscriptionShapeReasonContract/CI-DT-03-without-oneof","Output":"        import \"google/protobuf/any.proto\";\n"}
{"Time":"2026-09-17T16:11:54.27559199+03:00","Action":"output","Package":"github.com/PRO-Robotech/kacho/internal/repohygiene","Test":"TestSubscriptionShapeReasonContract/CI-DT-03-without-oneof","Output":"        \n"}
{"Time":"2026-09-17T16:11:54.275600195+03:00","Action":"output","Package":"github.com/PRO-Robotech/kacho/internal/repohygiene","Test":"TestSubscriptionShapeReasonContract/CI-DT-03-without-oneof","Output":"        // SubscriptionAnchor — якорь начала.\n"}
{"Time":"2026-09-17T16:11:54.275606147+03:00","Action":"output","Package":"github.com/PRO-Robotech/kacho/internal/repohygiene","Test":"TestSubscriptionShapeReasonContract/CI-DT-03-without-oneof","Output":"        enum SubscriptionAnchor {\n"}
{"Time":"2026-09-17T16:11:54.275613581+03:00","Action":"output","Package":"github.com/PRO-Robotech/kacho/internal/repohygiene","Test":"TestSubscriptionShapeReasonContract/CI-DT-03-without-oneof","Output":"          SUBSCRIPTION_ANCHOR_UNSPECIFIED = 0;\n"}
{"Time":"2026-09-17T16:11:54.275617498+03:00","Action":"output","Package":"github.com/PRO-Robotech/kacho/internal/repohygiene","Test":"TestSubscriptionShapeReasonContract/CI-DT-03-without-oneof","Output":"          BEGINNING = 1;\n"}
{"Time":"2026-09-17T16:11:54.275621445+03:00","Action":"output","Package":"github.com/PRO-Robotech/kacho/internal/repohygiene","Test":"TestSubscriptionShapeReasonContract/CI-DT-03-without-oneof","Output":"          CURRENT_END = 2;\n"}
{"Time":"2026-09-17T16:11:54.275625683+03:00","Action":"output","Package":"github.com/PRO-Robotech/kacho/internal/repohygiene","Test":"TestSubscriptionShapeReasonContract/CI-DT-03-without-oneof","Output":"        }\n"}
{"Time":"2026-09-17T16:11:54.275629511+03:00","Action":"output","Package":"github.com/PRO-Robotech/kacho/internal/repohygiene","Test":"TestSubscriptionShapeReasonContract/CI-DT-03-without-oneof","Output":"        \n"}
{"Time":"2026-09-17T16:11:54.275633388+03:00","Action":"output","Package":"github.com/PRO-Robotech/kacho/internal/repohygiene","Test":"TestSubscriptionShapeReasonContract/CI-DT-03-without-oneof","Output":"        // SubscriptionRequest — запрос подписки.\n"}
{"Time":"2026-09-17T16:11:54.275641583+03:00","Action":"output","Package":"github.com/PRO-Robotech/kacho/internal/repohygiene","Test":"TestSubscriptionShapeReasonContract/CI-DT-03-without-oneof","Output":"        //\n"}
{"Time":"2026-09-17T16:11:54.275657423+03:00","Action":"output","Package":"github.com/PRO-Robotech/kacho/internal/repohygiene","Test":"TestSubscriptionShapeReasonContract/CI-DT-03-without-oneof","Output":"        // ИМЯ сюда не берётся: оно мутабельно, и подписка по нему молча перестанет\n"}
{"Time":"2026-09-17T16:11:54.275663044+03:00","Action":"output","Package":"github.com/PRO-Robotech/kacho/internal/repohygiene","Test":"TestSubscriptionShapeReasonContract/CI-DT-03-without-oneof","Output":"        // совпадать. МЕТКИ сюда не берутся: они мутабельны, и выход из выборки\n"}
{"Time":"2026-09-17T16:11:54.275667973+03:00","Action":"output","Package":"github.com/PRO-Robotech/kacho/internal/repohygiene","Test":"TestSubscriptionShapeReasonContract/CI-DT-03-without-oneof","Output":"        // неотличим от удаления.\n"}
{"Time":"2026-09-17T16:11:54.27567191+03:00","Action":"output","Package":"github.com/PRO-Robotech/kacho/internal/repohygiene","Test":"TestSubscriptionShapeReasonContract/CI-DT-03-without-oneof","Output":"        message SubscriptionRequest {\n"}
{"Time":"2026-09-17T16:11:54.275675667+03:00","Action":"output","Package":"github.com/PRO-Robotech/kacho/internal/repohygiene","Test":"TestSubscriptionShapeReasonContract/CI-DT-03-without-oneof","Output":"          // kinds — виды предметов. Категория: УДОБСТВА.\n"}
{"Time":"2026-09-17T16:11:54.275682711+03:00","Action":"output","Package":"github.com/PRO-Robotech/kacho/internal/repohygiene","Test":"TestSubscriptionShapeReasonContract/CI-DT-03-without-oneof","Output":"          repeated string kinds = 1;\n"}
{"Time":"2026-09-17T16:11:54.275686417+03:00","Action":"output","Package":"github.com/PRO-Robotech/kacho/internal/repohygiene","Test":"TestSubscriptionShapeReasonContract/CI-DT-03-without-oneof","Output":"        \n"}
{"Time":"2026-09-17T16:11:54.275690345+03:00","Action":"output","Package":"github.com/PRO-Robotech/kacho/internal/repohygiene","Test":"TestSubscriptionShapeReasonContract/CI-DT-03-without-oneof","Output":"          // project_id — проект. Категория: ЯКОРНАЯ.\n"}
{"Time":"2026-09-17T16:11:54.275696547+03:00","Action":"output","Package":"github.com/PRO-Robotech/kacho/internal/repohygiene","Test":"TestSubscriptionShapeReasonContract/CI-DT-03-without-oneof","Output":"          string project_id = 2;\n"}
{"Time":"2026-09-17T16:11:54.275700314+03:00","Action":"output","Package":"github.com/PRO-Robotech/kacho/internal/repohygiene","Test":"TestSubscriptionShapeReasonContract/CI-DT-03-without-oneof","Output":"        \n"}
{"Time":"2026-09-17T16:11:54.275704251+03:00","Action":"output","Package":"github.com/PRO-Robotech/kacho/internal/repohygiene","Test":"TestSubscriptionShapeReasonContract/CI-DT-03-without-oneof","Output":"          // ids — идентификаторы. Категория: УДОБСТВА.\n"}
{"Time":"2026-09-17T16:11:54.275708449+03:00","Action":"output","Package":"github.com/PRO-Robotech/kacho/internal/repohygiene","Test":"TestSubscriptionShapeReasonContract/CI-DT-03-without-oneof","Output":"          repeated string ids = 3;\n"}
{"Time":"2026-09-17T16:11:54.275712136+03:00","Action":"output","Package":"github.com/PRO-Robotech/kacho/internal/repohygiene","Test":"TestSubscriptionShapeReasonContract/CI-DT-03-without-oneof","Output":"          // start — с какого места отдавать.\n"}
{"Time":"2026-09-17T16:11:54.275717957+03:00","Action":"output","Package":"github.com/PRO-Robotech/kacho/internal/repohygiene","Test":"TestSubscriptionShapeUnsetOutcomeCanFail/исход_не_назван_—_находка","Output":"    subscriptionformshape_injection_test.go:385: перепись: proto/corelib/subscription/subscription.proto — строк 69, типов 5 (верхнего уровня 4), полей 17 (осей 3), значений перечислений 3; утверждений проверено 44; находок 1\n"}
{"Time":"2026-09-17T16:11:54.275726964+03:00","Action":"output","Package":"github.com/PRO-Robotech/kacho/internal/repohygiene","Test":"TestSubscriptionShapeAxisLedgerCanFail/поле_вне_перечня_—_краснеет_и_называет_ПОЛЕ","Output":"--- PASS: TestSubscriptionShapeAxisLedgerCanFail/поле_вне_перечня_—_краснеет_и_называет_ПОЛЕ (0.00s)\n"}
{"Time":"2026-09-17T16:11:54.275732454+03:00","Action":"pass","Package":"github.com/PRO-Robotech/kacho/internal/repohygiene","Test":"TestSubscriptionShapeAxisLedgerCanFail/поле_вне_перечня_—_краснеет_и_называет_ПОЛЕ","Elapsed":0}
{"Time":"2026-09-17T16:11:54.27574092+03:00","Action":"output","Package":"github.com/PRO-Robotech/kacho/internal/repohygiene","Test":"TestSubscriptionShapeStopReasonCanFail/причина_остановки_полем_события_—_находка","Output":"    subscriptionformshape_injection_test.go:547: перепись: proto/corelib/subscription/subscription.proto — строк 70, типов 5 (верхнего уровня 4), полей 18 (осей 3), значений перечислений 3; утверждений проверено 44; находок 1\n"}
{"Time":"2026-09-17T16:11:54.275748123+03:00","Action":"output","Package":"github.com/PRO-Robotech/kacho/internal/repohygiene","Test":"TestSubscriptionShapeReasonContract/CI-DT-03-without-oneof","Output":"          //\n"}
{"Time":"2026-09-17T16:11:54.275755387+03:00","Action":"output","Package":"github.com/PRO-Robotech/kacho/internal/repohygiene","Test":"TestSubscriptionShapeReasonContract/CI-DT-03-without-oneof","Output":"          // ИСХОД НЕЗАДАННОГО НАЗВАН: start не задан означает ровно CURRENT_END.\n"}
{"Time":"2026-09-17T16:11:54.275759946+03:00","Action":"output","Package":"github.com/PRO-Robotech/kacho/internal/repohygiene","Test":"TestSubscriptionShapeReasonContract/CI-DT-03-without-oneof","Output":"          oneof start {\n"}
{"Time":"2026-09-17T16:11:54.275764123+03:00","Action":"output","Package":"github.com/PRO-Robotech/kacho/internal/repohygiene","Test":"TestSubscriptionShapeReasonContract/CI-DT-03-without-oneof","Output":"            // anchor — назвать место словом.\n"}
{"Time":"2026-09-17T16:11:54.275769934+03:00","Action":"output","Package":"github.com/PRO-Robotech/kacho/internal/repohygiene","Test":"TestSubscriptionShapeReasonContract/CI-DT-03-without-oneof","Output":"            SubscriptionAnchor anchor = 10;\n"}
{"Time":"2026-09-17T16:11:54.275774072+03:00","Action":"output","Package":"github.com/PRO-Robotech/kacho/internal/repohygiene","Test":"TestSubscriptionShapeReasonContract/CI-DT-03-without-oneof","Output":"            // position — непрозрачный токен.\n"}
{"Time":"2026-09-17T16:11:54.275778591+03:00","Action":"output","Package":"github.com/PRO-Robotech/kacho/internal/repohygiene","Test":"TestSubscriptionShapeReasonContract/CI-DT-03-without-oneof","Output":"            string position = 11;\n"}
{"Time":"2026-09-17T16:11:54.275782668+03:00","Action":"output","Package":"github.com/PRO-Robotech/kacho/internal/repohygiene","Test":"TestSubscriptionShapeReasonContract/CI-DT-03-without-oneof","Output":"          }\n"}
{"Time":"2026-09-17T16:11:54.275786365+03:00","Action":"output","Package":"github.com/PRO-Robotech/kacho/internal/repohygiene","Test":"TestSubscriptionShapeReasonContract/CI-DT-03-without-oneof","Output":"        }\n"}
{"Time":"2026-09-17T16:11:54.275791866+03:00","Action":"output","Package":"github.com/PRO-Robotech/kacho/internal/repohygiene","Test":"TestSubscriptionShapeOwnerVocabularyCanFail/словарь_закрыт_контрактом_—_находка","Output":"    subscriptionformshape_injection_test.go:611: перепись: proto/corelib/subscription/subscription.proto — строк 75, типов 6 (верхнего уровня 5), полей 17 (осей 3), значений перечислений 5; утверждений проверено 44; находок 1\n"}
{"Time":"2026-09-17T16:11:54.275799039+03:00","Action":"output","Package":"github.com/PRO-Robotech/kacho/internal/repohygiene","Test":"TestGRPCMountParity_AStaleAllowIsItselfAFinding/сервиса_нет_в_контракте","Output":"--- PASS: TestGRPCMountParity_AStaleAllowIsItselfAFinding/сервиса_нет_в_контракте (0.00s)\n"}
{"Time":"2026-09-17T16:11:54.275804209+03:00","Action":"pass","Package":"github.com/PRO-Robotech/kacho/internal/repohygiene","Test":"TestGRPCMountParity_AStaleAllowIsItselfAFinding/сервиса_нет_в_контракте","Elapsed":0}
{"Time":"2026-09-17T16:11:54.275938531+03:00","Action":"output","Package":"github.com/PRO-Robotech/kacho/internal/repohygiene","Test":"TestSubscriptionShapeReasonContract/CI-DT-03-without-oneof","Output":"        \n"}
{"Time":"2026-09-17T16:11:54.275946877+03:00","Action":"output","Package":"github.com/PRO-Robotech/kacho/internal/repohygiene","Test":"TestSubscriptionShapeReasonContract/CI-DT-03-without-oneof","Output":"        // SubscriptionOpened — служебное первое сообщение.\n"}
{"Time":"2026-09-17T16:11:54.275951315+03:00","Action":"output","Package":"github.com/PRO-Robotech/kacho/internal/repohygiene","Test":"TestSubscriptionShapeReasonContract/CI-DT-03-without-oneof","Output":"        message SubscriptionOpened {\n"}
{"Time":"2026-09-17T16:11:54.275954722+03:00","Action":"output","Package":"github.com/PRO-Robotech/kacho/internal/repohygiene","Test":"TestSubscriptionShapeReasonContract/CI-DT-03-without-oneof","Output":"          string position = 1;\n"}
{"Time":"2026-09-17T16:11:54.275958208+03:00","Action":"output","Package":"github.com/PRO-Robotech/kacho/internal/repohygiene","Test":"TestSubscriptionShapeReasonContract/CI-DT-03-without-oneof","Output":"          bool caught_up = 2;\n"}
{"Time":"2026-09-17T16:11:54.275961935+03:00","Action":"output","Package":"github.com/PRO-Robotech/kacho/internal/repohygiene","Test":"TestSubscriptionShapeReasonContract/CI-DT-03-without-oneof","Output":"          repeated string honored_filters = 3;\n"}
{"Time":"2026-09-17T16:11:54.275965782+03:00","Action":"output","Package":"github.com/PRO-Robotech/kacho/internal/repohygiene","Test":"TestSubscriptionShapeReasonContract/CI-DT-03-without-oneof","Output":"          string earliest_resumable_position = 4;\n"}
{"Time":"2026-09-17T16:11:54.275971273+03:00","Action":"output","Package":"github.com/PRO-Robotech/kacho/internal/repohygiene","Test":"TestSubscriptionShapeReasonContract/CI-DT-03-without-oneof","Output":"          bool retains_everything = 5;\n"}
{"Time":"2026-09-17T16:11:54.27597534+03:00","Action":"output","Package":"github.com/PRO-Robotech/kacho/internal/repohygiene","Test":"TestSubscriptionShapeReasonContract/CI-DT-03-without-oneof","Output":"        }\n"}
{"Time":"2026-09-17T16:11:54.275978887+03:00","Action":"output","Package":"github.com/PRO-Robotech/kacho/internal/repohygiene","Test":"TestSubscriptionShapeReasonContract/CI-DT-03-without-oneof","Output":"        \n"}
{"Time":"2026-09-17T16:11:54.275982804+03:00","Action":"output","Package":"github.com/PRO-Robotech/kacho/internal/repohygiene","Test":"TestSubscriptionShapeReasonContract/CI-DT-03-without-oneof","Output":"        // SubscriptionEvent — оболочка события.\n"}
{"Time":"2026-09-17T16:11:54.275990559+03:00","Action":"output","Package":"github.com/PRO-Robotech/kacho/internal/repohygiene","Test":"TestSubscriptionShapeReasonContract/CI-DT-03-without-oneof","Output":"        message SubscriptionEvent {\n"}
{"Time":"2026-09-17T16:11:54.275994857+03:00","Action":"output","Package":"github.com/PRO-Robotech/kacho/internal/repohygiene","Test":"TestSubscriptionShapeReasonContract/CI-DT-03-without-oneof","Output":"          // StateUnavailable — вторая ветвь носителя.\n"}
{"Time":"2026-09-17T16:11:54.276000548+03:00","Action":"output","Package":"github.com/PRO-Robotech/kacho/internal/repohygiene","Test":"TestSubscriptionShapeReasonContract/CI-DT-03-without-oneof","Output":"          message StateUnavailable {\n"}
{"Time":"2026-09-17T16:11:54.276006228+03:00","Action":"output","Package":"github.com/PRO-Robotech/kacho/internal/repohygiene","Test":"TestSubscriptionShapeReasonContract/CI-DT-03-without-oneof","Output":"            // reason — почему состояния нет. Это НЕ причина остановки потока.\n"}
{"Time":"2026-09-17T16:11:54.276011909+03:00","Action":"output","Package":"github.com/PRO-Robotech/kacho/internal/repohygiene","Test":"TestSubscriptionShapeReasonContract/CI-DT-03-without-oneof","Output":"            string reason = 1;\n"}
{"Time":"2026-09-17T16:11:54.276018582+03:00","Action":"output","Package":"github.com/PRO-Robotech/kacho/internal/repohygiene","Test":"TestSubscriptionShapeReasonContract/CI-DT-03-without-oneof","Output":"          }\n"}
{"Time":"2026-09-17T16:11:54.276024002+03:00","Action":"output","Package":"github.com/PRO-Robotech/kacho/internal/repohygiene","Test":"TestSubscriptionShapeHorizonCanFail/поля_горизонта_на_месте,_порядок_другой_—_молчание","Output":"    subscriptionformshape_injection_test.go:536: перепись: proto/corelib/subscription/subscription.proto — строк 69, типов 5 (верхнего уровня 4), полей 17 (осей 3), значений перечислений 3; утверждений проверено 44; находок 0\n"}
{"Time":"2026-09-17T16:11:54.27603363+03:00","Action":"output","Package":"github.com/PRO-Robotech/kacho/internal/repohygiene","Test":"TestSubscriptionShapePerimeterCanFail/объявлен_глагол_—_находка","Output":"    subscriptionformshape_injection_test.go:571: перепись: proto/corelib/subscription/subscription.proto — строк 71, типов 5 (верхнего уровня 4), полей 17 (осей 3), значений перечислений 3; утверждений проверено 44; находок 1\n"}
{"Time":"2026-09-17T16:11:54.276040252+03:00","Action":"output","Package":"github.com/PRO-Robotech/kacho/internal/repohygiene","Test":"TestSubscriptionShapeReasonContract/CI-DT-03-without-oneof","Output":"        \n"}
{"Time":"2026-09-17T16:11:54.276043989+03:00","Action":"output","Package":"github.com/PRO-Robotech/kacho/internal/repohygiene","Test":"TestSubscriptionShapeReasonContract/CI-DT-03-without-oneof","Output":"          string position = 1;\n"}
{"Time":"2026-09-17T16:11:54.276047476+03:00","Action":"output","Package":"github.com/PRO-Robotech/kacho/internal/repohygiene","Test":"TestSubscriptionShapeReasonContract/CI-DT-03-without-oneof","Output":"          string kind = 2;\n"}
{"Time":"2026-09-17T16:11:54.276050972+03:00","Action":"output","Package":"github.com/PRO-Robotech/kacho/internal/repohygiene","Test":"TestSubscriptionShapeReasonContract/CI-DT-03-without-oneof","Output":"          string resource_id = 3;\n"}
{"Time":"2026-09-17T16:11:54.27605493+03:00","Action":"output","Package":"github.com/PRO-Robotech/kacho/internal/repohygiene","Test":"TestSubscriptionShapeReasonContract/CI-DT-03-without-oneof","Output":"          // project_id — авторизуемый якорь, поле ОБОЛОЧКИ.\n"}
{"Time":"2026-09-17T16:11:54.276059218+03:00","Action":"output","Package":"github.com/PRO-Robotech/kacho/internal/repohygiene","Test":"TestSubscriptionShapeReasonContract/CI-DT-03-without-oneof","Output":"          string project_id = 4;\n"}
{"Time":"2026-09-17T16:11:54.276062785+03:00","Action":"output","Package":"github.com/PRO-Robotech/kacho/internal/repohygiene","Test":"TestSubscriptionShapeReasonContract/CI-DT-03-without-oneof","Output":"        \n"}
{"Time":"2026-09-17T16:11:54.276067363+03:00","Action":"output","Package":"github.com/PRO-Robotech/kacho/internal/repohygiene","Test":"TestSubscriptionShapeRefusesAnEmptyRead/контракта_нет","Output":"--- PASS: TestSubscriptionShapeRefusesAnEmptyRead/контракта_нет (0.00s)\n"}
{"Time":"2026-09-17T16:11:54.276074146+03:00","Action":"pass","Package":"github.com/PRO-Robotech/kacho/internal/repohygiene","Test":"TestSubscriptionShapeRefusesAnEmptyRead/контракта_нет","Elapsed":0}
{"Time":"2026-09-17T16:11:54.276502892+03:00","Action":"output","Package":"github.com/PRO-Robotech/kacho/internal/repohygiene","Test":"TestSubscriptionShapeReasonContract/CI-DT-03-without-oneof","Output":"          google.protobuf.Any state = 10;\n"}
{"Time":"2026-09-17T16:11:54.276511047+03:00","Action":"output","Package":"github.com/PRO-Robotech/kacho/internal/repohygiene","Test":"TestSubscriptionShapeReasonContract/CI-DT-03-without-oneof","Output":"          StateUnavailable state_unavailable = 11;\n"}
{"Time":"2026-09-17T16:11:54.276515235+03:00","Action":"output","Package":"github.com/PRO-Robotech/kacho/internal/repohygiene","Test":"TestSubscriptionShapeReasonContract/CI-DT-03-without-oneof","Output":"        }\n"}
{"Time":"2026-09-17T16:11:54.276519142+03:00","Action":"output","Package":"github.com/PRO-Robotech/kacho/internal/repohygiene","Test":"TestSubscriptionShapeReasonContract/CI-DT-03-without-oneof","Output":"        \n"}
{"Time":"2026-09-17T16:11:54.276522899+03:00","Action":"output","Package":"github.com/PRO-Robotech/kacho/internal/repohygiene","Test":"TestSubscriptionShapeReasonContract/CI-DT-03-without-oneof","Output":"        \n"}
{"Time":"2026-09-17T16:11:54.276618409+03:00","Action":"run","Package":"github.com/PRO-Robotech/kacho/internal/repohygiene","Test":"TestSubscriptionShapeAbsentAxisCanFail/причина_отсутствия_НЕ_названа_—_находка"}
{"Time":"2026-09-17T16:11:54.276624139+03:00","Action":"output","Package":"github.com/PRO-Robotech/kacho/internal/repohygiene","Test":"TestSubscriptionShapeAbsentAxisCanFail/причина_отсутствия_НЕ_названа_—_находка","Output":"=== RUN   TestSubscriptionShapeAbsentAxisCanFail/причина_отсутствия_НЕ_названа_—_находка\n"}
{"Time":"2026-09-17T16:11:54.27665624+03:00","Action":"output","Package":"github.com/PRO-Robotech/kacho/internal/repohygiene","Test":"TestSubscriptionShapeUnsetOutcomeCanFail/исход_не_назван_—_находка","Output":"--- PASS: TestSubscriptionShapeUnsetOutcomeCanFail/исход_не_назван_—_находка (0.00s)\n"}
{"Time":"2026-09-17T16:11:54.276669044+03:00","Action":"pass","Package":"github.com/PRO-Robotech/kacho/internal/repohygiene","Test":"TestSubscriptionShapeUnsetOutcomeCanFail/исход_не_назван_—_находка","Elapsed":0}
{"Time":"2026-09-17T16:11:54.276677029+03:00","Action":"output","Package":"github.com/PRO-Robotech/kacho/internal/repohygiene","Test":"TestSubscriptionShapeStopReasonCanFail/причина_остановки_полем_события_—_находка","Output":"--- PASS: TestSubscriptionShapeStopReasonCanFail/причина_остановки_полем_события_—_находка (0.00s)\n"}
{"Time":"2026-09-17T16:11:54.27668297+03:00","Action":"pass","Package":"github.com/PRO-Robotech/kacho/internal/repohygiene","Test":"TestSubscriptionShapeStopReasonCanFail/причина_остановки_полем_события_—_находка","Elapsed":0}
{"Time":"2026-09-17T16:11:54.276689873+03:00","Action":"output","Package":"github.com/PRO-Robotech/kacho/internal/repohygiene","Test":"TestGRPCMountParity_AnAllowForAnUnownedPackageIsOutOfSubject/та_же_запись_СТАНОВИТСЯ_находкой,_как_только_пакетом_начинают_владеть","Output":"--- PASS: TestGRPCMountParity_AnAllowForAnUnownedPackageIsOutOfSubject/та_же_запись_СТАНОВИТСЯ_находкой,_как_только_пакетом_начинают_владеть (0.00s)\n"}
{"Time":"2026-09-17T16:11:54.276695724+03:00","Action":"pass","Package":"github.com/PRO-Robotech/kacho/internal/repohygiene","Test":"TestGRPCMountParity_AnAllowForAnUnownedPackageIsOutOfSubject/та_же_запись_СТАНОВИТСЯ_находкой,_как_только_пакетом_начинают_владеть","Elapsed":0}
{"Time":"2026-09-17T16:11:54.27669918+03:00","Action":"run","Package":"github.com/PRO-Robotech/kacho/internal/repohygiene","Test":"TestSubscriptionShapeCategoryMarkCanFail/признак_переизложен_—_молчание"}
{"Time":"2026-09-17T16:11:54.276702036+03:00","Action":"output","Package":"github.com/PRO-Robotech/kacho/internal/repohygiene","Test":"TestSubscriptionShapeCategoryMarkCanFail/признак_переизложен_—_молчание","Output":"=== RUN   TestSubscriptionShapeCategoryMarkCanFail/признак_переизложен_—_молчание\n"}
{"Time":"2026-09-17T16:11:54.276707877+03:00","Action":"run","Package":"github.com/PRO-Robotech/kacho/internal/repohygiene","Test":"TestSubscriptionShapeStopReasonCanFail/то_же_имя_ВНУТРИ_вложенного_сообщения_—_молчание"}
{"Time":"2026-09-17T16:11:54.276713367+03:00","Action":"output","Package":"github.com/PRO-Robotech/kacho/internal/repohygiene","Test":"TestSubscriptionShapeStopReasonCanFail/то_же_имя_ВНУТРИ_вложенного_сообщения_—_молчание","Output":"=== RUN   TestSubscriptionShapeStopReasonCanFail/то_же_имя_ВНУТРИ_вложенного_сообщения_—_молчание\n"}
{"Time":"2026-09-17T16:11:54.27674713+03:00","Action":"output","Package":"github.com/PRO-Robotech/kacho/internal/repohygiene","Test":"TestSubscriptionShapeReasonContract/CI-DT-03-without-oneof","Output":"--- PASS: TestSubscriptionShapeReasonContract/CI-DT-03-without-oneof (0.00s)\n"}
{"Time":"2026-09-17T16:11:54.276760686+03:00","Action":"pass","Package":"github.com/PRO-Robotech/kacho/internal/repohygiene","Test":"TestSubscriptionShapeReasonContract/CI-DT-03-without-oneof","Elapsed":0}
{"Time":"2026-09-17T16:11:54.276764583+03:00","Action":"run","Package":"github.com/PRO-Robotech/kacho/internal/repohygiene","Test":"TestSubscriptionShapeUnsetOutcomeCanFail/исход_назван,_но_не_называет_объявленного_значения_—_находка"}
{"Time":"2026-09-17T16:11:54.276769082+03:00","Action":"output","Package":"github.com/PRO-Robotech/kacho/internal/repohygiene","Test":"TestSubscriptionShapeUnsetOutcomeCanFail/исход_назван,_но_не_называет_объявленного_значения_—_находка","Output":"=== RUN   TestSubscriptionShapeUnsetOutcomeCanFail/исход_назван,_но_не_называет_объявленного_значения_—_находка\n"}
{"Time":"2026-09-17T16:11:54.276775343+03:00","Action":"run","Package":"github.com/PRO-Robotech/kacho/internal/repohygiene","Test":"TestSubscriptionShapeAxisLedgerCanFail/поле,_добавленное_ВМЕСТЕ_с_записью,_—_молчание"}
{"Time":"2026-09-17T16:11:54.276779561+03:00","Action":"output","Package":"github.com/PRO-Robotech/kacho/internal/repohygiene","Test":"TestSubscriptionShapeAxisLedgerCanFail/поле,_добавленное_ВМЕСТЕ_с_записью,_—_молчание","Output":"=== RUN   TestSubscriptionShapeAxisLedgerCanFail/поле,_добавленное_ВМЕСТЕ_с_записью,_—_молчание\n"}
{"Time":"2026-09-17T16:11:54.276801713+03:00","Action":"run","Package":"github.com/PRO-Robotech/kacho/internal/repohygiene","Test":"TestSubscriptionShapeRefusesAnEmptyRead/файл_есть,_объявлений_нет"}
{"Time":"2026-09-17T16:11:54.276805169+03:00","Action":"output","Package":"github.com/PRO-Robotech/kacho/internal/repohygiene","Test":"TestSubscriptionShapeRefusesAnEmptyRead/файл_есть,_объявлений_нет","Output":"=== RUN   TestSubscriptionShapeRefusesAnEmptyRead/файл_есть,_объявлений_нет\n"}
{"Time":"2026-09-17T16:11:54.276808756+03:00","Action":"output","Package":"github.com/PRO-Robotech/kacho/internal/repohygiene","Test":"TestSubscriptionShapeOwnerVocabularyCanFail/словарь_закрыт_контрактом_—_находка","Output":"--- PASS: TestSubscriptionShapeOwnerVocabularyCanFail/словарь_закрыт_контрактом_—_находка (0.00s)\n"}
{"Time":"2026-09-17T16:11:54.276814226+03:00","Action":"pass","Package":"github.com/PRO-Robotech/kacho/internal/repohygiene","Test":"TestSubscriptionShapeOwnerVocabularyCanFail/словарь_закрыт_контрактом_—_находка","Elapsed":0}
{"Time":"2026-09-17T16:11:54.276818885+03:00","Action":"output","Package":"github.com/PRO-Robotech/kacho/internal/repohygiene","Test":"TestSubscriptionShapePerimeterCanFail/объявлен_глагол_—_находка","Output":"--- PASS: TestSubscriptionShapePerimeterCanFail/объявлен_глагол_—_находка (0.00s)\n"}
{"Time":"2026-09-17T16:11:54.276825177+03:00","Action":"pass","Package":"github.com/PRO-Robotech/kacho/internal/repohygiene","Test":"TestSubscriptionShapePerimeterCanFail/объявлен_глагол_—_находка","Elapsed":0}
{"Time":"2026-09-17T16:11:54.276830136+03:00","Action":"run","Package":"github.com/PRO-Robotech/kacho/internal/repohygiene","Test":"TestSubscriptionShapeReasonContract/CI-DT-04-third-branch"}
{"Time":"2026-09-17T16:11:54.276833212+03:00","Action":"output","Package":"github.com/PRO-Robotech/kacho/internal/repohygiene","Test":"TestSubscriptionShapeReasonContract/CI-DT-04-third-branch","Output":"=== RUN   TestSubscriptionShapeReasonContract/CI-DT-04-third-branch\n"}
{"Time":"2026-09-17T16:11:54.276837119+03:00","Action":"output","Package":"github.com/PRO-Robotech/kacho/internal/repohygiene","Test":"TestSubscriptionShapeHorizonCanFail/поля_горизонта_на_месте,_порядок_другой_—_молчание","Output":"--- PASS: TestSubscriptionShapeHorizonCanFail/поля_горизонта_на_месте,_порядок_другой_—_молчание (0.00s)\n"}
{"Time":"2026-09-17T16:11:54.276840255+03:00","Action":"pass","Package":"github.com/PRO-Robotech/kacho/internal/repohygiene","Test":"TestSubscriptionShapeHorizonCanFail/поля_горизонта_на_месте,_порядок_другой_—_молчание","Elapsed":0}
{"Time":"2026-09-17T16:11:54.276844233+03:00","Action":"output","Package":"github.com/PRO-Robotech/kacho/internal/repohygiene","Test":"TestSubscriptionShapeHorizonCanFail","Output":"--- PASS: TestSubscriptionShapeHorizonCanFail (0.00s)\n"}
{"Time":"2026-09-17T16:11:54.276851366+03:00","Action":"pass","Package":"github.com/PRO-Robotech/kacho/internal/repohygiene","Test":"TestSubscriptionShapeHorizonCanFail","Elapsed":0}
{"Time":"2026-09-17T16:11:54.276853731+03:00","Action":"run","Package":"github.com/PRO-Robotech/kacho/internal/repohygiene","Test":"TestSubscriptionShapePerimeterCanFail/слова_`service`_и_`rpc`_В_ПРОЗЕ_—_молчание"}
{"Time":"2026-09-17T16:11:54.276855975+03:00","Action":"output","Package":"github.com/PRO-Robotech/kacho/internal/repohygiene","Test":"TestSubscriptionShapePerimeterCanFail/слова_`service`_и_`rpc`_В_ПРОЗЕ_—_молчание","Output":"=== RUN   TestSubscriptionShapePerimeterCanFail/слова_`service`_и_`rpc`_В_ПРОЗЕ_—_молчание\n"}
{"Time":"2026-09-17T16:11:54.276859942+03:00","Action":"run","Package":"github.com/PRO-Robotech/kacho/internal/repohygiene","Test":"TestSubscriptionShapeAnchorCanFail/якорь_ветвью_ветвления_—_находка"}
{"Time":"2026-09-17T16:11:54.276866384+03:00","Action":"output","Package":"github.com/PRO-Robotech/kacho/internal/repohygiene","Test":"TestSubscriptionShapeAnchorCanFail/якорь_ветвью_ветвления_—_находка","Output":"=== RUN   TestSubscriptionShapeAnchorCanFail/якорь_ветвью_ветвления_—_находка\n"}
{"Time":"2026-09-17T16:11:54.276876043+03:00","Action":"output","Package":"github.com/PRO-Robotech/kacho/internal/repohygiene","Test":"TestSubscriptionShapeMissingMessageCanFail/все_три_сообщения_на_месте,_порядок_другой_—_молчание","Output":"--- PASS: TestSubscriptionShapeMissingMessageCanFail/все_три_сообщения_на_месте,_порядок_другой_—_молчание (0.00s)\n"}
{"Time":"2026-09-17T16:11:54.276883507+03:00","Action":"pass","Package":"github.com/PRO-Robotech/kacho/internal/repohygiene","Test":"TestSubscriptionShapeMissingMessageCanFail/все_три_сообщения_на_месте,_порядок_другой_—_молчание","Elapsed":0}
{"Time":"2026-09-17T16:11:54.276923251+03:00","Action":"run","Package":"github.com/PRO-Robotech/kacho/internal/repohygiene","Test":"TestSubscriptionShapeOwnerVocabularyCanFail/перечисление_рядом,_но_ось_строковая_—_молчание"}
{"Time":"2026-09-17T16:11:54.276936676+03:00","Action":"output","Package":"github.com/PRO-Robotech/kacho/internal/repohygiene","Test":"TestSubscriptionShapeOwnerVocabularyCanFail/перечисление_рядом,_но_ось_строковая_—_молчание","Output":"=== RUN   TestSubscriptionShapeOwnerVocabularyCanFail/перечисление_рядом,_но_ось_строковая_—_молчание\n"}
{"Time":"2026-09-17T16:11:54.276946315+03:00","Action":"output","Package":"github.com/PRO-Robotech/kacho/internal/repohygiene","Test":"TestGRPCMountParity_DoesNotReadThroughASymlinkOutOfTheAPIRoot","Output":"--- PASS: TestGRPCMountParity_DoesNotReadThroughASymlinkOutOfTheAPIRoot (0.01s)\n"}
{"Time":"2026-09-17T16:11:54.276951614+03:00","Action":"pass","Package":"github.com/PRO-Robotech/kacho/internal/repohygiene","Test":"TestGRPCMountParity_DoesNotReadThroughASymlinkOutOfTheAPIRoot","Elapsed":0.01}
{"Time":"2026-09-17T16:11:54.276955903+03:00","Action":"output","Package":"github.com/PRO-Robotech/kacho/internal/repohygiene","Test":"TestSubscriptionShapeMissingMessageCanFail","Output":"--- PASS: TestSubscriptionShapeMissingMessageCanFail (0.01s)\n"}
{"Time":"2026-09-17T16:11:54.277046463+03:00","Action":"pass","Package":"github.com/PRO-Robotech/kacho/internal/repohygiene","Test":"TestSubscriptionShapeMissingMessageCanFail","Elapsed":0.01}
{"Time":"2026-09-17T16:11:54.277057974+03:00","Action":"output","Package":"github.com/PRO-Robotech/kacho/internal/repohygiene","Test":"TestSubscriptionShapeAbsentAxisCanFail/причина_отсутствия_НЕ_названа_—_находка","Output":"    subscriptionformshape_injection_test.go:359: перепись: proto/corelib/subscription/subscription.proto — строк 65, типов 5 (верхнего уровня 4), полей 17 (осей 3), значений перечислений 3; утверждений проверено 44; находок 2\n"}
{"Time":"2026-09-17T16:11:54.277067392+03:00","Action":"output","Package":"github.com/PRO-Robotech/kacho/internal/repohygiene","Test":"TestSubscriptionShapeAbsentAxisCanFail/причина_отсутствия_НЕ_названа_—_находка","Output":"    subscriptionformshape_injection_test.go:361: absent-axis-unexplained proto/corelib/subscription/subscription.proto:15 — ось `name` в форме отсутствует, но контракт об этом молчит: слова «ИМЯ» в описании запроса нет. Поле без записанной причины отсутствия заводит следующий «для удобства», и он будет прав по-своему — возразить ему будет нечем\n"}
{"Time":"2026-09-17T16:11:54.277152191+03:00","Action":"output","Package":"github.com/PRO-Robotech/kacho/internal/repohygiene","Test":"TestCatalogReachability_AllowExcusesAndThenExpires","Output":"--- PASS: TestCatalogReachability_AllowExcusesAndThenExpires (0.01s)\n"}
{"Time":"2026-09-17T16:11:54.27716208+03:00","Action":"pass","Package":"github.com/PRO-Robotech/kacho/internal/repohygiene","Test":"TestCatalogReachability_AllowExcusesAndThenExpires","Elapsed":0.01}
{"Time":"2026-09-17T16:11:54.277165937+03:00","Action":"output","Package":"github.com/PRO-Robotech/kacho/internal/repohygiene","Test":"TestSubscriptionShapeCarrierCanFail/ветвей_три_—_находка","Output":"    subscriptionformshape_injection_test.go:437: перепись: proto/corelib/subscription/subscription.proto — строк 70, типов 5 (верхнего уровня 4), полей 18 (осей 3), значений перечислений 3; утверждений проверено 44; находок 1\n"}
{"Time":"2026-09-17T16:11:54.277217203+03:00","Action":"output","Package":"github.com/PRO-Robotech/kacho/internal/repohygiene","Test":"TestSubscriptionShapeCategoryMarkCanFail/признак_переизложен_—_молчание","Output":"    subscriptionformshape_injection_test.go:330: перепись: proto/corelib/subscription/subscription.proto — строк 72, типов 5 (верхнего уровня 4), полей 17 (осей 3), значений перечислений 3; утверждений проверено 44; находок 0\n"}
{"Time":"2026-09-17T16:11:54.277302754+03:00","Action":"output","Package":"github.com/PRO-Robotech/kacho/internal/repohygiene","Test":"TestSubscriptionShapeStopReasonCanFail/то_же_имя_ВНУТРИ_вложенного_сообщения_—_молчание","Output":"    subscriptionformshape_injection_test.go:560: перепись: proto/corelib/subscription/subscription.proto — строк 71, типов 5 (верхнего уровня 4), полей 18 (осей 3), значений перечислений 3; утверждений проверено 44; находок 0\n"}
{"Time":"2026-09-17T16:11:54.277341116+03:00","Action":"output","Package":"github.com/PRO-Robotech/kacho/internal/repohygiene","Test":"TestSubscriptionShapeUnsetOutcomeCanFail/исход_назван,_но_не_называет_объявленного_значения_—_находка","Output":"    subscriptionformshape_injection_test.go:397: перепись: proto/corelib/subscription/subscription.proto — строк 69, типов 5 (верхнего уровня 4), полей 17 (осей 3), значений перечислений 3; утверждений проверено 44; находок 1\n"}
{"Time":"2026-09-17T16:11:54.277351756+03:00","Action":"output","Package":"github.com/PRO-Robotech/kacho/internal/repohygiene","Test":"TestGRPCMountParity_SeesAnUnmountedServiceAsUnmounted","Output":"--- PASS: TestGRPCMountParity_SeesAnUnmountedServiceAsUnmounted (0.01s)\n"}
{"Time":"2026-09-17T16:11:54.277378587+03:00","Action":"pass","Package":"github.com/PRO-Robotech/kacho/internal/repohygiene","Test":"TestGRPCMountParity_SeesAnUnmountedServiceAsUnmounted","Elapsed":0.01}
{"Time":"2026-09-17T16:11:54.277383336+03:00","Action":"output","Package":"github.com/PRO-Robotech/kacho/internal/repohygiene","Test":"TestSubscriptionShapeAxisLedgerCanFail/поле,_добавленное_ВМЕСТЕ_с_записью,_—_молчание","Output":"    subscriptionformshape_injection_test.go:282: перепись: proto/corelib/subscription/subscription.proto — строк 72, типов 5 (верхнего уровня 4), полей 18 (осей 4), значений перечислений 3; утверждений проверено 48; находок 0\n"}
{"Time":"2026-09-17T16:11:54.277466712+03:00","Action":"output","Package":"github.com/PRO-Robotech/kacho/internal/repohygiene","Test":"TestSubscriptionShapePerimeterCanFail/слова_`service`_и_`rpc`_В_ПРОЗЕ_—_молчание","Output":"    subscriptionformshape_injection_test.go:583: перепись: proto/corelib/subscription/subscription.proto — строк 71, типов 5 (верхнего уровня 4), полей 17 (осей 3), значений перечислений 3; утверждений проверено 44; находок 0\n"}
{"Time":"2026-09-17T16:11:54.277474717+03:00","Action":"output","Package":"github.com/PRO-Robotech/kacho/internal/repohygiene","Test":"TestSubscriptionShapeReasonContract/CI-DT-04-third-branch","Output":"    subscriptionreason_test.go:70: перепись: proto/corelib/subscription/subscription.proto — строк 70, типов 5 (верхнего уровня 4), полей 18 (осей 3), значений перечислений 3; утверждений проверено 44; находок 1\n"}
{"Time":"2026-09-17T16:11:54.277488653+03:00","Action":"output","Package":"github.com/PRO-Robotech/kacho/internal/repohygiene","Test":"TestSubscriptionShapeReasonContract/CI-DT-04-third-branch","Output":"    subscriptionreason_test.go:71: дефектная форма:\n"}
{"Time":"2026-09-17T16:11:54.277491839+03:00","Action":"output","Package":"github.com/PRO-Robotech/kacho/internal/repohygiene","Test":"TestSubscriptionShapeReasonContract/CI-DT-04-third-branch","Output":"        syntax = \"proto3\";\n"}
{"Time":"2026-09-17T16:11:54.277494404+03:00","Action":"output","Package":"github.com/PRO-Robotech/kacho/internal/repohygiene","Test":"TestSubscriptionShapeReasonContract/CI-DT-04-third-branch","Output":"        \n"}
{"Time":"2026-09-17T16:11:54.277496789+03:00","Action":"output","Package":"github.com/PRO-Robotech/kacho/internal/repohygiene","Test":"TestSubscriptionShapeReasonContract/CI-DT-04-third-branch","Output":"        package corelib.subscription;\n"}
{"Time":"2026-09-17T16:11:54.277500706+03:00","Action":"output","Package":"github.com/PRO-Robotech/kacho/internal/repohygiene","Test":"TestSubscriptionShapeReasonContract/CI-DT-04-third-branch","Output":"        \n"}
{"Time":"2026-09-17T16:11:54.277503972+03:00","Action":"output","Package":"github.com/PRO-Robotech/kacho/internal/repohygiene","Test":"TestSubscriptionShapeReasonContract/CI-DT-04-third-branch","Output":"        import \"google/protobuf/any.proto\";\n"}
{"Time":"2026-09-17T16:11:54.277506307+03:00","Action":"output","Package":"github.com/PRO-Robotech/kacho/internal/repohygiene","Test":"TestSubscriptionShapeReasonContract/CI-DT-04-third-branch","Output":"        \n"}
{"Time":"2026-09-17T16:11:54.277508441+03:00","Action":"output","Package":"github.com/PRO-Robotech/kacho/internal/repohygiene","Test":"TestSubscriptionShapeReasonContract/CI-DT-04-third-branch","Output":"        // SubscriptionAnchor — якорь начала.\n"}
{"Time":"2026-09-17T16:11:54.277512328+03:00","Action":"output","Package":"github.com/PRO-Robotech/kacho/internal/repohygiene","Test":"TestSubscriptionShapeReasonContract/CI-DT-04-third-branch","Output":"        enum SubscriptionAnchor {\n"}
{"Time":"2026-09-17T16:11:54.277514612+03:00","Action":"output","Package":"github.com/PRO-Robotech/kacho/internal/repohygiene","Test":"TestSubscriptionShapeReasonContract/CI-DT-04-third-branch","Output":"          SUBSCRIPTION_ANCHOR_UNSPECIFIED = 0;\n"}
{"Time":"2026-09-17T16:11:54.277516786+03:00","Action":"output","Package":"github.com/PRO-Robotech/kacho/internal/repohygiene","Test":"TestSubscriptionShapeReasonContract/CI-DT-04-third-branch","Output":"          BEGINNING = 1;\n"}
{"Time":"2026-09-17T16:11:54.277519051+03:00","Action":"output","Package":"github.com/PRO-Robotech/kacho/internal/repohygiene","Test":"TestSubscriptionShapeReasonContract/CI-DT-04-third-branch","Output":"          CURRENT_END = 2;\n"}
{"Time":"2026-09-17T16:11:54.277522888+03:00","Action":"output","Package":"github.com/PRO-Robotech/kacho/internal/repohygiene","Test":"TestSubscriptionShapeReasonContract/CI-DT-04-third-branch","Output":"        }\n"}
{"Time":"2026-09-17T16:11:54.277524962+03:00","Action":"output","Package":"github.com/PRO-Robotech/kacho/internal/repohygiene","Test":"TestSubscriptionShapeReasonContract/CI-DT-04-third-branch","Output":"        \n"}
{"Time":"2026-09-17T16:11:54.277527166+03:00","Action":"output","Package":"github.com/PRO-Robotech/kacho/internal/repohygiene","Test":"TestSubscriptionShapeReasonContract/CI-DT-04-third-branch","Output":"        // SubscriptionRequest — запрос подписки.\n"}
{"Time":"2026-09-17T16:11:54.277531644+03:00","Action":"output","Package":"github.com/PRO-Robotech/kacho/internal/repohygiene","Test":"TestSubscriptionShapeReasonContract/CI-DT-04-third-branch","Output":"        //\n"}
{"Time":"2026-09-17T16:11:54.277534059+03:00","Action":"output","Package":"github.com/PRO-Robotech/kacho/internal/repohygiene","Test":"TestSubscriptionShapeReasonContract/CI-DT-04-third-branch","Output":"        // ИМЯ сюда не берётся: оно мутабельно, и подписка по нему молча перестанет\n"}
{"Time":"2026-09-17T16:11:54.277537185+03:00","Action":"output","Package":"github.com/PRO-Robotech/kacho/internal/repohygiene","Test":"TestSubscriptionShapeReasonContract/CI-DT-04-third-branch","Output":"        // совпадать. МЕТКИ сюда не берутся: они мутабельны, и выход из выборки\n"}
{"Time":"2026-09-17T16:11:54.277542134+03:00","Action":"output","Package":"github.com/PRO-Robotech/kacho/internal/repohygiene","Test":"TestSubscriptionShapeReasonContract/CI-DT-04-third-branch","Output":"        // неотличим от удаления.\n"}
{"Time":"2026-09-17T16:11:54.277544709+03:00","Action":"output","Package":"github.com/PRO-Robotech/kacho/internal/repohygiene","Test":"TestSubscriptionShapeReasonContract/CI-DT-04-third-branch","Output":"        message SubscriptionRequest {\n"}
{"Time":"2026-09-17T16:11:54.277546903+03:00","Action":"output","Package":"github.com/PRO-Robotech/kacho/internal/repohygiene","Test":"TestSubscriptionShapeReasonContract/CI-DT-04-third-branch","Output":"          // kinds — виды предметов. Категория: УДОБСТВА.\n"}
{"Time":"2026-09-17T16:11:54.27755073+03:00","Action":"output","Package":"github.com/PRO-Robotech/kacho/internal/repohygiene","Test":"TestSubscriptionShapeReasonContract/CI-DT-04-third-branch","Output":"          repeated string kinds = 1;\n"}
{"Time":"2026-09-17T16:11:54.277553064+03:00","Action":"output","Package":"github.com/PRO-Robotech/kacho/internal/repohygiene","Test":"TestSubscriptionShapeReasonContract/CI-DT-04-third-branch","Output":"        \n"}
{"Time":"2026-09-17T16:11:54.277564516+03:00","Action":"output","Package":"github.com/PRO-Robotech/kacho/internal/repohygiene","Test":"TestSubscriptionShapeReasonContract/CI-DT-04-third-branch","Output":"          // project_id — проект. Категория: ЯКОРНАЯ.\n"}
{"Time":"2026-09-17T16:11:54.277567652+03:00","Action":"output","Package":"github.com/PRO-Robotech/kacho/internal/repohygiene","Test":"TestSubscriptionShapeReasonContract/CI-DT-04-third-branch","Output":"          string project_id = 2;\n"}
{"Time":"2026-09-17T16:11:54.277570177+03:00","Action":"output","Package":"github.com/PRO-Robotech/kacho/internal/repohygiene","Test":"TestSubscriptionShapeReasonContract/CI-DT-04-third-branch","Output":"        \n"}
{"Time":"2026-09-17T16:11:54.277572461+03:00","Action":"output","Package":"github.com/PRO-Robotech/kacho/internal/repohygiene","Test":"TestSubscriptionShapeReasonContract/CI-DT-04-third-branch","Output":"          // ids — идентификаторы. Категория: УДОБСТВА.\n"}
{"Time":"2026-09-17T16:11:54.277574926+03:00","Action":"output","Package":"github.com/PRO-Robotech/kacho/internal/repohygiene","Test":"TestSubscriptionShapeReasonContract/CI-DT-04-third-branch","Output":"          repeated string ids = 3;\n"}
{"Time":"2026-09-17T16:11:54.27757729+03:00","Action":"output","Package":"github.com/PRO-Robotech/kacho/internal/repohygiene","Test":"TestSubscriptionShapeReasonContract/CI-DT-04-third-branch","Output":"          // start — с какого места отдавать.\n"}
{"Time":"2026-09-17T16:11:54.277579775+03:00","Action":"output","Package":"github.com/PRO-Robotech/kacho/internal/repohygiene","Test":"TestSubscriptionShapeReasonContract/CI-DT-04-third-branch","Output":"          //\n"}
{"Time":"2026-09-17T16:11:54.277582119+03:00","Action":"output","Package":"github.com/PRO-Robotech/kacho/internal/repohygiene","Test":"TestSubscriptionShapeReasonContract/CI-DT-04-third-branch","Output":"          // ИСХОД НЕЗАДАННОГО НАЗВАН: start не задан означает ровно CURRENT_END.\n"}
{"Time":"2026-09-17T16:11:54.277586908+03:00","Action":"output","Package":"github.com/PRO-Robotech/kacho/internal/repohygiene","Test":"TestSubscriptionShapeReasonContract/CI-DT-04-third-branch","Output":"          oneof start {\n"}
{"Time":"2026-09-17T16:11:54.277589122+03:00","Action":"output","Package":"github.com/PRO-Robotech/kacho/internal/repohygiene","Test":"TestSubscriptionShapeReasonContract/CI-DT-04-third-branch","Output":"            // anchor — назвать место словом.\n"}
{"Time":"2026-09-17T16:11:54.277591867+03:00","Action":"output","Package":"github.com/PRO-Robotech/kacho/internal/repohygiene","Test":"TestSubscriptionShapeReasonContract/CI-DT-04-third-branch","Output":"            SubscriptionAnchor anchor = 10;\n"}
{"Time":"2026-09-17T16:11:54.277594152+03:00","Action":"output","Package":"github.com/PRO-Robotech/kacho/internal/repohygiene","Test":"TestSubscriptionShapeReasonContract/CI-DT-04-third-branch","Output":"            // position — непрозрачный токен.\n"}
{"Time":"2026-09-17T16:11:54.277596907+03:00","Action":"output","Package":"github.com/PRO-Robotech/kacho/internal/repohygiene","Test":"TestSubscriptionShapeReasonContract/CI-DT-04-third-branch","Output":"            string position = 11;\n"}
{"Time":"2026-09-17T16:11:54.277599111+03:00","Action":"output","Package":"github.com/PRO-Robotech/kacho/internal/repohygiene","Test":"TestSubscriptionShapeReasonContract/CI-DT-04-third-branch","Output":"          }\n"}
{"Time":"2026-09-17T16:11:54.277601345+03:00","Action":"output","Package":"github.com/PRO-Robotech/kacho/internal/repohygiene","Test":"TestSubscriptionShapeReasonContract/CI-DT-04-third-branch","Output":"        }\n"}
{"Time":"2026-09-17T16:11:54.277605353+03:00","Action":"output","Package":"github.com/PRO-Robotech/kacho/internal/repohygiene","Test":"TestSubscriptionShapeReasonContract/CI-DT-04-third-branch","Output":"        \n"}
{"Time":"2026-09-17T16:11:54.277607978+03:00","Action":"output","Package":"github.com/PRO-Robotech/kacho/internal/repohygiene","Test":"TestSubscriptionShapeReasonContract/CI-DT-04-third-branch","Output":"        // SubscriptionOpened — служебное первое сообщение.\n"}
{"Time":"2026-09-17T16:11:54.277610522+03:00","Action":"output","Package":"github.com/PRO-Robotech/kacho/internal/repohygiene","Test":"TestSubscriptionShapeReasonContract/CI-DT-04-third-branch","Output":"        message SubscriptionOpened {\n"}
{"Time":"2026-09-17T16:11:54.277613268+03:00","Action":"output","Package":"github.com/PRO-Robotech/kacho/internal/repohygiene","Test":"TestSubscriptionShapeReasonContract/CI-DT-04-third-branch","Output":"          string position = 1;\n"}
{"Time":"2026-09-17T16:11:54.277615542+03:00","Action":"output","Package":"github.com/PRO-Robotech/kacho/internal/repohygiene","Test":"TestSubscriptionShapeReasonContract/CI-DT-04-third-branch","Output":"          bool caught_up = 2;\n"}
{"Time":"2026-09-17T16:11:54.277617996+03:00","Action":"output","Package":"github.com/PRO-Robotech/kacho/internal/repohygiene","Test":"TestSubscriptionShapeReasonContract/CI-DT-04-third-branch","Output":"          repeated string honored_filters = 3;\n"}
{"Time":"2026-09-17T16:11:54.277620211+03:00","Action":"output","Package":"github.com/PRO-Robotech/kacho/internal/repohygiene","Test":"TestSubscriptionShapeReasonContract/CI-DT-04-third-branch","Output":"          string earliest_resumable_position = 4;\n"}
{"Time":"2026-09-17T16:11:54.277622595+03:00","Action":"output","Package":"github.com/PRO-Robotech/kacho/internal/repohygiene","Test":"TestSubscriptionShapeReasonContract/CI-DT-04-third-branch","Output":"          bool retains_everything = 5;\n"}
{"Time":"2026-09-17T16:11:54.277626312+03:00","Action":"output","Package":"github.com/PRO-Robotech/kacho/internal/repohygiene","Test":"TestSubscriptionShapeReasonContract/CI-DT-04-third-branch","Output":"        }\n"}
{"Time":"2026-09-17T16:11:54.27763028+03:00","Action":"output","Package":"github.com/PRO-Robotech/kacho/internal/repohygiene","Test":"TestSubscriptionShapeReasonContract/CI-DT-04-third-branch","Output":"        \n"}
{"Time":"2026-09-17T16:11:54.277632464+03:00","Action":"output","Package":"github.com/PRO-Robotech/kacho/internal/repohygiene","Test":"TestSubscriptionShapeReasonContract/CI-DT-04-third-branch","Output":"        // SubscriptionEvent — оболочка события.\n"}
{"Time":"2026-09-17T16:11:54.277634908+03:00","Action":"output","Package":"github.com/PRO-Robotech/kacho/internal/repohygiene","Test":"TestSubscriptionShapeReasonContract/CI-DT-04-third-branch","Output":"        message SubscriptionEvent {\n"}
{"Time":"2026-09-17T16:11:54.277638545+03:00","Action":"output","Package":"github.com/PRO-Robotech/kacho/internal/repohygiene","Test":"TestSubscriptionShapeReasonContract/CI-DT-04-third-branch","Output":"          // StateUnavailable — вторая ветвь носителя.\n"}
{"Time":"2026-09-17T16:11:54.27764104+03:00","Action":"output","Package":"github.com/PRO-Robotech/kacho/internal/repohygiene","Test":"TestSubscriptionShapeReasonContract/CI-DT-04-third-branch","Output":"          message StateUnavailable {\n"}
{"Time":"2026-09-17T16:11:54.277643204+03:00","Action":"output","Package":"github.com/PRO-Robotech/kacho/internal/repohygiene","Test":"TestSubscriptionShapeReasonContract/CI-DT-04-third-branch","Output":"            // reason — почему состояния нет. Это НЕ причина остановки потока.\n"}
{"Time":"2026-09-17T16:11:54.277646179+03:00","Action":"output","Package":"github.com/PRO-Robotech/kacho/internal/repohygiene","Test":"TestSubscriptionShapeReasonContract/CI-DT-04-third-branch","Output":"            string reason = 1;\n"}
{"Time":"2026-09-17T16:11:54.277648323+03:00","Action":"output","Package":"github.com/PRO-Robotech/kacho/internal/repohygiene","Test":"TestSubscriptionShapeReasonContract/CI-DT-04-third-branch","Output":"          }\n"}
{"Time":"2026-09-17T16:11:54.277650307+03:00","Action":"output","Package":"github.com/PRO-Robotech/kacho/internal/repohygiene","Test":"TestSubscriptionShapeReasonContract/CI-DT-04-third-branch","Output":"        \n"}
{"Time":"2026-09-17T16:11:54.277653884+03:00","Action":"output","Package":"github.com/PRO-Robotech/kacho/internal/repohygiene","Test":"TestSubscriptionShapeReasonContract/CI-DT-04-third-branch","Output":"          string position = 1;\n"}
{"Time":"2026-09-17T16:11:54.277656138+03:00","Action":"output","Package":"github.com/PRO-Robotech/kacho/internal/repohygiene","Test":"TestSubscriptionShapeReasonContract/CI-DT-04-third-branch","Output":"          string kind = 2;\n"}
{"Time":"2026-09-17T16:11:54.277658342+03:00","Action":"output","Package":"github.com/PRO-Robotech/kacho/internal/repohygiene","Test":"TestSubscriptionShapeReasonContract/CI-DT-04-third-branch","Output":"          string resource_id = 3;\n"}
{"Time":"2026-09-17T16:11:54.277662179+03:00","Action":"output","Package":"github.com/PRO-Robotech/kacho/internal/repohygiene","Test":"TestSubscriptionShapeReasonContract/CI-DT-04-third-branch","Output":"          // project_id — авторизуемый якорь, поле ОБОЛОЧКИ.\n"}
{"Time":"2026-09-17T16:11:54.277664664+03:00","Action":"output","Package":"github.com/PRO-Robotech/kacho/internal/repohygiene","Test":"TestSubscriptionShapeReasonContract/CI-DT-04-third-branch","Output":"          string project_id = 4;\n"}
{"Time":"2026-09-17T16:11:54.277666758+03:00","Action":"output","Package":"github.com/PRO-Robotech/kacho/internal/repohygiene","Test":"TestSubscriptionShapeReasonContract/CI-DT-04-third-branch","Output":"        \n"}
{"Time":"2026-09-17T16:11:54.277668792+03:00","Action":"output","Package":"github.com/PRO-Robotech/kacho/internal/repohygiene","Test":"TestSubscriptionShapeReasonContract/CI-DT-04-third-branch","Output":"          oneof carrier {\n"}
{"Time":"2026-09-17T16:11:54.277672319+03:00","Action":"output","Package":"github.com/PRO-Robotech/kacho/internal/repohygiene","Test":"TestSubscriptionShapeReasonContract/CI-DT-04-third-branch","Output":"            google.protobuf.Any state = 10;\n"}
{"Time":"2026-09-17T16:11:54.277674583+03:00","Action":"output","Package":"github.com/PRO-Robotech/kacho/internal/repohygiene","Test":"TestSubscriptionShapeReasonContract/CI-DT-04-third-branch","Output":"            StateUnavailable state_unavailable = 11;\n"}
{"Time":"2026-09-17T16:11:54.277676747+03:00","Action":"output","Package":"github.com/PRO-Robotech/kacho/internal/repohygiene","Test":"TestSubscriptionShapeReasonContract/CI-DT-04-third-branch","Output":"            string state_summary = 12;\n"}
{"Time":"2026-09-17T16:11:54.277680183+03:00","Action":"output","Package":"github.com/PRO-Robotech/kacho/internal/repohygiene","Test":"TestSubscriptionShapeReasonContract/CI-DT-04-third-branch","Output":"          }\n"}
{"Time":"2026-09-17T16:11:54.277682387+03:00","Action":"output","Package":"github.com/PRO-Robotech/kacho/internal/repohygiene","Test":"TestSubscriptionShapeReasonContract/CI-DT-04-third-branch","Output":"        }\n"}
{"Time":"2026-09-17T16:11:54.277685473+03:00","Action":"output","Package":"github.com/PRO-Robotech/kacho/internal/repohygiene","Test":"TestSubscriptionShapeReasonContract/CI-DT-04-third-branch","Output":"        \n"}
{"Time":"2026-09-17T16:11:54.277687637+03:00","Action":"output","Package":"github.com/PRO-Robotech/kacho/internal/repohygiene","Test":"TestSubscriptionShapeReasonContract/CI-DT-04-third-branch","Output":"        \n"}
{"Time":"2026-09-17T16:11:54.277690964+03:00","Action":"output","Package":"github.com/PRO-Robotech/kacho/internal/repohygiene","Test":"TestSubscriptionShapeAnchorCanFail/якорь_ветвью_ветвления_—_находка","Output":"    subscriptionformshape_injection_test.go:495: перепись: proto/corelib/subscription/subscription.proto — строк 69, типов 5 (верхнего уровня 4), полей 17 (осей 3), значений перечислений 3; утверждений проверено 44; находок 2\n"}
{"Time":"2026-09-17T16:11:54.277696905+03:00","Action":"output","Package":"github.com/PRO-Robotech/kacho/internal/repohygiene","Test":"TestGRPCMountParity_AnAllowForAnUnownedPackageIsOutOfSubject","Output":"--- PASS: TestGRPCMountParity_AnAllowForAnUnownedPackageIsOutOfSubject (0.01s)\n"}
{"Time":"2026-09-17T16:11:54.277700021+03:00","Action":"pass","Package":"github.com/PRO-Robotech/kacho/internal/repohygiene","Test":"TestGRPCMountParity_AnAllowForAnUnownedPackageIsOutOfSubject","Elapsed":0.01}
{"Time":"2026-09-17T16:11:54.277702625+03:00","Action":"output","Package":"github.com/PRO-Robotech/kacho/internal/repohygiene","Test":"TestSubscriptionShapePerimeterCanFail/слова_`service`_и_`rpc`_В_ПРОЗЕ_—_молчание","Output":"--- PASS: TestSubscriptionShapePerimeterCanFail/слова_`service`_и_`rpc`_В_ПРОЗЕ_—_молчание (0.00s)\n"}
{"Time":"2026-09-17T16:11:54.277706833+03:00","Action":"pass","Package":"github.com/PRO-Robotech/kacho/internal/repohygiene","Test":"TestSubscriptionShapePerimeterCanFail/слова_`service`_и_`rpc`_В_ПРОЗЕ_—_молчание","Elapsed":0}
{"Time":"2026-09-17T16:11:54.277709538+03:00","Action":"output","Package":"github.com/PRO-Robotech/kacho/internal/repohygiene","Test":"TestSubscriptionShapeOwnerVocabularyCanFail/перечисление_рядом,_но_ось_строковая_—_молчание","Output":"    subscriptionformshape_injection_test.go:621: перепись: proto/corelib/subscription/subscription.proto — строк 75, типов 6 (верхнего уровня 5), полей 17 (осей 3), значений перечислений 5; утверждений проверено 44; находок 0\n"}
{"Time":"2026-09-17T16:11:54.277716792+03:00","Action":"run","Package":"github.com/PRO-Robotech/kacho/internal/repohygiene","Test":"TestSubscriptionShapePerimeterCanFail/импорт_доменного_контракта_—_находка"}
{"Time":"2026-09-17T16:11:54.277719157+03:00","Action":"output","Package":"github.com/PRO-Robotech/kacho/internal/repohygiene","Test":"TestSubscriptionShapePerimeterCanFail/импорт_доменного_контракта_—_находка","Output":"=== RUN   TestSubscriptionShapePerimeterCanFail/импорт_доменного_контракта_—_находка\n"}
{"Time":"2026-09-17T16:11:54.294797342+03:00","Action":"output","Package":"github.com/PRO-Robotech/kacho/internal/repohygiene","Test":"TestSubscriptionShapeCarrierCanFail/ветвей_три_—_находка","Output":"--- PASS: TestSubscriptionShapeCarrierCanFail/ветвей_три_—_находка (0.02s)\n"}
{"Time":"2026-09-17T16:11:54.294829493+03:00","Action":"pass","Package":"github.com/PRO-Robotech/kacho/internal/repohygiene","Test":"TestSubscriptionShapeCarrierCanFail/ветвей_три_—_находка","Elapsed":0.02}
{"Time":"2026-09-17T16:11:54.294839181+03:00","Action":"output","Package":"github.com/PRO-Robotech/kacho/internal/repohygiene","Test":"TestSubscriptionShapeOwnerVocabularyCanFail/перечисление_рядом,_но_ось_строковая_—_молчание","Output":"--- PASS: TestSubscriptionShapeOwnerVocabularyCanFail/перечисление_рядом,_но_ось_строковая_—_молчание (0.02s)\n"}
{"Time":"2026-09-17T16:11:54.294843319+03:00","Action":"pass","Package":"github.com/PRO-Robotech/kacho/internal/repohygiene","Test":"TestSubscriptionShapeOwnerVocabularyCanFail/перечисление_рядом,_но_ось_строковая_—_молчание","Elapsed":0.02}
{"Time":"2026-09-17T16:11:54.294846464+03:00","Action":"output","Package":"github.com/PRO-Robotech/kacho/internal/repohygiene","Test":"TestSubscriptionShapeAbsentAxisCanFail/причина_отсутствия_НЕ_названа_—_находка","Output":"--- PASS: TestSubscriptionShapeAbsentAxisCanFail/причина_отсутствия_НЕ_названа_—_находка (0.02s)\n"}
{"Time":"2026-09-17T16:11:54.294849961+03:00","Action":"pass","Package":"github.com/PRO-Robotech/kacho/internal/repohygiene","Test":"TestSubscriptionShapeAbsentAxisCanFail/причина_отсутствия_НЕ_названа_—_находка","Elapsed":0.02}
{"Time":"2026-09-17T16:11:54.294853949+03:00","Action":"output","Package":"github.com/PRO-Robotech/kacho/internal/repohygiene","Test":"TestSubscriptionShapeOwnerVocabularyCanFail","Output":"--- PASS: TestSubscriptionShapeOwnerVocabularyCanFail (0.02s)\n"}
{"Time":"2026-09-17T16:11:54.294858677+03:00","Action":"pass","Package":"github.com/PRO-Robotech/kacho/internal/repohygiene","Test":"TestSubscriptionShapeOwnerVocabularyCanFail","Elapsed":0.02}
{"Time":"2026-09-17T16:11:54.294861372+03:00","Action":"output","Package":"github.com/PRO-Robotech/kacho/internal/repohygiene","Test":"TestSubscriptionShapeAxisLedgerCanFail/поле,_добавленное_ВМЕСТЕ_с_записью,_—_молчание","Output":"--- PASS: TestSubscriptionShapeAxisLedgerCanFail/поле,_добавленное_ВМЕСТЕ_с_записью,_—_молчание (0.02s)\n"}
{"Time":"2026-09-17T16:11:54.294864599+03:00","Action":"pass","Package":"github.com/PRO-Robotech/kacho/internal/repohygiene","Test":"TestSubscriptionShapeAxisLedgerCanFail/поле,_добавленное_ВМЕСТЕ_с_записью,_—_молчание","Elapsed":0.02}
{"Time":"2026-09-17T16:11:54.294868877+03:00","Action":"output","Package":"github.com/PRO-Robotech/kacho/internal/repohygiene","Test":"TestSubscriptionShapeAnchorCanFail/якорь_ветвью_ветвления_—_находка","Output":"--- PASS: TestSubscriptionShapeAnchorCanFail/якорь_ветвью_ветвления_—_находка (0.02s)\n"}
{"Time":"2026-09-17T16:11:54.294873395+03:00","Action":"pass","Package":"github.com/PRO-Robotech/kacho/internal/repohygiene","Test":"TestSubscriptionShapeAnchorCanFail/якорь_ветвью_ветвления_—_находка","Elapsed":0.02}
{"Time":"2026-09-17T16:11:54.294877623+03:00","Action":"run","Package":"github.com/PRO-Robotech/kacho/internal/repohygiene","Test":"TestSubscriptionShapeCarrierCanFail/состояние_свободной_структурой_—_находка"}
{"Time":"2026-09-17T16:11:54.294880228+03:00","Action":"output","Package":"github.com/PRO-Robotech/kacho/internal/repohygiene","Test":"TestSubscriptionShapeCarrierCanFail/состояние_свободной_структурой_—_находка","Output":"=== RUN   TestSubscriptionShapeCarrierCanFail/состояние_свободной_структурой_—_находка\n"}
{"Time":"2026-09-17T16:11:54.294905776+03:00","Action":"output","Package":"github.com/PRO-Robotech/kacho/internal/repohygiene","Test":"TestSubscriptionShapeCategoryMarkCanFail/признак_переизложен_—_молчание","Output":"--- PASS: TestSubscriptionShapeCategoryMarkCanFail/признак_переизложен_—_молчание (0.02s)\n"}
{"Time":"2026-09-17T16:11:54.294921305+03:00","Action":"pass","Package":"github.com/PRO-Robotech/kacho/internal/repohygiene","Test":"TestSubscriptionShapeCategoryMarkCanFail/признак_переизложен_—_молчание","Elapsed":0.02}
{"Time":"2026-09-17T16:11:54.29492419+03:00","Action":"run","Package":"github.com/PRO-Robotech/kacho/internal/repohygiene","Test":"TestSubscriptionShapeAxisLedgerCanFail/запись,_которой_нечего_исключать,_—_находка"}
{"Time":"2026-09-17T16:11:54.294926715+03:00","Action":"output","Package":"github.com/PRO-Robotech/kacho/internal/repohygiene","Test":"TestSubscriptionShapeAxisLedgerCanFail/запись,_которой_нечего_исключать,_—_находка","Output":"=== RUN   TestSubscriptionShapeAxisLedgerCanFail/запись,_которой_нечего_исключать,_—_находка\n"}
{"Time":"2026-09-17T16:11:54.294931544+03:00","Action":"output","Package":"github.com/PRO-Robotech/kacho/internal/repohygiene","Test":"TestSubscriptionShapeReasonContract/CI-DT-04-third-branch","Output":"--- PASS: TestSubscriptionShapeReasonContract/CI-DT-04-third-branch (0.02s)\n"}
{"Time":"2026-09-17T16:11:54.295002137+03:00","Action":"pass","Package":"github.com/PRO-Robotech/kacho/internal/repohygiene","Test":"TestSubscriptionShapeReasonContract/CI-DT-04-third-branch","Elapsed":0.02}
{"Time":"2026-09-17T16:11:54.295029839+03:00","Action":"output","Package":"github.com/PRO-Robotech/kacho/internal/repohygiene","Test":"TestSubscriptionShapeReasonContract","Output":"--- PASS: TestSubscriptionShapeReasonContract (0.02s)\n"}
{"Time":"2026-09-17T16:11:54.295037063+03:00","Action":"pass","Package":"github.com/PRO-Robotech/kacho/internal/repohygiene","Test":"TestSubscriptionShapeReasonContract","Elapsed":0.02}
{"Time":"2026-09-17T16:11:54.295045428+03:00","Action":"output","Package":"github.com/PRO-Robotech/kacho/internal/repohygiene","Test":"TestSubscriptionShapeStopReasonCanFail/то_же_имя_ВНУТРИ_вложенного_сообщения_—_молчание","Output":"--- PASS: TestSubscriptionShapeStopReasonCanFail/то_же_имя_ВНУТРИ_вложенного_сообщения_—_молчание (0.02s)\n"}
{"Time":"2026-09-17T16:11:54.29505194+03:00","Action":"pass","Package":"github.com/PRO-Robotech/kacho/internal/repohygiene","Test":"TestSubscriptionShapeStopReasonCanFail/то_же_имя_ВНУТРИ_вложенного_сообщения_—_молчание","Elapsed":0.02}
{"Time":"2026-09-17T16:11:54.295056249+03:00","Action":"output","Package":"github.com/PRO-Robotech/kacho/internal/repohygiene","Test":"TestSubscriptionShapeCategoryMarkCanFail","Output":"--- PASS: TestSubscriptionShapeCategoryMarkCanFail (0.02s)\n"}
{"Time":"2026-09-17T16:11:54.29506751+03:00","Action":"pass","Package":"github.com/PRO-Robotech/kacho/internal/repohygiene","Test":"TestSubscriptionShapeCategoryMarkCanFail","Elapsed":0.02}
{"Time":"2026-09-17T16:11:54.295071127+03:00","Action":"output","Package":"github.com/PRO-Robotech/kacho/internal/repohygiene","Test":"TestCatalogReachability_RedOnAServiceTheContractDoesNotHave","Output":"--- PASS: TestCatalogReachability_RedOnAServiceTheContractDoesNotHave (0.02s)\n"}
{"Time":"2026-09-17T16:11:54.295078861+03:00","Action":"pass","Package":"github.com/PRO-Robotech/kacho/internal/repohygiene","Test":"TestCatalogReachability_RedOnAServiceTheContractDoesNotHave","Elapsed":0.02}
{"Time":"2026-09-17T16:11:54.295082638+03:00","Action":"run","Package":"github.com/PRO-Robotech/kacho/internal/repohygiene","Test":"TestSubscriptionShapeAbsentAxisCanFail/причина_переизложена_—_молчание"}
{"Time":"2026-09-17T16:11:54.295085483+03:00","Action":"output","Package":"github.com/PRO-Robotech/kacho/internal/repohygiene","Test":"TestSubscriptionShapeAbsentAxisCanFail/причина_переизложена_—_молчание","Output":"=== RUN   TestSubscriptionShapeAbsentAxisCanFail/причина_переизложена_—_молчание\n"}
{"Time":"2026-09-17T16:11:54.295089611+03:00","Action":"output","Package":"github.com/PRO-Robotech/kacho/internal/repohygiene","Test":"TestSubscriptionShapeStopReasonCanFail","Output":"--- PASS: TestSubscriptionShapeStopReasonCanFail (0.02s)\n"}
{"Time":"2026-09-17T16:11:54.295095492+03:00","Action":"pass","Package":"github.com/PRO-Robotech/kacho/internal/repohygiene","Test":"TestSubscriptionShapeStopReasonCanFail","Elapsed":0.02}
{"Time":"2026-09-17T16:11:54.295098478+03:00","Action":"output","Package":"github.com/PRO-Robotech/kacho/internal/repohygiene","Test":"TestSubscriptionShapePerimeterCanFail/импорт_доменного_контракта_—_находка","Output":"    subscriptionformshape_injection_test.go:590: перепись: proto/corelib/subscription/subscription.proto — строк 70, типов 5 (верхнего уровня 4), полей 17 (осей 3), значений перечислений 3; утверждений проверено 45; находок 1\n"}
{"Time":"2026-09-17T16:11:54.295107204+03:00","Action":"output","Package":"github.com/PRO-Robotech/kacho/internal/repohygiene","Test":"TestSubscriptionShapeUnsetOutcomeCanFail/исход_назван,_но_не_называет_объявленного_значения_—_находка","Output":"--- PASS: TestSubscriptionShapeUnsetOutcomeCanFail/исход_назван,_но_не_называет_объявленного_значения_—_находка (0.02s)\n"}
{"Time":"2026-09-17T16:11:54.295116281+03:00","Action":"pass","Package":"github.com/PRO-Robotech/kacho/internal/repohygiene","Test":"TestSubscriptionShapeUnsetOutcomeCanFail/исход_назван,_но_не_называет_объявленного_значения_—_находка","Elapsed":0.02}
{"Time":"2026-09-17T16:11:54.295199287+03:00","Action":"run","Package":"github.com/PRO-Robotech/kacho/internal/repohygiene","Test":"TestSubscriptionShapeAnchorCanFail/якорь_ВНУТРИ_нагрузки_—_находка"}
{"Time":"2026-09-17T16:11:54.295206361+03:00","Action":"output","Package":"github.com/PRO-Robotech/kacho/internal/repohygiene","Test":"TestSubscriptionShapeAnchorCanFail/якорь_ВНУТРИ_нагрузки_—_находка","Output":"=== RUN   TestSubscriptionShapeAnchorCanFail/якорь_ВНУТРИ_нагрузки_—_находка\n"}
{"Time":"2026-09-17T16:11:54.295223853+03:00","Action":"output","Package":"github.com/PRO-Robotech/kacho/internal/repohygiene","Test":"TestSubscriptionShapeRefusesAnEmptyRead/файл_есть,_объявлений_нет","Output":"--- PASS: TestSubscriptionShapeRefusesAnEmptyRead/файл_есть,_объявлений_нет (0.02s)\n"}
{"Time":"2026-09-17T16:11:54.295228252+03:00","Action":"pass","Package":"github.com/PRO-Robotech/kacho/internal/repohygiene","Test":"TestSubscriptionShapeRefusesAnEmptyRead/файл_есть,_объявлений_нет","Elapsed":0.02}
{"Time":"2026-09-17T16:11:54.295300317+03:00","Action":"run","Package":"github.com/PRO-Robotech/kacho/internal/repohygiene","Test":"TestSubscriptionShapeUnsetOutcomeCanFail/исход_назван_ДРУГИМ_значением_и_другими_словами_—_молчание"}
{"Time":"2026-09-17T16:11:54.295306749+03:00","Action":"output","Package":"github.com/PRO-Robotech/kacho/internal/repohygiene","Test":"TestSubscriptionShapeUnsetOutcomeCanFail/исход_назван_ДРУГИМ_значением_и_другими_словами_—_молчание","Output":"=== RUN   TestSubscriptionShapeUnsetOutcomeCanFail/исход_назван_ДРУГИМ_значением_и_другими_словами_—_молчание\n"}
{"Time":"2026-09-17T16:11:54.295312149+03:00","Action":"run","Package":"github.com/PRO-Robotech/kacho/internal/repohygiene","Test":"TestSubscriptionShapeRefusesAnEmptyRead/судится_не_тот_файл"}
{"Time":"2026-09-17T16:11:54.295314744+03:00","Action":"output","Package":"github.com/PRO-Robotech/kacho/internal/repohygiene","Test":"TestSubscriptionShapeRefusesAnEmptyRead/судится_не_тот_файл","Output":"=== RUN   TestSubscriptionShapeRefusesAnEmptyRead/судится_не_тот_файл\n"}
{"Time":"2026-09-17T16:11:54.295861351+03:00","Action":"output","Package":"github.com/PRO-Robotech/kacho/internal/repohygiene","Test":"TestSubscriptionShapePerimeterCanFail/импорт_доменного_контракта_—_находка","Output":"--- PASS: TestSubscriptionShapePerimeterCanFail/импорт_доменного_контракта_—_находка (0.02s)\n"}
{"Time":"2026-09-17T16:11:54.295874055+03:00","Action":"pass","Package":"github.com/PRO-Robotech/kacho/internal/repohygiene","Test":"TestSubscriptionShapePerimeterCanFail/импорт_доменного_контракта_—_находка","Elapsed":0.02}
{"Time":"2026-09-17T16:11:54.295881669+03:00","Action":"run","Package":"github.com/PRO-Robotech/kacho/internal/repohygiene","Test":"TestSubscriptionShapePerimeterCanFail/импорт_стандартного_контракта_—_молчание"}
{"Time":"2026-09-17T16:11:54.295886068+03:00","Action":"output","Package":"github.com/PRO-Robotech/kacho/internal/repohygiene","Test":"TestSubscriptionShapePerimeterCanFail/импорт_стандартного_контракта_—_молчание","Output":"=== RUN   TestSubscriptionShapePerimeterCanFail/импорт_стандартного_контракта_—_молчание\n"}
{"Time":"2026-09-17T16:11:54.295893191+03:00","Action":"output","Package":"github.com/PRO-Robotech/kacho/internal/repohygiene","Test":"TestGRPCMountParity_ReadsTheImportAliasAndNotThePathTail","Output":"--- PASS: TestGRPCMountParity_ReadsTheImportAliasAndNotThePathTail (0.02s)\n"}
{"Time":"2026-09-17T16:11:54.29592447+03:00","Action":"pass","Package":"github.com/PRO-Robotech/kacho/internal/repohygiene","Test":"TestGRPCMountParity_ReadsTheImportAliasAndNotThePathTail","Elapsed":0.02}
{"Time":"2026-09-17T16:11:54.29592997+03:00","Action":"output","Package":"github.com/PRO-Robotech/kacho/internal/repohygiene","Test":"TestSubscriptionShapeCarrierCanFail/состояние_свободной_структурой_—_находка","Output":"    subscriptionformshape_injection_test.go:447: перепись: proto/corelib/subscription/subscription.proto — строк 69, типов 5 (верхнего уровня 4), полей 17 (осей 3), значений перечислений 3; утверждений проверено 44; находок 1\n"}
{"Time":"2026-09-17T16:11:54.29599387+03:00","Action":"output","Package":"github.com/PRO-Robotech/kacho/internal/repohygiene","Test":"TestSubscriptionShapeAbsentAxisCanFail/причина_переизложена_—_молчание","Output":"    subscriptionformshape_injection_test.go:373: перепись: proto/corelib/subscription/subscription.proto — строк 70, типов 5 (верхнего уровня 4), полей 17 (осей 3), значений перечислений 3; утверждений проверено 44; находок 0\n"}
{"Time":"2026-09-17T16:11:54.296004079+03:00","Action":"output","Package":"github.com/PRO-Robotech/kacho/internal/repohygiene","Test":"TestGRPCMountParity_AStaleAllowIsItselfAFinding","Output":"--- PASS: TestGRPCMountParity_AStaleAllowIsItselfAFinding (0.02s)\n"}
{"Time":"2026-09-17T16:11:54.29607333+03:00","Action":"pass","Package":"github.com/PRO-Robotech/kacho/internal/repohygiene","Test":"TestGRPCMountParity_AStaleAllowIsItselfAFinding","Elapsed":0.02}
{"Time":"2026-09-17T16:11:54.296083188+03:00","Action":"output","Package":"github.com/PRO-Robotech/kacho/internal/repohygiene","Test":"TestSubscriptionShapeAnchorCanFail/якорь_ВНУТРИ_нагрузки_—_находка","Output":"    subscriptionformshape_injection_test.go:504: перепись: proto/corelib/subscription/subscription.proto — строк 73, типов 6 (верхнего уровня 4), полей 18 (осей 3), значений перечислений 3; утверждений проверено 45; находок 1\n"}
{"Time":"2026-09-17T16:11:54.296093477+03:00","Action":"output","Package":"github.com/PRO-Robotech/kacho/internal/repohygiene","Test":"TestSubscriptionShapeAxisLedgerCanFail/запись,_которой_нечего_исключать,_—_находка","Output":"    subscriptionformshape_injection_test.go:289: перепись: proto/corelib/subscription/subscription.proto — строк 69, типов 5 (верхнего уровня 4), полей 17 (осей 3), значений перечислений 3; утверждений проверено 46; находок 1\n"}
{"Time":"2026-09-17T16:11:54.296103937+03:00","Action":"output","Package":"github.com/PRO-Robotech/kacho/internal/repohygiene","Test":"TestSubscriptionShapeUnsetOutcomeCanFail/исход_назван_ДРУГИМ_значением_и_другими_словами_—_молчание","Output":"    subscriptionformshape_injection_test.go:407: перепись: proto/corelib/subscription/subscription.proto — строк 70, типов 5 (верхнего уровня 4), полей 17 (осей 3), значений перечислений 3; утверждений проверено 44; находок 0\n"}
{"Time":"2026-09-17T16:11:54.296209085+03:00","Action":"output","Package":"github.com/PRO-Robotech/kacho/internal/repohygiene","Test":"TestSubscriptionShapeAbsentAxisCanFail/причина_переизложена_—_молчание","Output":"--- PASS: TestSubscriptionShapeAbsentAxisCanFail/причина_переизложена_—_молчание (0.00s)\n"}
{"Time":"2026-09-17T16:11:54.296218793+03:00","Action":"pass","Package":"github.com/PRO-Robotech/kacho/internal/repohygiene","Test":"TestSubscriptionShapeAbsentAxisCanFail/причина_переизложена_—_молчание","Elapsed":0}
{"Time":"2026-09-17T16:11:54.296223822+03:00","Action":"output","Package":"github.com/PRO-Robotech/kacho/internal/repohygiene","Test":"TestSubscriptionShapeAbsentAxisCanFail","Output":"--- PASS: TestSubscriptionShapeAbsentAxisCanFail (0.02s)\n"}
{"Time":"2026-09-17T16:11:54.296229954+03:00","Action":"pass","Package":"github.com/PRO-Robotech/kacho/internal/repohygiene","Test":"TestSubscriptionShapeAbsentAxisCanFail","Elapsed":0.02}
{"Time":"2026-09-17T16:11:54.296234032+03:00","Action":"output","Package":"github.com/PRO-Robotech/kacho/internal/repohygiene","Test":"TestSubscriptionShapeRefusesAnEmptyRead/судится_не_тот_файл","Output":"--- PASS: TestSubscriptionShapeRefusesAnEmptyRead/судится_не_тот_файл (0.00s)\n"}
{"Time":"2026-09-17T16:11:54.296239592+03:00","Action":"pass","Package":"github.com/PRO-Robotech/kacho/internal/repohygiene","Test":"TestSubscriptionShapeRefusesAnEmptyRead/судится_не_тот_файл","Elapsed":0}
{"Time":"2026-09-17T16:11:54.29624364+03:00","Action":"output","Package":"github.com/PRO-Robotech/kacho/internal/repohygiene","Test":"TestSubscriptionShapeRefusesAnEmptyRead","Output":"--- PASS: TestSubscriptionShapeRefusesAnEmptyRead (0.02s)\n"}
{"Time":"2026-09-17T16:11:54.296249931+03:00","Action":"pass","Package":"github.com/PRO-Robotech/kacho/internal/repohygiene","Test":"TestSubscriptionShapeRefusesAnEmptyRead","Elapsed":0.02}
{"Time":"2026-09-17T16:11:54.296261163+03:00","Action":"output","Package":"github.com/PRO-Robotech/kacho/internal/repohygiene","Test":"TestSubscriptionShapeCarrierCanFail/состояние_свободной_структурой_—_находка","Output":"--- PASS: TestSubscriptionShapeCarrierCanFail/состояние_свободной_структурой_—_находка (0.00s)\n"}
{"Time":"2026-09-17T16:11:54.296266262+03:00","Action":"pass","Package":"github.com/PRO-Robotech/kacho/internal/repohygiene","Test":"TestSubscriptionShapeCarrierCanFail/состояние_свободной_структурой_—_находка","Elapsed":0}
{"Time":"2026-09-17T16:11:54.296274017+03:00","Action":"output","Package":"github.com/PRO-Robotech/kacho/internal/repohygiene","Test":"TestSubscriptionShapePerimeterCanFail/импорт_стандартного_контракта_—_молчание","Output":"    subscriptionformshape_injection_test.go:598: перепись: proto/corelib/subscription/subscription.proto — строк 70, типов 5 (верхнего уровня 4), полей 17 (осей 3), значений перечислений 3; утверждений проверено 45; находок 0\n"}
{"Time":"2026-09-17T16:11:54.296280389+03:00","Action":"run","Package":"github.com/PRO-Robotech/kacho/internal/repohygiene","Test":"TestSubscriptionShapeCarrierCanFail/ветви_состояния_нет_вовсе_—_находка"}
{"Time":"2026-09-17T16:11:54.296284156+03:00","Action":"output","Package":"github.com/PRO-Robotech/kacho/internal/repohygiene","Test":"TestSubscriptionShapeCarrierCanFail/ветви_состояния_нет_вовсе_—_находка","Output":"=== RUN   TestSubscriptionShapeCarrierCanFail/ветви_состояния_нет_вовсе_—_находка\n"}
{"Time":"2026-09-17T16:11:54.296331635+03:00","Action":"output","Package":"github.com/PRO-Robotech/kacho/internal/repohygiene","Test":"TestSubscriptionShapeUnsetOutcomeCanFail/исход_назван_ДРУГИМ_значением_и_другими_словами_—_молчание","Output":"--- PASS: TestSubscriptionShapeUnsetOutcomeCanFail/исход_назван_ДРУГИМ_значением_и_другими_словами_—_молчание (0.00s)\n"}
{"Time":"2026-09-17T16:11:54.296340622+03:00","Action":"pass","Package":"github.com/PRO-Robotech/kacho/internal/repohygiene","Test":"TestSubscriptionShapeUnsetOutcomeCanFail/исход_назван_ДРУГИМ_значением_и_другими_словами_—_молчание","Elapsed":0}
{"Time":"2026-09-17T16:11:54.296346823+03:00","Action":"run","Package":"github.com/PRO-Robotech/kacho/internal/repohygiene","Test":"TestSubscriptionShapeUnsetOutcomeCanFail/начало_не_ветвление_—_находка"}
{"Time":"2026-09-17T16:11:54.296350731+03:00","Action":"output","Package":"github.com/PRO-Robotech/kacho/internal/repohygiene","Test":"TestSubscriptionShapeUnsetOutcomeCanFail/начало_не_ветвление_—_находка","Output":"=== RUN   TestSubscriptionShapeUnsetOutcomeCanFail/начало_не_ветвление_—_находка\n"}
{"Time":"2026-09-17T16:11:54.296414921+03:00","Action":"output","Package":"github.com/PRO-Robotech/kacho/internal/repohygiene","Test":"TestSubscriptionShapeAxisLedgerCanFail/запись,_которой_нечего_исключать,_—_находка","Output":"--- PASS: TestSubscriptionShapeAxisLedgerCanFail/запись,_которой_нечего_исключать,_—_находка (0.00s)\n"}
{"Time":"2026-09-17T16:11:54.296422245+03:00","Action":"pass","Package":"github.com/PRO-Robotech/kacho/internal/repohygiene","Test":"TestSubscriptionShapeAxisLedgerCanFail/запись,_которой_нечего_исключать,_—_находка","Elapsed":0}
{"Time":"2026-09-17T16:11:54.296439608+03:00","Action":"run","Package":"github.com/PRO-Robotech/kacho/internal/repohygiene","Test":"TestSubscriptionShapeAxisLedgerCanFail/запись_без_причины_—_находка"}
{"Time":"2026-09-17T16:11:54.296442193+03:00","Action":"output","Package":"github.com/PRO-Robotech/kacho/internal/repohygiene","Test":"TestSubscriptionShapeAxisLedgerCanFail/запись_без_причины_—_находка","Output":"=== RUN   TestSubscriptionShapeAxisLedgerCanFail/запись_без_причины_—_находка\n"}
{"Time":"2026-09-17T16:11:54.296446591+03:00","Action":"output","Package":"github.com/PRO-Robotech/kacho/internal/repohygiene","Test":"TestSubscriptionShapeAnchorCanFail/якорь_ВНУТРИ_нагрузки_—_находка","Output":"--- PASS: TestSubscriptionShapeAnchorCanFail/якорь_ВНУТРИ_нагрузки_—_находка (0.00s)\n"}
{"Time":"2026-09-17T16:11:54.296459946+03:00","Action":"pass","Package":"github.com/PRO-Robotech/kacho/internal/repohygiene","Test":"TestSubscriptionShapeAnchorCanFail/якорь_ВНУТРИ_нагрузки_—_находка","Elapsed":0}
{"Time":"2026-09-17T16:11:54.29648864+03:00","Action":"run","Package":"github.com/PRO-Robotech/kacho/internal/repohygiene","Test":"TestSubscriptionShapeAnchorCanFail/якорь_на_верхнем_уровне,_но_иначе_записан_—_молчание"}
{"Time":"2026-09-17T16:11:54.296492547+03:00","Action":"output","Package":"github.com/PRO-Robotech/kacho/internal/repohygiene","Test":"TestSubscriptionShapeAnchorCanFail/якорь_на_верхнем_уровне,_но_иначе_записан_—_молчание","Output":"=== RUN   TestSubscriptionShapeAnchorCanFail/якорь_на_верхнем_уровне,_но_иначе_записан_—_молчание\n"}
{"Time":"2026-09-17T16:11:54.29657379+03:00","Action":"output","Package":"github.com/PRO-Robotech/kacho/internal/repohygiene","Test":"TestSubscriptionShapePerimeterCanFail/импорт_стандартного_контракта_—_молчание","Output":"--- PASS: TestSubscriptionShapePerimeterCanFail/импорт_стандартного_контракта_—_молчание (0.00s)\n"}
{"Time":"2026-09-17T16:11:54.296583698+03:00","Action":"pass","Package":"github.com/PRO-Robotech/kacho/internal/repohygiene","Test":"TestSubscriptionShapePerimeterCanFail/импорт_стандартного_контракта_—_молчание","Elapsed":0}
{"Time":"2026-09-17T16:11:54.29658978+03:00","Action":"output","Package":"github.com/PRO-Robotech/kacho/internal/repohygiene","Test":"TestSubscriptionShapePerimeterCanFail","Output":"--- PASS: TestSubscriptionShapePerimeterCanFail (0.02s)\n"}
{"Time":"2026-09-17T16:11:54.296663689+03:00","Action":"pass","Package":"github.com/PRO-Robotech/kacho/internal/repohygiene","Test":"TestSubscriptionShapePerimeterCanFail","Elapsed":0.02}
{"Time":"2026-09-17T16:11:54.296671694+03:00","Action":"output","Package":"github.com/PRO-Robotech/kacho/internal/repohygiene","Test":"TestSubscriptionShapeCarrierCanFail/ветви_состояния_нет_вовсе_—_находка","Output":"    subscriptionformshape_injection_test.go:459: перепись: proto/corelib/subscription/subscription.proto — строк 69, типов 5 (верхнего уровня 4), полей 17 (осей 3), значений перечислений 3; утверждений проверено 43; находок 1\n"}
{"Time":"2026-09-17T16:11:54.296763737+03:00","Action":"output","Package":"github.com/PRO-Robotech/kacho/internal/repohygiene","Test":"TestSubscriptionShapeUnsetOutcomeCanFail/начало_не_ветвление_—_находка","Output":"    subscriptionformshape_injection_test.go:415: перепись: proto/corelib/subscription/subscription.proto — строк 62, типов 5 (верхнего уровня 4), полей 16 (осей 3), значений перечислений 3; утверждений проверено 40; находок 1\n"}
{"Time":"2026-09-17T16:11:54.296860048+03:00","Action":"output","Package":"github.com/PRO-Robotech/kacho/internal/repohygiene","Test":"TestSubscriptionShapeCarrierCanFail/ветви_состояния_нет_вовсе_—_находка","Output":"--- PASS: TestSubscriptionShapeCarrierCanFail/ветви_состояния_нет_вовсе_—_находка (0.00s)\n"}
{"Time":"2026-09-17T16:11:54.296868554+03:00","Action":"pass","Package":"github.com/PRO-Robotech/kacho/internal/repohygiene","Test":"TestSubscriptionShapeCarrierCanFail/ветви_состояния_нет_вовсе_—_находка","Elapsed":0}
{"Time":"2026-09-17T16:11:54.296873653+03:00","Action":"output","Package":"github.com/PRO-Robotech/kacho/internal/repohygiene","Test":"TestSubscriptionShapeAnchorCanFail/якорь_на_верхнем_уровне,_но_иначе_записан_—_молчание","Output":"    subscriptionformshape_injection_test.go:515: перепись: proto/corelib/subscription/subscription.proto — строк 69, типов 5 (верхнего уровня 4), полей 17 (осей 3), значений перечислений 3; утверждений проверено 44; находок 0\n"}
{"Time":"2026-09-17T16:11:54.296883061+03:00","Action":"run","Package":"github.com/PRO-Robotech/kacho/internal/repohygiene","Test":"TestSubscriptionShapeCarrierCanFail/состояние_ИМЕНОВАННЫМ_сообщением_—_молчание"}
{"Time":"2026-09-17T16:11:54.296889593+03:00","Action":"output","Package":"github.com/PRO-Robotech/kacho/internal/repohygiene","Test":"TestSubscriptionShapeCarrierCanFail/состояние_ИМЕНОВАННЫМ_сообщением_—_молчание","Output":"=== RUN   TestSubscriptionShapeCarrierCanFail/состояние_ИМЕНОВАННЫМ_сообщением_—_молчание\n"}
{"Time":"2026-09-17T16:11:54.296897869+03:00","Action":"output","Package":"github.com/PRO-Robotech/kacho/internal/repohygiene","Test":"TestSubscriptionShapeAxisLedgerCanFail/запись_без_причины_—_находка","Output":"    subscriptionformshape_injection_test.go:299: перепись: proto/corelib/subscription/subscription.proto — строк 69, типов 5 (верхнего уровня 4), полей 17 (осей 3), значений перечислений 3; утверждений проверено 44; находок 1\n"}
{"Time":"2026-09-17T16:11:54.296960737+03:00","Action":"output","Package":"github.com/PRO-Robotech/kacho/internal/repohygiene","Test":"TestSubscriptionShapeUnsetOutcomeCanFail/начало_не_ветвление_—_находка","Output":"--- PASS: TestSubscriptionShapeUnsetOutcomeCanFail/начало_не_ветвление_—_находка (0.00s)\n"}
{"Time":"2026-09-17T16:11:54.296969904+03:00","Action":"pass","Package":"github.com/PRO-Robotech/kacho/internal/repohygiene","Test":"TestSubscriptionShapeUnsetOutcomeCanFail/начало_не_ветвление_—_находка","Elapsed":0}
{"Time":"2026-09-17T16:11:54.296974002+03:00","Action":"output","Package":"github.com/PRO-Robotech/kacho/internal/repohygiene","Test":"TestSubscriptionShapeUnsetOutcomeCanFail","Output":"--- PASS: TestSubscriptionShapeUnsetOutcomeCanFail (0.02s)\n"}
{"Time":"2026-09-17T16:11:54.297035878+03:00","Action":"pass","Package":"github.com/PRO-Robotech/kacho/internal/repohygiene","Test":"TestSubscriptionShapeUnsetOutcomeCanFail","Elapsed":0.02}
{"Time":"2026-09-17T16:11:54.297043572+03:00","Action":"output","Package":"github.com/PRO-Robotech/kacho/internal/repohygiene","Test":"TestSubscriptionShapeAnchorCanFail/якорь_на_верхнем_уровне,_но_иначе_записан_—_молчание","Output":"--- PASS: TestSubscriptionShapeAnchorCanFail/якорь_на_верхнем_уровне,_но_иначе_записан_—_молчание (0.00s)\n"}
{"Time":"2026-09-17T16:11:54.297049003+03:00","Action":"pass","Package":"github.com/PRO-Robotech/kacho/internal/repohygiene","Test":"TestSubscriptionShapeAnchorCanFail/якорь_на_верхнем_уровне,_но_иначе_записан_—_молчание","Elapsed":0}
{"Time":"2026-09-17T16:11:54.297053982+03:00","Action":"output","Package":"github.com/PRO-Robotech/kacho/internal/repohygiene","Test":"TestSubscriptionShapeAnchorCanFail","Output":"--- PASS: TestSubscriptionShapeAnchorCanFail (0.02s)\n"}
{"Time":"2026-09-17T16:11:54.297158659+03:00","Action":"pass","Package":"github.com/PRO-Robotech/kacho/internal/repohygiene","Test":"TestSubscriptionShapeAnchorCanFail","Elapsed":0.02}
{"Time":"2026-09-17T16:11:54.297161794+03:00","Action":"output","Package":"github.com/PRO-Robotech/kacho/internal/repohygiene","Test":"TestSubscriptionShapeAxisLedgerCanFail/запись_без_причины_—_находка","Output":"--- PASS: TestSubscriptionShapeAxisLedgerCanFail/запись_без_причины_—_находка (0.00s)\n"}
{"Time":"2026-09-17T16:11:54.297165732+03:00","Action":"pass","Package":"github.com/PRO-Robotech/kacho/internal/repohygiene","Test":"TestSubscriptionShapeAxisLedgerCanFail/запись_без_причины_—_находка","Elapsed":0}
{"Time":"2026-09-17T16:11:54.297171052+03:00","Action":"output","Package":"github.com/PRO-Robotech/kacho/internal/repohygiene","Test":"TestSubscriptionShapeCarrierCanFail/состояние_ИМЕНОВАННЫМ_сообщением_—_молчание","Output":"    subscriptionformshape_injection_test.go:473: перепись: proto/corelib/subscription/subscription.proto — строк 73, типов 6 (верхнего уровня 4), полей 18 (осей 3), значений перечислений 3; утверждений проверено 44; находок 0\n"}
{"Time":"2026-09-17T16:11:54.297177013+03:00","Action":"output","Package":"github.com/PRO-Robotech/kacho/internal/repohygiene","Test":"TestSubscriptionShapeAxisLedgerCanFail","Output":"--- PASS: TestSubscriptionShapeAxisLedgerCanFail (0.02s)\n"}
{"Time":"2026-09-17T16:11:54.297340811+03:00","Action":"pass","Package":"github.com/PRO-Robotech/kacho/internal/repohygiene","Test":"TestSubscriptionShapeAxisLedgerCanFail","Elapsed":0.02}
{"Time":"2026-09-17T16:11:54.297347353+03:00","Action":"output","Package":"github.com/PRO-Robotech/kacho/internal/repohygiene","Test":"TestSubscriptionShapeCarrierCanFail/состояние_ИМЕНОВАННЫМ_сообщением_—_молчание","Output":"--- PASS: TestSubscriptionShapeCarrierCanFail/состояние_ИМЕНОВАННЫМ_сообщением_—_молчание (0.00s)\n"}
{"Time":"2026-09-17T16:11:54.297352713+03:00","Action":"pass","Package":"github.com/PRO-Robotech/kacho/internal/repohygiene","Test":"TestSubscriptionShapeCarrierCanFail/состояние_ИМЕНОВАННЫМ_сообщением_—_молчание","Elapsed":0}
{"Time":"2026-09-17T16:11:54.297358935+03:00","Action":"output","Package":"github.com/PRO-Robotech/kacho/internal/repohygiene","Test":"TestSubscriptionShapeCarrierCanFail","Output":"--- PASS: TestSubscriptionShapeCarrierCanFail (0.03s)\n"}
{"Time":"2026-09-17T16:11:54.3354825+03:00","Action":"pass","Package":"github.com/PRO-Robotech/kacho/internal/repohygiene","Test":"TestSubscriptionShapeCarrierCanFail","Elapsed":0.03}
{"Time":"2026-09-17T16:11:54.335505343+03:00","Action":"output","Package":"github.com/PRO-Robotech/kacho/internal/repohygiene","Test":"TestGRPCMountParity_EveryDeclaredServiceIsMounted","Output":"    grpcmountparity_test.go:135: перепись: стабов 66 файлов, proto-пакетов 9, сервисов объявлено 68; композиционных корней 22 (файлов 82), из них монтирующих 7; владеющих пакетов 18, смонтировано сервисов 56; исключений вне предмета (пакетом никто не владеет) 22; находок 0\n"}
{"Time":"2026-09-17T16:11:54.335516383+03:00","Action":"output","Package":"github.com/PRO-Robotech/kacho/internal/repohygiene","Test":"TestGRPCMountParity_EveryDeclaredServiceIsMounted","Output":"--- PASS: TestGRPCMountParity_EveryDeclaredServiceIsMounted (0.06s)\n"}
{"Time":"2026-09-17T16:11:54.364399147+03:00","Action":"pass","Package":"github.com/PRO-Robotech/kacho/internal/repohygiene","Test":"TestGRPCMountParity_EveryDeclaredServiceIsMounted","Elapsed":0.06}
{"Time":"2026-09-17T16:11:54.364421149+03:00","Action":"output","Package":"github.com/PRO-Robotech/kacho/internal/repohygiene","Test":"TestCatalogReachability_InertRowsAreExactlyTheAllowedServices","Output":"    catalogreachability_test.go:327: перепись: строк каталога 341, методов контракта 341, модулей-владельцев 7; находок рода unmounted 108\n"}
{"Time":"2026-09-17T16:11:54.364444703+03:00","Action":"output","Package":"github.com/PRO-Robotech/kacho/internal/repohygiene","Test":"TestCatalogReachability_EveryRowResolvesToAServedMethod","Output":"    catalogreachability_test.go:230: перепись: строк каталога 341 (резолвится 233, исключено 108); стабов 66 файлов, сервисов 68, методов контракта 341; композиционных корней 22 (файлов 82), из них монтирующих 7, смонтировано сервисов 46; находок 0\n"}
{"Time":"2026-09-17T16:11:54.364456906+03:00","Action":"output","Package":"github.com/PRO-Robotech/kacho/internal/repohygiene","Test":"TestCatalogReachability_InertRowsAreExactlyTheAllowedServices","Output":"--- PASS: TestCatalogReachability_InertRowsAreExactlyTheAllowedServices (0.09s)\n"}
{"Time":"2026-09-17T16:11:54.364462416+03:00","Action":"pass","Package":"github.com/PRO-Robotech/kacho/internal/repohygiene","Test":"TestCatalogReachability_InertRowsAreExactlyTheAllowedServices","Elapsed":0.09}
{"Time":"2026-09-17T16:11:54.364466003+03:00","Action":"output","Package":"github.com/PRO-Robotech/kacho/internal/repohygiene","Test":"TestCatalogReachability_EveryRowResolvesToAServedMethod","Output":"--- PASS: TestCatalogReachability_EveryRowResolvesToAServedMethod (0.09s)\n"}
{"Time":"2026-09-17T16:11:54.364469279+03:00","Action":"pass","Package":"github.com/PRO-Robotech/kacho/internal/repohygiene","Test":"TestCatalogReachability_EveryRowResolvesToAServedMethod","Elapsed":0.09}
{"Time":"2026-09-17T16:11:54.364472555+03:00","Action":"output","Package":"github.com/PRO-Robotech/kacho/internal/repohygiene","Output":"PASS\n"}
{"Time":"2026-09-17T16:11:54.367272816+03:00","Action":"output","Package":"github.com/PRO-Robotech/kacho/internal/repohygiene","Output":"ok  \tgithub.com/PRO-Robotech/kacho/internal/repohygiene\t0.115s\n"}
{"Time":"2026-09-17T16:11:54.367286892+03:00","Action":"pass","Package":"github.com/PRO-Robotech/kacho/internal/repohygiene","Elapsed":0.116}
