{"Time":"2026-09-17T15:21:42.239528325+03:00","Action":"start","Package":"github.com/PRO-Robotech/kacho/internal/repohygiene"}
{"Time":"2026-09-17T15:21:42.256271012+03:00","Action":"run","Package":"github.com/PRO-Robotech/kacho/internal/repohygiene","Test":"TestCatalogReachability_EveryRowResolvesToAServedMethod"}
{"Time":"2026-09-17T15:21:42.25629635+03:00","Action":"output","Package":"github.com/PRO-Robotech/kacho/internal/repohygiene","Test":"TestCatalogReachability_EveryRowResolvesToAServedMethod","Output":"=== RUN   TestCatalogReachability_EveryRowResolvesToAServedMethod\n"}
{"Time":"2026-09-17T15:21:42.256327408+03:00","Action":"output","Package":"github.com/PRO-Robotech/kacho/internal/repohygiene","Test":"TestCatalogReachability_EveryRowResolvesToAServedMethod","Output":"=== PAUSE TestCatalogReachability_EveryRowResolvesToAServedMethod\n"}
{"Time":"2026-09-17T15:21:42.256331055+03:00","Action":"pause","Package":"github.com/PRO-Robotech/kacho/internal/repohygiene","Test":"TestCatalogReachability_EveryRowResolvesToAServedMethod"}
{"Time":"2026-09-17T15:21:42.256335533+03:00","Action":"run","Package":"github.com/PRO-Robotech/kacho/internal/repohygiene","Test":"TestCatalogReachability_InertRowsAreExactlyTheAllowedServices"}
{"Time":"2026-09-17T15:21:42.256339611+03:00","Action":"output","Package":"github.com/PRO-Robotech/kacho/internal/repohygiene","Test":"TestCatalogReachability_InertRowsAreExactlyTheAllowedServices","Output":"=== RUN   TestCatalogReachability_InertRowsAreExactlyTheAllowedServices\n"}
{"Time":"2026-09-17T15:21:42.256344059+03:00","Action":"output","Package":"github.com/PRO-Robotech/kacho/internal/repohygiene","Test":"TestCatalogReachability_InertRowsAreExactlyTheAllowedServices","Output":"=== PAUSE TestCatalogReachability_InertRowsAreExactlyTheAllowedServices\n"}
{"Time":"2026-09-17T15:21:42.256348127+03:00","Action":"pause","Package":"github.com/PRO-Robotech/kacho/internal/repohygiene","Test":"TestCatalogReachability_InertRowsAreExactlyTheAllowedServices"}
{"Time":"2026-09-17T15:21:42.256352535+03:00","Action":"run","Package":"github.com/PRO-Robotech/kacho/internal/repohygiene","Test":"TestCatalogReachability_SilentOnAServedMethod"}
{"Time":"2026-09-17T15:21:42.256358426+03:00","Action":"output","Package":"github.com/PRO-Robotech/kacho/internal/repohygiene","Test":"TestCatalogReachability_SilentOnAServedMethod","Output":"=== RUN   TestCatalogReachability_SilentOnAServedMethod\n"}
{"Time":"2026-09-17T15:21:42.256364758+03:00","Action":"output","Package":"github.com/PRO-Robotech/kacho/internal/repohygiene","Test":"TestCatalogReachability_SilentOnAServedMethod","Output":"=== PAUSE TestCatalogReachability_SilentOnAServedMethod\n"}
{"Time":"2026-09-17T15:21:42.256368806+03:00","Action":"pause","Package":"github.com/PRO-Robotech/kacho/internal/repohygiene","Test":"TestCatalogReachability_SilentOnAServedMethod"}
{"Time":"2026-09-17T15:21:42.256372843+03:00","Action":"run","Package":"github.com/PRO-Robotech/kacho/internal/repohygiene","Test":"TestCatalogReachability_RedOnAnUnmountedService"}
{"Time":"2026-09-17T15:21:42.256377773+03:00","Action":"output","Package":"github.com/PRO-Robotech/kacho/internal/repohygiene","Test":"TestCatalogReachability_RedOnAnUnmountedService","Output":"=== RUN   TestCatalogReachability_RedOnAnUnmountedService\n"}
{"Time":"2026-09-17T15:21:42.256382171+03:00","Action":"output","Package":"github.com/PRO-Robotech/kacho/internal/repohygiene","Test":"TestCatalogReachability_RedOnAnUnmountedService","Output":"=== PAUSE TestCatalogReachability_RedOnAnUnmountedService\n"}
{"Time":"2026-09-17T15:21:42.256385347+03:00","Action":"pause","Package":"github.com/PRO-Robotech/kacho/internal/repohygiene","Test":"TestCatalogReachability_RedOnAnUnmountedService"}
{"Time":"2026-09-17T15:21:42.25639228+03:00","Action":"run","Package":"github.com/PRO-Robotech/kacho/internal/repohygiene","Test":"TestCatalogReachability_RedOnAMethodTheContractDoesNotHave"}
{"Time":"2026-09-17T15:21:42.256397049+03:00","Action":"output","Package":"github.com/PRO-Robotech/kacho/internal/repohygiene","Test":"TestCatalogReachability_RedOnAMethodTheContractDoesNotHave","Output":"=== RUN   TestCatalogReachability_RedOnAMethodTheContractDoesNotHave\n"}
{"Time":"2026-09-17T15:21:42.256401217+03:00","Action":"output","Package":"github.com/PRO-Robotech/kacho/internal/repohygiene","Test":"TestCatalogReachability_RedOnAMethodTheContractDoesNotHave","Output":"=== PAUSE TestCatalogReachability_RedOnAMethodTheContractDoesNotHave\n"}
{"Time":"2026-09-17T15:21:42.256404924+03:00","Action":"pause","Package":"github.com/PRO-Robotech/kacho/internal/repohygiene","Test":"TestCatalogReachability_RedOnAMethodTheContractDoesNotHave"}
{"Time":"2026-09-17T15:21:42.256408781+03:00","Action":"run","Package":"github.com/PRO-Robotech/kacho/internal/repohygiene","Test":"TestCatalogReachability_RedOnAServiceTheContractDoesNotHave"}
{"Time":"2026-09-17T15:21:42.256412949+03:00","Action":"output","Package":"github.com/PRO-Robotech/kacho/internal/repohygiene","Test":"TestCatalogReachability_RedOnAServiceTheContractDoesNotHave","Output":"=== RUN   TestCatalogReachability_RedOnAServiceTheContractDoesNotHave\n"}
{"Time":"2026-09-17T15:21:42.256421595+03:00","Action":"output","Package":"github.com/PRO-Robotech/kacho/internal/repohygiene","Test":"TestCatalogReachability_RedOnAServiceTheContractDoesNotHave","Output":"=== PAUSE TestCatalogReachability_RedOnAServiceTheContractDoesNotHave\n"}
{"Time":"2026-09-17T15:21:42.256425663+03:00","Action":"pause","Package":"github.com/PRO-Robotech/kacho/internal/repohygiene","Test":"TestCatalogReachability_RedOnAServiceTheContractDoesNotHave"}
{"Time":"2026-09-17T15:21:42.25642967+03:00","Action":"run","Package":"github.com/PRO-Robotech/kacho/internal/repohygiene","Test":"TestCatalogReachability_MethodsAreNotBorrowedBetweenDescriptors"}
{"Time":"2026-09-17T15:21:42.256433477+03:00","Action":"output","Package":"github.com/PRO-Robotech/kacho/internal/repohygiene","Test":"TestCatalogReachability_MethodsAreNotBorrowedBetweenDescriptors","Output":"=== RUN   TestCatalogReachability_MethodsAreNotBorrowedBetweenDescriptors\n"}
{"Time":"2026-09-17T15:21:42.256439428+03:00","Action":"output","Package":"github.com/PRO-Robotech/kacho/internal/repohygiene","Test":"TestCatalogReachability_MethodsAreNotBorrowedBetweenDescriptors","Output":"=== PAUSE TestCatalogReachability_MethodsAreNotBorrowedBetweenDescriptors\n"}
{"Time":"2026-09-17T15:21:42.256443336+03:00","Action":"pause","Package":"github.com/PRO-Robotech/kacho/internal/repohygiene","Test":"TestCatalogReachability_MethodsAreNotBorrowedBetweenDescriptors"}
{"Time":"2026-09-17T15:21:42.256447514+03:00","Action":"run","Package":"github.com/PRO-Robotech/kacho/internal/repohygiene","Test":"TestCatalogReachability_AllowExcusesAndThenExpires"}
{"Time":"2026-09-17T15:21:42.2564507+03:00","Action":"output","Package":"github.com/PRO-Robotech/kacho/internal/repohygiene","Test":"TestCatalogReachability_AllowExcusesAndThenExpires","Output":"=== RUN   TestCatalogReachability_AllowExcusesAndThenExpires\n"}
{"Time":"2026-09-17T15:21:42.256457402+03:00","Action":"output","Package":"github.com/PRO-Robotech/kacho/internal/repohygiene","Test":"TestCatalogReachability_AllowExcusesAndThenExpires","Output":"=== PAUSE TestCatalogReachability_AllowExcusesAndThenExpires\n"}
{"Time":"2026-09-17T15:21:42.25646145+03:00","Action":"pause","Package":"github.com/PRO-Robotech/kacho/internal/repohygiene","Test":"TestCatalogReachability_AllowExcusesAndThenExpires"}
{"Time":"2026-09-17T15:21:42.256465477+03:00","Action":"run","Package":"github.com/PRO-Robotech/kacho/internal/repohygiene","Test":"TestCatalogReachability_EmptyCatalogIsAnError"}
{"Time":"2026-09-17T15:21:42.256469455+03:00","Action":"output","Package":"github.com/PRO-Robotech/kacho/internal/repohygiene","Test":"TestCatalogReachability_EmptyCatalogIsAnError","Output":"=== RUN   TestCatalogReachability_EmptyCatalogIsAnError\n"}
{"Time":"2026-09-17T15:21:42.25649351+03:00","Action":"output","Package":"github.com/PRO-Robotech/kacho/internal/repohygiene","Test":"TestCatalogReachability_EmptyCatalogIsAnError","Output":"=== PAUSE TestCatalogReachability_EmptyCatalogIsAnError\n"}
{"Time":"2026-09-17T15:21:42.25649899+03:00","Action":"pause","Package":"github.com/PRO-Robotech/kacho/internal/repohygiene","Test":"TestCatalogReachability_EmptyCatalogIsAnError"}
{"Time":"2026-09-17T15:21:42.25664776+03:00","Action":"run","Package":"github.com/PRO-Robotech/kacho/internal/repohygiene","Test":"TestGRPCMountParity_EveryDeclaredServiceIsMounted"}
{"Time":"2026-09-17T15:21:42.256652188+03:00","Action":"output","Package":"github.com/PRO-Robotech/kacho/internal/repohygiene","Test":"TestGRPCMountParity_EveryDeclaredServiceIsMounted","Output":"=== RUN   TestGRPCMountParity_EveryDeclaredServiceIsMounted\n"}
{"Time":"2026-09-17T15:21:42.256672997+03:00","Action":"output","Package":"github.com/PRO-Robotech/kacho/internal/repohygiene","Test":"TestGRPCMountParity_EveryDeclaredServiceIsMounted","Output":"=== PAUSE TestGRPCMountParity_EveryDeclaredServiceIsMounted\n"}
{"Time":"2026-09-17T15:21:42.256677345+03:00","Action":"pause","Package":"github.com/PRO-Robotech/kacho/internal/repohygiene","Test":"TestGRPCMountParity_EveryDeclaredServiceIsMounted"}
{"Time":"2026-09-17T15:21:42.256682856+03:00","Action":"run","Package":"github.com/PRO-Robotech/kacho/internal/repohygiene","Test":"TestGRPCMountParity_SeesAnUnmountedServiceAsUnmounted"}
{"Time":"2026-09-17T15:21:42.256688156+03:00","Action":"output","Package":"github.com/PRO-Robotech/kacho/internal/repohygiene","Test":"TestGRPCMountParity_SeesAnUnmountedServiceAsUnmounted","Output":"=== RUN   TestGRPCMountParity_SeesAnUnmountedServiceAsUnmounted\n"}
{"Time":"2026-09-17T15:21:42.256694087+03:00","Action":"output","Package":"github.com/PRO-Robotech/kacho/internal/repohygiene","Test":"TestGRPCMountParity_SeesAnUnmountedServiceAsUnmounted","Output":"=== PAUSE TestGRPCMountParity_SeesAnUnmountedServiceAsUnmounted\n"}
{"Time":"2026-09-17T15:21:42.256698225+03:00","Action":"pause","Package":"github.com/PRO-Robotech/kacho/internal/repohygiene","Test":"TestGRPCMountParity_SeesAnUnmountedServiceAsUnmounted"}
{"Time":"2026-09-17T15:21:42.256704306+03:00","Action":"run","Package":"github.com/PRO-Robotech/kacho/internal/repohygiene","Test":"TestGRPCMountParity_ReadsTheImportAliasAndNotThePathTail"}
{"Time":"2026-09-17T15:21:42.256709255+03:00","Action":"output","Package":"github.com/PRO-Robotech/kacho/internal/repohygiene","Test":"TestGRPCMountParity_ReadsTheImportAliasAndNotThePathTail","Output":"=== RUN   TestGRPCMountParity_ReadsTheImportAliasAndNotThePathTail\n"}
{"Time":"2026-09-17T15:21:42.256714746+03:00","Action":"output","Package":"github.com/PRO-Robotech/kacho/internal/repohygiene","Test":"TestGRPCMountParity_ReadsTheImportAliasAndNotThePathTail","Output":"=== PAUSE TestGRPCMountParity_ReadsTheImportAliasAndNotThePathTail\n"}
{"Time":"2026-09-17T15:21:42.256718523+03:00","Action":"pause","Package":"github.com/PRO-Robotech/kacho/internal/repohygiene","Test":"TestGRPCMountParity_ReadsTheImportAliasAndNotThePathTail"}
{"Time":"2026-09-17T15:21:42.256723683+03:00","Action":"run","Package":"github.com/PRO-Robotech/kacho/internal/repohygiene","Test":"TestGRPCMountParity_AStaleAllowIsItselfAFinding"}
{"Time":"2026-09-17T15:21:42.256728832+03:00","Action":"output","Package":"github.com/PRO-Robotech/kacho/internal/repohygiene","Test":"TestGRPCMountParity_AStaleAllowIsItselfAFinding","Output":"=== RUN   TestGRPCMountParity_AStaleAllowIsItselfAFinding\n"}
{"Time":"2026-09-17T15:21:42.256734593+03:00","Action":"output","Package":"github.com/PRO-Robotech/kacho/internal/repohygiene","Test":"TestGRPCMountParity_AStaleAllowIsItselfAFinding","Output":"=== PAUSE TestGRPCMountParity_AStaleAllowIsItselfAFinding\n"}
{"Time":"2026-09-17T15:21:42.25673832+03:00","Action":"pause","Package":"github.com/PRO-Robotech/kacho/internal/repohygiene","Test":"TestGRPCMountParity_AStaleAllowIsItselfAFinding"}
{"Time":"2026-09-17T15:21:42.2567434+03:00","Action":"run","Package":"github.com/PRO-Robotech/kacho/internal/repohygiene","Test":"TestGRPCMountParity_EmptySubjectIsAnError"}
{"Time":"2026-09-17T15:21:42.256749371+03:00","Action":"output","Package":"github.com/PRO-Robotech/kacho/internal/repohygiene","Test":"TestGRPCMountParity_EmptySubjectIsAnError","Output":"=== RUN   TestGRPCMountParity_EmptySubjectIsAnError\n"}
{"Time":"2026-09-17T15:21:42.256754781+03:00","Action":"output","Package":"github.com/PRO-Robotech/kacho/internal/repohygiene","Test":"TestGRPCMountParity_EmptySubjectIsAnError","Output":"=== PAUSE TestGRPCMountParity_EmptySubjectIsAnError\n"}
{"Time":"2026-09-17T15:21:42.256757967+03:00","Action":"pause","Package":"github.com/PRO-Robotech/kacho/internal/repohygiene","Test":"TestGRPCMountParity_EmptySubjectIsAnError"}
{"Time":"2026-09-17T15:21:42.256761904+03:00","Action":"run","Package":"github.com/PRO-Robotech/kacho/internal/repohygiene","Test":"TestGRPCMountParity_AnAllowForAnUnownedPackageIsOutOfSubject"}
{"Time":"2026-09-17T15:21:42.25676516+03:00","Action":"output","Package":"github.com/PRO-Robotech/kacho/internal/repohygiene","Test":"TestGRPCMountParity_AnAllowForAnUnownedPackageIsOutOfSubject","Output":"=== RUN   TestGRPCMountParity_AnAllowForAnUnownedPackageIsOutOfSubject\n"}
{"Time":"2026-09-17T15:21:42.25677009+03:00","Action":"output","Package":"github.com/PRO-Robotech/kacho/internal/repohygiene","Test":"TestGRPCMountParity_AnAllowForAnUnownedPackageIsOutOfSubject","Output":"=== PAUSE TestGRPCMountParity_AnAllowForAnUnownedPackageIsOutOfSubject\n"}
{"Time":"2026-09-17T15:21:42.256774278+03:00","Action":"pause","Package":"github.com/PRO-Robotech/kacho/internal/repohygiene","Test":"TestGRPCMountParity_AnAllowForAnUnownedPackageIsOutOfSubject"}
{"Time":"2026-09-17T15:21:42.256965146+03:00","Action":"run","Package":"github.com/PRO-Robotech/kacho/internal/repohygiene","Test":"TestGRPCMountParity_DoesNotReadThroughASymlinkOutOfTheAPIRoot"}
{"Time":"2026-09-17T15:21:42.256969284+03:00","Action":"output","Package":"github.com/PRO-Robotech/kacho/internal/repohygiene","Test":"TestGRPCMountParity_DoesNotReadThroughASymlinkOutOfTheAPIRoot","Output":"=== RUN   TestGRPCMountParity_DoesNotReadThroughASymlinkOutOfTheAPIRoot\n"}
{"Time":"2026-09-17T15:21:42.257011543+03:00","Action":"output","Package":"github.com/PRO-Robotech/kacho/internal/repohygiene","Test":"TestGRPCMountParity_DoesNotReadThroughASymlinkOutOfTheAPIRoot","Output":"=== PAUSE TestGRPCMountParity_DoesNotReadThroughASymlinkOutOfTheAPIRoot\n"}
{"Time":"2026-09-17T15:21:42.257015952+03:00","Action":"pause","Package":"github.com/PRO-Robotech/kacho/internal/repohygiene","Test":"TestGRPCMountParity_DoesNotReadThroughASymlinkOutOfTheAPIRoot"}
{"Time":"2026-09-17T15:21:42.25706272+03:00","Action":"run","Package":"github.com/PRO-Robotech/kacho/internal/repohygiene","Test":"TestSubscriptionShapeStandIsCleanBeforeInjection"}
{"Time":"2026-09-17T15:21:42.25706838+03:00","Action":"output","Package":"github.com/PRO-Robotech/kacho/internal/repohygiene","Test":"TestSubscriptionShapeStandIsCleanBeforeInjection","Output":"=== RUN   TestSubscriptionShapeStandIsCleanBeforeInjection\n"}
{"Time":"2026-09-17T15:21:42.2571+03:00","Action":"output","Package":"github.com/PRO-Robotech/kacho/internal/repohygiene","Test":"TestSubscriptionShapeStandIsCleanBeforeInjection","Output":"=== PAUSE TestSubscriptionShapeStandIsCleanBeforeInjection\n"}
{"Time":"2026-09-17T15:21:42.257104658+03:00","Action":"pause","Package":"github.com/PRO-Robotech/kacho/internal/repohygiene","Test":"TestSubscriptionShapeStandIsCleanBeforeInjection"}
{"Time":"2026-09-17T15:21:42.257110018+03:00","Action":"run","Package":"github.com/PRO-Robotech/kacho/internal/repohygiene","Test":"TestSubscriptionShapeAxisLedgerCanFail"}
{"Time":"2026-09-17T15:21:42.257113455+03:00","Action":"output","Package":"github.com/PRO-Robotech/kacho/internal/repohygiene","Test":"TestSubscriptionShapeAxisLedgerCanFail","Output":"=== RUN   TestSubscriptionShapeAxisLedgerCanFail\n"}
{"Time":"2026-09-17T15:21:42.257123183+03:00","Action":"output","Package":"github.com/PRO-Robotech/kacho/internal/repohygiene","Test":"TestSubscriptionShapeAxisLedgerCanFail","Output":"=== PAUSE TestSubscriptionShapeAxisLedgerCanFail\n"}
{"Time":"2026-09-17T15:21:42.25712671+03:00","Action":"pause","Package":"github.com/PRO-Robotech/kacho/internal/repohygiene","Test":"TestSubscriptionShapeAxisLedgerCanFail"}
{"Time":"2026-09-17T15:21:42.257133963+03:00","Action":"run","Package":"github.com/PRO-Robotech/kacho/internal/repohygiene","Test":"TestSubscriptionShapeCategoryMarkCanFail"}
{"Time":"2026-09-17T15:21:42.25713728+03:00","Action":"output","Package":"github.com/PRO-Robotech/kacho/internal/repohygiene","Test":"TestSubscriptionShapeCategoryMarkCanFail","Output":"=== RUN   TestSubscriptionShapeCategoryMarkCanFail\n"}
{"Time":"2026-09-17T15:21:42.257143892+03:00","Action":"output","Package":"github.com/PRO-Robotech/kacho/internal/repohygiene","Test":"TestSubscriptionShapeCategoryMarkCanFail","Output":"=== PAUSE TestSubscriptionShapeCategoryMarkCanFail\n"}
{"Time":"2026-09-17T15:21:42.257147359+03:00","Action":"pause","Package":"github.com/PRO-Robotech/kacho/internal/repohygiene","Test":"TestSubscriptionShapeCategoryMarkCanFail"}
{"Time":"2026-09-17T15:21:42.257170743+03:00","Action":"run","Package":"github.com/PRO-Robotech/kacho/internal/repohygiene","Test":"TestSubscriptionShapeAbsentAxisCanFail"}
{"Time":"2026-09-17T15:21:42.257175512+03:00","Action":"output","Package":"github.com/PRO-Robotech/kacho/internal/repohygiene","Test":"TestSubscriptionShapeAbsentAxisCanFail","Output":"=== RUN   TestSubscriptionShapeAbsentAxisCanFail\n"}
{"Time":"2026-09-17T15:21:42.257181062+03:00","Action":"output","Package":"github.com/PRO-Robotech/kacho/internal/repohygiene","Test":"TestSubscriptionShapeAbsentAxisCanFail","Output":"=== PAUSE TestSubscriptionShapeAbsentAxisCanFail\n"}
{"Time":"2026-09-17T15:21:42.257184739+03:00","Action":"pause","Package":"github.com/PRO-Robotech/kacho/internal/repohygiene","Test":"TestSubscriptionShapeAbsentAxisCanFail"}
{"Time":"2026-09-17T15:21:42.25719044+03:00","Action":"run","Package":"github.com/PRO-Robotech/kacho/internal/repohygiene","Test":"TestSubscriptionShapeUnsetOutcomeCanFail"}
{"Time":"2026-09-17T15:21:42.257194237+03:00","Action":"output","Package":"github.com/PRO-Robotech/kacho/internal/repohygiene","Test":"TestSubscriptionShapeUnsetOutcomeCanFail","Output":"=== RUN   TestSubscriptionShapeUnsetOutcomeCanFail\n"}
{"Time":"2026-09-17T15:21:42.257198395+03:00","Action":"output","Package":"github.com/PRO-Robotech/kacho/internal/repohygiene","Test":"TestSubscriptionShapeUnsetOutcomeCanFail","Output":"=== PAUSE TestSubscriptionShapeUnsetOutcomeCanFail\n"}
{"Time":"2026-09-17T15:21:42.257201821+03:00","Action":"pause","Package":"github.com/PRO-Robotech/kacho/internal/repohygiene","Test":"TestSubscriptionShapeUnsetOutcomeCanFail"}
{"Time":"2026-09-17T15:21:42.25720671+03:00","Action":"run","Package":"github.com/PRO-Robotech/kacho/internal/repohygiene","Test":"TestSubscriptionShapeCarrierCanFail"}
{"Time":"2026-09-17T15:21:42.257215847+03:00","Action":"output","Package":"github.com/PRO-Robotech/kacho/internal/repohygiene","Test":"TestSubscriptionShapeCarrierCanFail","Output":"=== RUN   TestSubscriptionShapeCarrierCanFail\n"}
{"Time":"2026-09-17T15:21:42.257219865+03:00","Action":"output","Package":"github.com/PRO-Robotech/kacho/internal/repohygiene","Test":"TestSubscriptionShapeCarrierCanFail","Output":"=== PAUSE TestSubscriptionShapeCarrierCanFail\n"}
{"Time":"2026-09-17T15:21:42.257223321+03:00","Action":"pause","Package":"github.com/PRO-Robotech/kacho/internal/repohygiene","Test":"TestSubscriptionShapeCarrierCanFail"}
{"Time":"2026-09-17T15:21:42.25723334+03:00","Action":"run","Package":"github.com/PRO-Robotech/kacho/internal/repohygiene","Test":"TestSubscriptionShapeAnchorCanFail"}
{"Time":"2026-09-17T15:21:42.257236656+03:00","Action":"output","Package":"github.com/PRO-Robotech/kacho/internal/repohygiene","Test":"TestSubscriptionShapeAnchorCanFail","Output":"=== RUN   TestSubscriptionShapeAnchorCanFail\n"}
{"Time":"2026-09-17T15:21:42.257240333+03:00","Action":"output","Package":"github.com/PRO-Robotech/kacho/internal/repohygiene","Test":"TestSubscriptionShapeAnchorCanFail","Output":"=== PAUSE TestSubscriptionShapeAnchorCanFail\n"}
{"Time":"2026-09-17T15:21:42.257242938+03:00","Action":"pause","Package":"github.com/PRO-Robotech/kacho/internal/repohygiene","Test":"TestSubscriptionShapeAnchorCanFail"}
{"Time":"2026-09-17T15:21:42.257251114+03:00","Action":"run","Package":"github.com/PRO-Robotech/kacho/internal/repohygiene","Test":"TestSubscriptionShapeHorizonCanFail"}
{"Time":"2026-09-17T15:21:42.257260641+03:00","Action":"output","Package":"github.com/PRO-Robotech/kacho/internal/repohygiene","Test":"TestSubscriptionShapeHorizonCanFail","Output":"=== RUN   TestSubscriptionShapeHorizonCanFail\n"}
{"Time":"2026-09-17T15:21:42.25727031+03:00","Action":"output","Package":"github.com/PRO-Robotech/kacho/internal/repohygiene","Test":"TestSubscriptionShapeHorizonCanFail","Output":"=== PAUSE TestSubscriptionShapeHorizonCanFail\n"}
{"Time":"2026-09-17T15:21:42.257273686+03:00","Action":"pause","Package":"github.com/PRO-Robotech/kacho/internal/repohygiene","Test":"TestSubscriptionShapeHorizonCanFail"}
{"Time":"2026-09-17T15:21:42.257277603+03:00","Action":"run","Package":"github.com/PRO-Robotech/kacho/internal/repohygiene","Test":"TestSubscriptionShapeStopReasonCanFail"}
{"Time":"2026-09-17T15:21:42.25728101+03:00","Action":"output","Package":"github.com/PRO-Robotech/kacho/internal/repohygiene","Test":"TestSubscriptionShapeStopReasonCanFail","Output":"=== RUN   TestSubscriptionShapeStopReasonCanFail\n"}
{"Time":"2026-09-17T15:21:42.257305305+03:00","Action":"output","Package":"github.com/PRO-Robotech/kacho/internal/repohygiene","Test":"TestSubscriptionShapeStopReasonCanFail","Output":"=== PAUSE TestSubscriptionShapeStopReasonCanFail\n"}
{"Time":"2026-09-17T15:21:42.257310335+03:00","Action":"pause","Package":"github.com/PRO-Robotech/kacho/internal/repohygiene","Test":"TestSubscriptionShapeStopReasonCanFail"}
{"Time":"2026-09-17T15:21:42.257314132+03:00","Action":"run","Package":"github.com/PRO-Robotech/kacho/internal/repohygiene","Test":"TestSubscriptionShapePerimeterCanFail"}
{"Time":"2026-09-17T15:21:42.257317649+03:00","Action":"output","Package":"github.com/PRO-Robotech/kacho/internal/repohygiene","Test":"TestSubscriptionShapePerimeterCanFail","Output":"=== RUN   TestSubscriptionShapePerimeterCanFail\n"}
{"Time":"2026-09-17T15:21:42.257322979+03:00","Action":"output","Package":"github.com/PRO-Robotech/kacho/internal/repohygiene","Test":"TestSubscriptionShapePerimeterCanFail","Output":"=== PAUSE TestSubscriptionShapePerimeterCanFail\n"}
{"Time":"2026-09-17T15:21:42.257329771+03:00","Action":"pause","Package":"github.com/PRO-Robotech/kacho/internal/repohygiene","Test":"TestSubscriptionShapePerimeterCanFail"}
{"Time":"2026-09-17T15:21:42.257336083+03:00","Action":"run","Package":"github.com/PRO-Robotech/kacho/internal/repohygiene","Test":"TestSubscriptionShapeOwnerVocabularyCanFail"}
{"Time":"2026-09-17T15:21:42.25733969+03:00","Action":"output","Package":"github.com/PRO-Robotech/kacho/internal/repohygiene","Test":"TestSubscriptionShapeOwnerVocabularyCanFail","Output":"=== RUN   TestSubscriptionShapeOwnerVocabularyCanFail\n"}
{"Time":"2026-09-17T15:21:42.257343758+03:00","Action":"output","Package":"github.com/PRO-Robotech/kacho/internal/repohygiene","Test":"TestSubscriptionShapeOwnerVocabularyCanFail","Output":"=== PAUSE TestSubscriptionShapeOwnerVocabularyCanFail\n"}
{"Time":"2026-09-17T15:21:42.257347605+03:00","Action":"pause","Package":"github.com/PRO-Robotech/kacho/internal/repohygiene","Test":"TestSubscriptionShapeOwnerVocabularyCanFail"}
{"Time":"2026-09-17T15:21:42.257352855+03:00","Action":"run","Package":"github.com/PRO-Robotech/kacho/internal/repohygiene","Test":"TestSubscriptionShapeRefusesAnEmptyRead"}
{"Time":"2026-09-17T15:21:42.257356612+03:00","Action":"output","Package":"github.com/PRO-Robotech/kacho/internal/repohygiene","Test":"TestSubscriptionShapeRefusesAnEmptyRead","Output":"=== RUN   TestSubscriptionShapeRefusesAnEmptyRead\n"}
{"Time":"2026-09-17T15:21:42.25736092+03:00","Action":"output","Package":"github.com/PRO-Robotech/kacho/internal/repohygiene","Test":"TestSubscriptionShapeRefusesAnEmptyRead","Output":"=== PAUSE TestSubscriptionShapeRefusesAnEmptyRead\n"}
{"Time":"2026-09-17T15:21:42.257366641+03:00","Action":"pause","Package":"github.com/PRO-Robotech/kacho/internal/repohygiene","Test":"TestSubscriptionShapeRefusesAnEmptyRead"}
{"Time":"2026-09-17T15:21:42.2573718+03:00","Action":"run","Package":"github.com/PRO-Robotech/kacho/internal/repohygiene","Test":"TestSubscriptionShapeMissingMessageCanFail"}
{"Time":"2026-09-17T15:21:42.257375617+03:00","Action":"output","Package":"github.com/PRO-Robotech/kacho/internal/repohygiene","Test":"TestSubscriptionShapeMissingMessageCanFail","Output":"=== RUN   TestSubscriptionShapeMissingMessageCanFail\n"}
{"Time":"2026-09-17T15:21:42.257379805+03:00","Action":"output","Package":"github.com/PRO-Robotech/kacho/internal/repohygiene","Test":"TestSubscriptionShapeMissingMessageCanFail","Output":"=== PAUSE TestSubscriptionShapeMissingMessageCanFail\n"}
{"Time":"2026-09-17T15:21:42.257383783+03:00","Action":"pause","Package":"github.com/PRO-Robotech/kacho/internal/repohygiene","Test":"TestSubscriptionShapeMissingMessageCanFail"}
{"Time":"2026-09-17T15:21:42.257389323+03:00","Action":"run","Package":"github.com/PRO-Robotech/kacho/internal/repohygiene","Test":"TestSubscriptionFormShape"}
{"Time":"2026-09-17T15:21:42.2573931+03:00","Action":"output","Package":"github.com/PRO-Robotech/kacho/internal/repohygiene","Test":"TestSubscriptionFormShape","Output":"=== RUN   TestSubscriptionFormShape\n"}
{"Time":"2026-09-17T15:21:42.257397148+03:00","Action":"output","Package":"github.com/PRO-Robotech/kacho/internal/repohygiene","Test":"TestSubscriptionFormShape","Output":"=== PAUSE TestSubscriptionFormShape\n"}
{"Time":"2026-09-17T15:21:42.257400174+03:00","Action":"pause","Package":"github.com/PRO-Robotech/kacho/internal/repohygiene","Test":"TestSubscriptionFormShape"}
{"Time":"2026-09-17T15:21:42.257464645+03:00","Action":"cont","Package":"github.com/PRO-Robotech/kacho/internal/repohygiene","Test":"TestCatalogReachability_EveryRowResolvesToAServedMethod"}
{"Time":"2026-09-17T15:21:42.257468752+03:00","Action":"output","Package":"github.com/PRO-Robotech/kacho/internal/repohygiene","Test":"TestCatalogReachability_EveryRowResolvesToAServedMethod","Output":"=== CONT  TestCatalogReachability_EveryRowResolvesToAServedMethod\n"}
{"Time":"2026-09-17T15:21:42.257473892+03:00","Action":"cont","Package":"github.com/PRO-Robotech/kacho/internal/repohygiene","Test":"TestCatalogReachability_EmptyCatalogIsAnError"}
{"Time":"2026-09-17T15:21:42.257477679+03:00","Action":"output","Package":"github.com/PRO-Robotech/kacho/internal/repohygiene","Test":"TestCatalogReachability_EmptyCatalogIsAnError","Output":"=== CONT  TestCatalogReachability_EmptyCatalogIsAnError\n"}
{"Time":"2026-09-17T15:21:42.25748338+03:00","Action":"cont","Package":"github.com/PRO-Robotech/kacho/internal/repohygiene","Test":"TestCatalogReachability_RedOnAMethodTheContractDoesNotHave"}
{"Time":"2026-09-17T15:21:42.257490964+03:00","Action":"output","Package":"github.com/PRO-Robotech/kacho/internal/repohygiene","Test":"TestCatalogReachability_RedOnAMethodTheContractDoesNotHave","Output":"=== CONT  TestCatalogReachability_RedOnAMethodTheContractDoesNotHave\n"}
{"Time":"2026-09-17T15:21:42.257496254+03:00","Action":"cont","Package":"github.com/PRO-Robotech/kacho/internal/repohygiene","Test":"TestSubscriptionShapeStandIsCleanBeforeInjection"}
{"Time":"2026-09-17T15:21:42.25749941+03:00","Action":"output","Package":"github.com/PRO-Robotech/kacho/internal/repohygiene","Test":"TestSubscriptionShapeStandIsCleanBeforeInjection","Output":"=== CONT  TestSubscriptionShapeStandIsCleanBeforeInjection\n"}
{"Time":"2026-09-17T15:21:42.25750481+03:00","Action":"cont","Package":"github.com/PRO-Robotech/kacho/internal/repohygiene","Test":"TestCatalogReachability_RedOnAServiceTheContractDoesNotHave"}
{"Time":"2026-09-17T15:21:42.257508697+03:00","Action":"output","Package":"github.com/PRO-Robotech/kacho/internal/repohygiene","Test":"TestCatalogReachability_RedOnAServiceTheContractDoesNotHave","Output":"=== CONT  TestCatalogReachability_RedOnAServiceTheContractDoesNotHave\n"}
{"Time":"2026-09-17T15:21:42.257514148+03:00","Action":"cont","Package":"github.com/PRO-Robotech/kacho/internal/repohygiene","Test":"TestCatalogReachability_SilentOnAServedMethod"}
{"Time":"2026-09-17T15:21:42.257517213+03:00","Action":"output","Package":"github.com/PRO-Robotech/kacho/internal/repohygiene","Test":"TestCatalogReachability_SilentOnAServedMethod","Output":"=== CONT  TestCatalogReachability_SilentOnAServedMethod\n"}
{"Time":"2026-09-17T15:21:42.257522163+03:00","Action":"cont","Package":"github.com/PRO-Robotech/kacho/internal/repohygiene","Test":"TestGRPCMountParity_AStaleAllowIsItselfAFinding"}
{"Time":"2026-09-17T15:21:42.257527743+03:00","Action":"output","Package":"github.com/PRO-Robotech/kacho/internal/repohygiene","Test":"TestGRPCMountParity_AStaleAllowIsItselfAFinding","Output":"=== CONT  TestGRPCMountParity_AStaleAllowIsItselfAFinding\n"}
{"Time":"2026-09-17T15:21:42.257587986+03:00","Action":"cont","Package":"github.com/PRO-Robotech/kacho/internal/repohygiene","Test":"TestCatalogReachability_RedOnAnUnmountedService"}
{"Time":"2026-09-17T15:21:42.25760584+03:00","Action":"output","Package":"github.com/PRO-Robotech/kacho/internal/repohygiene","Test":"TestCatalogReachability_RedOnAnUnmountedService","Output":"=== CONT  TestCatalogReachability_RedOnAnUnmountedService\n"}
{"Time":"2026-09-17T15:21:42.257615388+03:00","Action":"cont","Package":"github.com/PRO-Robotech/kacho/internal/repohygiene","Test":"TestCatalogReachability_InertRowsAreExactlyTheAllowedServices"}
{"Time":"2026-09-17T15:21:42.257618163+03:00","Action":"output","Package":"github.com/PRO-Robotech/kacho/internal/repohygiene","Test":"TestCatalogReachability_InertRowsAreExactlyTheAllowedServices","Output":"=== CONT  TestCatalogReachability_InertRowsAreExactlyTheAllowedServices\n"}
{"Time":"2026-09-17T15:21:42.257626559+03:00","Action":"cont","Package":"github.com/PRO-Robotech/kacho/internal/repohygiene","Test":"TestGRPCMountParity_SeesAnUnmountedServiceAsUnmounted"}
{"Time":"2026-09-17T15:21:42.257628643+03:00","Action":"output","Package":"github.com/PRO-Robotech/kacho/internal/repohygiene","Test":"TestGRPCMountParity_SeesAnUnmountedServiceAsUnmounted","Output":"=== CONT  TestGRPCMountParity_SeesAnUnmountedServiceAsUnmounted\n"}
{"Time":"2026-09-17T15:21:42.257635295+03:00","Action":"cont","Package":"github.com/PRO-Robotech/kacho/internal/repohygiene","Test":"TestGRPCMountParity_EmptySubjectIsAnError"}
{"Time":"2026-09-17T15:21:42.25763808+03:00","Action":"output","Package":"github.com/PRO-Robotech/kacho/internal/repohygiene","Test":"TestGRPCMountParity_EmptySubjectIsAnError","Output":"=== CONT  TestGRPCMountParity_EmptySubjectIsAnError\n"}
{"Time":"2026-09-17T15:21:42.25770701+03:00","Action":"cont","Package":"github.com/PRO-Robotech/kacho/internal/repohygiene","Test":"TestGRPCMountParity_ReadsTheImportAliasAndNotThePathTail"}
{"Time":"2026-09-17T15:21:42.257715205+03:00","Action":"output","Package":"github.com/PRO-Robotech/kacho/internal/repohygiene","Test":"TestGRPCMountParity_ReadsTheImportAliasAndNotThePathTail","Output":"=== CONT  TestGRPCMountParity_ReadsTheImportAliasAndNotThePathTail\n"}
{"Time":"2026-09-17T15:21:42.257735944+03:00","Action":"cont","Package":"github.com/PRO-Robotech/kacho/internal/repohygiene","Test":"TestGRPCMountParity_AnAllowForAnUnownedPackageIsOutOfSubject"}
{"Time":"2026-09-17T15:21:42.257739832+03:00","Action":"output","Package":"github.com/PRO-Robotech/kacho/internal/repohygiene","Test":"TestGRPCMountParity_AnAllowForAnUnownedPackageIsOutOfSubject","Output":"=== CONT  TestGRPCMountParity_AnAllowForAnUnownedPackageIsOutOfSubject\n"}
{"Time":"2026-09-17T15:21:42.257759338+03:00","Action":"cont","Package":"github.com/PRO-Robotech/kacho/internal/repohygiene","Test":"TestGRPCMountParity_DoesNotReadThroughASymlinkOutOfTheAPIRoot"}
{"Time":"2026-09-17T15:21:42.257762965+03:00","Action":"output","Package":"github.com/PRO-Robotech/kacho/internal/repohygiene","Test":"TestGRPCMountParity_DoesNotReadThroughASymlinkOutOfTheAPIRoot","Output":"=== CONT  TestGRPCMountParity_DoesNotReadThroughASymlinkOutOfTheAPIRoot\n"}
{"Time":"2026-09-17T15:21:42.257885014+03:00","Action":"cont","Package":"github.com/PRO-Robotech/kacho/internal/repohygiene","Test":"TestSubscriptionFormShape"}
{"Time":"2026-09-17T15:21:42.257894332+03:00","Action":"output","Package":"github.com/PRO-Robotech/kacho/internal/repohygiene","Test":"TestSubscriptionFormShape","Output":"=== CONT  TestSubscriptionFormShape\n"}
{"Time":"2026-09-17T15:21:42.258003587+03:00","Action":"cont","Package":"github.com/PRO-Robotech/kacho/internal/repohygiene","Test":"TestSubscriptionShapeMissingMessageCanFail"}
{"Time":"2026-09-17T15:21:42.258009809+03:00","Action":"output","Package":"github.com/PRO-Robotech/kacho/internal/repohygiene","Test":"TestSubscriptionShapeMissingMessageCanFail","Output":"=== CONT  TestSubscriptionShapeMissingMessageCanFail\n"}
{"Time":"2026-09-17T15:21:42.258055324+03:00","Action":"run","Package":"github.com/PRO-Robotech/kacho/internal/repohygiene","Test":"TestSubscriptionShapeMissingMessageCanFail/служебного_сообщения_нет_—_находка"}
{"Time":"2026-09-17T15:21:42.258060514+03:00","Action":"output","Package":"github.com/PRO-Robotech/kacho/internal/repohygiene","Test":"TestSubscriptionShapeMissingMessageCanFail/служебного_сообщения_нет_—_находка","Output":"=== RUN   TestSubscriptionShapeMissingMessageCanFail/служебного_сообщения_нет_—_находка\n"}
{"Time":"2026-09-17T15:21:42.258169118+03:00","Action":"cont","Package":"github.com/PRO-Robotech/kacho/internal/repohygiene","Test":"TestSubscriptionShapeRefusesAnEmptyRead"}
{"Time":"2026-09-17T15:21:42.258174158+03:00","Action":"output","Package":"github.com/PRO-Robotech/kacho/internal/repohygiene","Test":"TestSubscriptionShapeRefusesAnEmptyRead","Output":"=== CONT  TestSubscriptionShapeRefusesAnEmptyRead\n"}
{"Time":"2026-09-17T15:21:42.258248818+03:00","Action":"run","Package":"github.com/PRO-Robotech/kacho/internal/repohygiene","Test":"TestSubscriptionShapeRefusesAnEmptyRead/контракта_нет"}
{"Time":"2026-09-17T15:21:42.258254118+03:00","Action":"output","Package":"github.com/PRO-Robotech/kacho/internal/repohygiene","Test":"TestSubscriptionShapeRefusesAnEmptyRead/контракта_нет","Output":"=== RUN   TestSubscriptionShapeRefusesAnEmptyRead/контракта_нет\n"}
{"Time":"2026-09-17T15:21:42.258321344+03:00","Action":"cont","Package":"github.com/PRO-Robotech/kacho/internal/repohygiene","Test":"TestSubscriptionShapeOwnerVocabularyCanFail"}
{"Time":"2026-09-17T15:21:42.258325452+03:00","Action":"output","Package":"github.com/PRO-Robotech/kacho/internal/repohygiene","Test":"TestSubscriptionShapeOwnerVocabularyCanFail","Output":"=== CONT  TestSubscriptionShapeOwnerVocabularyCanFail\n"}
{"Time":"2026-09-17T15:21:42.258402116+03:00","Action":"output","Package":"github.com/PRO-Robotech/kacho/internal/repohygiene","Test":"TestSubscriptionFormShape","Output":"    subscriptionformshape_test.go:127: перепись: proto/corelib/subscription/subscription.proto — строк 480, типов 7 (верхнего уровня 4), полей 19 (осей 3), значений перечислений 12; утверждений проверено 46; находок 0\n"}
{"Time":"2026-09-17T15:21:42.258412055+03:00","Action":"run","Package":"github.com/PRO-Robotech/kacho/internal/repohygiene","Test":"TestSubscriptionShapeOwnerVocabularyCanFail/словарь_закрыт_контрактом_—_находка"}
{"Time":"2026-09-17T15:21:42.25841498+03:00","Action":"output","Package":"github.com/PRO-Robotech/kacho/internal/repohygiene","Test":"TestSubscriptionShapeOwnerVocabularyCanFail/словарь_закрыт_контрактом_—_находка","Output":"=== RUN   TestSubscriptionShapeOwnerVocabularyCanFail/словарь_закрыт_контрактом_—_находка\n"}
{"Time":"2026-09-17T15:21:42.258420901+03:00","Action":"output","Package":"github.com/PRO-Robotech/kacho/internal/repohygiene","Test":"TestSubscriptionFormShape","Output":"--- PASS: TestSubscriptionFormShape (0.00s)\n"}
{"Time":"2026-09-17T15:21:42.258491394+03:00","Action":"pass","Package":"github.com/PRO-Robotech/kacho/internal/repohygiene","Test":"TestSubscriptionFormShape","Elapsed":0}
{"Time":"2026-09-17T15:21:42.258502354+03:00","Action":"cont","Package":"github.com/PRO-Robotech/kacho/internal/repohygiene","Test":"TestSubscriptionShapePerimeterCanFail"}
{"Time":"2026-09-17T15:21:42.258504608+03:00","Action":"output","Package":"github.com/PRO-Robotech/kacho/internal/repohygiene","Test":"TestSubscriptionShapePerimeterCanFail","Output":"=== CONT  TestSubscriptionShapePerimeterCanFail\n"}
{"Time":"2026-09-17T15:21:42.258605578+03:00","Action":"cont","Package":"github.com/PRO-Robotech/kacho/internal/repohygiene","Test":"TestSubscriptionShapeStopReasonCanFail"}
{"Time":"2026-09-17T15:21:42.258608764+03:00","Action":"output","Package":"github.com/PRO-Robotech/kacho/internal/repohygiene","Test":"TestSubscriptionShapeStopReasonCanFail","Output":"=== CONT  TestSubscriptionShapeStopReasonCanFail\n"}
{"Time":"2026-09-17T15:21:42.258672684+03:00","Action":"cont","Package":"github.com/PRO-Robotech/kacho/internal/repohygiene","Test":"TestSubscriptionShapeHorizonCanFail"}
{"Time":"2026-09-17T15:21:42.258675249+03:00","Action":"output","Package":"github.com/PRO-Robotech/kacho/internal/repohygiene","Test":"TestSubscriptionShapeHorizonCanFail","Output":"=== CONT  TestSubscriptionShapeHorizonCanFail\n"}
{"Time":"2026-09-17T15:21:42.259075241+03:00","Action":"run","Package":"github.com/PRO-Robotech/kacho/internal/repohygiene","Test":"TestSubscriptionShapeHorizonCanFail/поля_горизонта_нет_—_находка"}
{"Time":"2026-09-17T15:21:42.259086372+03:00","Action":"output","Package":"github.com/PRO-Robotech/kacho/internal/repohygiene","Test":"TestSubscriptionShapeHorizonCanFail/поля_горизонта_нет_—_находка","Output":"=== RUN   TestSubscriptionShapeHorizonCanFail/поля_горизонта_нет_—_находка\n"}
{"Time":"2026-09-17T15:21:42.259115847+03:00","Action":"cont","Package":"github.com/PRO-Robotech/kacho/internal/repohygiene","Test":"TestSubscriptionShapeAnchorCanFail"}
{"Time":"2026-09-17T15:21:42.259121898+03:00","Action":"output","Package":"github.com/PRO-Robotech/kacho/internal/repohygiene","Test":"TestSubscriptionShapeAnchorCanFail","Output":"=== CONT  TestSubscriptionShapeAnchorCanFail\n"}
{"Time":"2026-09-17T15:21:42.259132869+03:00","Action":"run","Package":"github.com/PRO-Robotech/kacho/internal/repohygiene","Test":"TestSubscriptionShapeStopReasonCanFail/причина_остановки_полем_события_—_находка"}
{"Time":"2026-09-17T15:21:42.259137107+03:00","Action":"output","Package":"github.com/PRO-Robotech/kacho/internal/repohygiene","Test":"TestSubscriptionShapeStopReasonCanFail/причина_остановки_полем_события_—_находка","Output":"=== RUN   TestSubscriptionShapeStopReasonCanFail/причина_остановки_полем_события_—_находка\n"}
{"Time":"2026-09-17T15:21:42.259284454+03:00","Action":"cont","Package":"github.com/PRO-Robotech/kacho/internal/repohygiene","Test":"TestSubscriptionShapeCarrierCanFail"}
{"Time":"2026-09-17T15:21:42.259293891+03:00","Action":"output","Package":"github.com/PRO-Robotech/kacho/internal/repohygiene","Test":"TestSubscriptionShapeCarrierCanFail","Output":"=== CONT  TestSubscriptionShapeCarrierCanFail\n"}
{"Time":"2026-09-17T15:21:42.259297899+03:00","Action":"cont","Package":"github.com/PRO-Robotech/kacho/internal/repohygiene","Test":"TestSubscriptionShapeUnsetOutcomeCanFail"}
{"Time":"2026-09-17T15:21:42.259300514+03:00","Action":"output","Package":"github.com/PRO-Robotech/kacho/internal/repohygiene","Test":"TestSubscriptionShapeUnsetOutcomeCanFail","Output":"=== CONT  TestSubscriptionShapeUnsetOutcomeCanFail\n"}
{"Time":"2026-09-17T15:21:42.259310423+03:00","Action":"run","Package":"github.com/PRO-Robotech/kacho/internal/repohygiene","Test":"TestSubscriptionShapeAnchorCanFail/якоря_в_оболочке_нет_—_находка"}
{"Time":"2026-09-17T15:21:42.259314129+03:00","Action":"output","Package":"github.com/PRO-Robotech/kacho/internal/repohygiene","Test":"TestSubscriptionShapeAnchorCanFail/якоря_в_оболочке_нет_—_находка","Output":"=== RUN   TestSubscriptionShapeAnchorCanFail/якоря_в_оболочке_нет_—_находка\n"}
{"Time":"2026-09-17T15:21:42.259344697+03:00","Action":"cont","Package":"github.com/PRO-Robotech/kacho/internal/repohygiene","Test":"TestSubscriptionShapeAbsentAxisCanFail"}
{"Time":"2026-09-17T15:21:42.259347823+03:00","Action":"output","Package":"github.com/PRO-Robotech/kacho/internal/repohygiene","Test":"TestSubscriptionShapeAbsentAxisCanFail","Output":"=== CONT  TestSubscriptionShapeAbsentAxisCanFail\n"}
{"Time":"2026-09-17T15:21:42.259350949+03:00","Action":"cont","Package":"github.com/PRO-Robotech/kacho/internal/repohygiene","Test":"TestSubscriptionShapeCategoryMarkCanFail"}
{"Time":"2026-09-17T15:21:42.259353343+03:00","Action":"output","Package":"github.com/PRO-Robotech/kacho/internal/repohygiene","Test":"TestSubscriptionShapeCategoryMarkCanFail","Output":"=== CONT  TestSubscriptionShapeCategoryMarkCanFail\n"}
{"Time":"2026-09-17T15:21:42.25943171+03:00","Action":"run","Package":"github.com/PRO-Robotech/kacho/internal/repohygiene","Test":"TestSubscriptionShapeCarrierCanFail/носитель_не_ветвление_—_находка"}
{"Time":"2026-09-17T15:21:42.25944191+03:00","Action":"output","Package":"github.com/PRO-Robotech/kacho/internal/repohygiene","Test":"TestSubscriptionShapeCarrierCanFail/носитель_не_ветвление_—_находка","Output":"=== RUN   TestSubscriptionShapeCarrierCanFail/носитель_не_ветвление_—_находка\n"}
{"Time":"2026-09-17T15:21:42.259448562+03:00","Action":"run","Package":"github.com/PRO-Robotech/kacho/internal/repohygiene","Test":"TestSubscriptionShapeCategoryMarkCanFail/признак_не_проставлен_—_краснеет_с_координатой"}
{"Time":"2026-09-17T15:21:42.259453211+03:00","Action":"output","Package":"github.com/PRO-Robotech/kacho/internal/repohygiene","Test":"TestSubscriptionShapeCategoryMarkCanFail/признак_не_проставлен_—_краснеет_с_координатой","Output":"=== RUN   TestSubscriptionShapeCategoryMarkCanFail/признак_не_проставлен_—_краснеет_с_координатой\n"}
{"Time":"2026-09-17T15:21:42.259461496+03:00","Action":"run","Package":"github.com/PRO-Robotech/kacho/internal/repohygiene","Test":"TestSubscriptionShapeUnsetOutcomeCanFail/исход_не_назван_—_находка"}
{"Time":"2026-09-17T15:21:42.25946887+03:00","Action":"output","Package":"github.com/PRO-Robotech/kacho/internal/repohygiene","Test":"TestSubscriptionShapeUnsetOutcomeCanFail/исход_не_назван_—_находка","Output":"=== RUN   TestSubscriptionShapeUnsetOutcomeCanFail/исход_не_назван_—_находка\n"}
{"Time":"2026-09-17T15:21:42.259475392+03:00","Action":"cont","Package":"github.com/PRO-Robotech/kacho/internal/repohygiene","Test":"TestSubscriptionShapeAxisLedgerCanFail"}
{"Time":"2026-09-17T15:21:42.259480903+03:00","Action":"output","Package":"github.com/PRO-Robotech/kacho/internal/repohygiene","Test":"TestSubscriptionShapeAxisLedgerCanFail","Output":"=== CONT  TestSubscriptionShapeAxisLedgerCanFail\n"}
{"Time":"2026-09-17T15:21:42.259513213+03:00","Action":"cont","Package":"github.com/PRO-Robotech/kacho/internal/repohygiene","Test":"TestCatalogReachability_MethodsAreNotBorrowedBetweenDescriptors"}
{"Time":"2026-09-17T15:21:42.25952198+03:00","Action":"output","Package":"github.com/PRO-Robotech/kacho/internal/repohygiene","Test":"TestCatalogReachability_MethodsAreNotBorrowedBetweenDescriptors","Output":"=== CONT  TestCatalogReachability_MethodsAreNotBorrowedBetweenDescriptors\n"}
{"Time":"2026-09-17T15:21:42.259526539+03:00","Action":"cont","Package":"github.com/PRO-Robotech/kacho/internal/repohygiene","Test":"TestCatalogReachability_AllowExcusesAndThenExpires"}
{"Time":"2026-09-17T15:21:42.259528993+03:00","Action":"output","Package":"github.com/PRO-Robotech/kacho/internal/repohygiene","Test":"TestCatalogReachability_AllowExcusesAndThenExpires","Output":"=== CONT  TestCatalogReachability_AllowExcusesAndThenExpires\n"}
{"Time":"2026-09-17T15:21:42.259533121+03:00","Action":"cont","Package":"github.com/PRO-Robotech/kacho/internal/repohygiene","Test":"TestGRPCMountParity_EveryDeclaredServiceIsMounted"}
{"Time":"2026-09-17T15:21:42.259535245+03:00","Action":"output","Package":"github.com/PRO-Robotech/kacho/internal/repohygiene","Test":"TestGRPCMountParity_EveryDeclaredServiceIsMounted","Output":"=== CONT  TestGRPCMountParity_EveryDeclaredServiceIsMounted\n"}
{"Time":"2026-09-17T15:21:42.259901593+03:00","Action":"run","Package":"github.com/PRO-Robotech/kacho/internal/repohygiene","Test":"TestSubscriptionShapePerimeterCanFail/объявлен_глагол_—_находка"}
{"Time":"2026-09-17T15:21:42.259905751+03:00","Action":"output","Package":"github.com/PRO-Robotech/kacho/internal/repohygiene","Test":"TestSubscriptionShapePerimeterCanFail/объявлен_глагол_—_находка","Output":"=== RUN   TestSubscriptionShapePerimeterCanFail/объявлен_глагол_—_находка\n"}
{"Time":"2026-09-17T15:21:42.259911371+03:00","Action":"run","Package":"github.com/PRO-Robotech/kacho/internal/repohygiene","Test":"TestSubscriptionShapeAxisLedgerCanFail/поле_вне_перечня_—_краснеет_и_называет_ПОЛЕ"}
{"Time":"2026-09-17T15:21:42.259913886+03:00","Action":"output","Package":"github.com/PRO-Robotech/kacho/internal/repohygiene","Test":"TestSubscriptionShapeAxisLedgerCanFail/поле_вне_перечня_—_краснеет_и_называет_ПОЛЕ","Output":"=== RUN   TestSubscriptionShapeAxisLedgerCanFail/поле_вне_перечня_—_краснеет_и_называет_ПОЛЕ\n"}
{"Time":"2026-09-17T15:21:42.260030084+03:00","Action":"run","Package":"github.com/PRO-Robotech/kacho/internal/repohygiene","Test":"TestSubscriptionShapeAbsentAxisCanFail/объявленная_отсутствующей_ось_ЗАВЕДЕНА_—_находка"}
{"Time":"2026-09-17T15:21:42.260040644+03:00","Action":"output","Package":"github.com/PRO-Robotech/kacho/internal/repohygiene","Test":"TestSubscriptionShapeAbsentAxisCanFail/объявленная_отсутствующей_ось_ЗАВЕДЕНА_—_находка","Output":"=== RUN   TestSubscriptionShapeAbsentAxisCanFail/объявленная_отсутствующей_ось_ЗАВЕДЕНА_—_находка\n"}
{"Time":"2026-09-17T15:21:42.262047956+03:00","Action":"output","Package":"github.com/PRO-Robotech/kacho/internal/repohygiene","Test":"TestSubscriptionShapeStandIsCleanBeforeInjection","Output":"    subscriptionformshape_injection_test.go:247: перепись: proto/corelib/subscription/subscription.proto — строк 69, типов 5 (верхнего уровня 4), полей 17 (осей 3), значений перечислений 3; утверждений проверено 44; находок 0\n"}
{"Time":"2026-09-17T15:21:42.262163793+03:00","Action":"output","Package":"github.com/PRO-Robotech/kacho/internal/repohygiene","Test":"TestGRPCMountParity_EmptySubjectIsAnError","Output":"--- PASS: TestGRPCMountParity_EmptySubjectIsAnError (0.00s)\n"}
{"Time":"2026-09-17T15:21:42.262386772+03:00","Action":"pass","Package":"github.com/PRO-Robotech/kacho/internal/repohygiene","Test":"TestGRPCMountParity_EmptySubjectIsAnError","Elapsed":0}
{"Time":"2026-09-17T15:21:42.262397182+03:00","Action":"output","Package":"github.com/PRO-Robotech/kacho/internal/repohygiene","Test":"TestSubscriptionShapeStandIsCleanBeforeInjection","Output":"--- PASS: TestSubscriptionShapeStandIsCleanBeforeInjection (0.00s)\n"}
{"Time":"2026-09-17T15:21:42.262448839+03:00","Action":"pass","Package":"github.com/PRO-Robotech/kacho/internal/repohygiene","Test":"TestSubscriptionShapeStandIsCleanBeforeInjection","Elapsed":0}
{"Time":"2026-09-17T15:21:42.262454319+03:00","Action":"run","Package":"github.com/PRO-Robotech/kacho/internal/repohygiene","Test":"TestGRPCMountParity_AnAllowForAnUnownedPackageIsOutOfSubject/запись_про_сервис_невладеемого_пакета_—_молчание_и_перепись"}
{"Time":"2026-09-17T15:21:42.262458848+03:00","Action":"output","Package":"github.com/PRO-Robotech/kacho/internal/repohygiene","Test":"TestGRPCMountParity_AnAllowForAnUnownedPackageIsOutOfSubject/запись_про_сервис_невладеемого_пакета_—_молчание_и_перепись","Output":"=== RUN   TestGRPCMountParity_AnAllowForAnUnownedPackageIsOutOfSubject/запись_про_сервис_невладеемого_пакета_—_молчание_и_перепись\n"}
{"Time":"2026-09-17T15:21:42.26273676+03:00","Action":"output","Package":"github.com/PRO-Robotech/kacho/internal/repohygiene","Test":"TestSubscriptionShapeMissingMessageCanFail/служебного_сообщения_нет_—_находка","Output":"    subscriptionformshape_injection_test.go:730: missing-message proto/corelib/subscription/subscription.proto — форма обязана объявлять сообщение SubscriptionOpened, а его в контракте нет: часть утверждений ниже проверить не на чем\n"}
{"Time":"2026-09-17T15:21:42.26274766+03:00","Action":"output","Package":"github.com/PRO-Robotech/kacho/internal/repohygiene","Test":"TestCatalogReachability_EmptyCatalogIsAnError","Output":"--- PASS: TestCatalogReachability_EmptyCatalogIsAnError (0.00s)\n"}
{"Time":"2026-09-17T15:21:42.262751317+03:00","Action":"pass","Package":"github.com/PRO-Robotech/kacho/internal/repohygiene","Test":"TestCatalogReachability_EmptyCatalogIsAnError","Elapsed":0}
{"Time":"2026-09-17T15:21:42.262759452+03:00","Action":"output","Package":"github.com/PRO-Robotech/kacho/internal/repohygiene","Test":"TestSubscriptionShapeRefusesAnEmptyRead/контракта_нет","Output":"--- PASS: TestSubscriptionShapeRefusesAnEmptyRead/контракта_нет (0.00s)\n"}
{"Time":"2026-09-17T15:21:42.262771766+03:00","Action":"pass","Package":"github.com/PRO-Robotech/kacho/internal/repohygiene","Test":"TestSubscriptionShapeRefusesAnEmptyRead/контракта_нет","Elapsed":0}
{"Time":"2026-09-17T15:21:42.262776725+03:00","Action":"run","Package":"github.com/PRO-Robotech/kacho/internal/repohygiene","Test":"TestSubscriptionShapeRefusesAnEmptyRead/файл_есть,_объявлений_нет"}
{"Time":"2026-09-17T15:21:42.262780292+03:00","Action":"output","Package":"github.com/PRO-Robotech/kacho/internal/repohygiene","Test":"TestSubscriptionShapeRefusesAnEmptyRead/файл_есть,_объявлений_нет","Output":"=== RUN   TestSubscriptionShapeRefusesAnEmptyRead/файл_есть,_объявлений_нет\n"}
{"Time":"2026-09-17T15:21:42.26278455+03:00","Action":"output","Package":"github.com/PRO-Robotech/kacho/internal/repohygiene","Test":"TestSubscriptionShapeOwnerVocabularyCanFail/словарь_закрыт_контрактом_—_находка","Output":"    subscriptionformshape_injection_test.go:612: перепись: proto/corelib/subscription/subscription.proto — строк 75, типов 6 (верхнего уровня 5), полей 17 (осей 3), значений перечислений 5; утверждений проверено 44; находок 1\n"}
{"Time":"2026-09-17T15:21:42.263120631+03:00","Action":"output","Package":"github.com/PRO-Robotech/kacho/internal/repohygiene","Test":"TestSubscriptionShapeAnchorCanFail/якоря_в_оболочке_нет_—_находка","Output":"    subscriptionformshape_injection_test.go:485: перепись: proto/corelib/subscription/subscription.proto — строк 68, типов 5 (верхнего уровня 4), полей 16 (осей 3), значений перечислений 3; утверждений проверено 44; находок 1\n"}
{"Time":"2026-09-17T15:21:42.263176666+03:00","Action":"run","Package":"github.com/PRO-Robotech/kacho/internal/repohygiene","Test":"TestGRPCMountParity_AStaleAllowIsItselfAFinding/сервис_смонтирован"}
{"Time":"2026-09-17T15:21:42.263190312+03:00","Action":"output","Package":"github.com/PRO-Robotech/kacho/internal/repohygiene","Test":"TestGRPCMountParity_AStaleAllowIsItselfAFinding/сервис_смонтирован","Output":"=== RUN   TestGRPCMountParity_AStaleAllowIsItselfAFinding/сервис_смонтирован\n"}
{"Time":"2026-09-17T15:21:42.263220288+03:00","Action":"output","Package":"github.com/PRO-Robotech/kacho/internal/repohygiene","Test":"TestCatalogReachability_SilentOnAServedMethod","Output":"--- PASS: TestCatalogReachability_SilentOnAServedMethod (0.01s)\n"}
{"Time":"2026-09-17T15:21:42.263377544+03:00","Action":"pass","Package":"github.com/PRO-Robotech/kacho/internal/repohygiene","Test":"TestCatalogReachability_SilentOnAServedMethod","Elapsed":0.01}
{"Time":"2026-09-17T15:21:42.263389687+03:00","Action":"output","Package":"github.com/PRO-Robotech/kacho/internal/repohygiene","Test":"TestCatalogReachability_RedOnAMethodTheContractDoesNotHave","Output":"--- PASS: TestCatalogReachability_RedOnAMethodTheContractDoesNotHave (0.01s)\n"}
{"Time":"2026-09-17T15:21:42.263557893+03:00","Action":"pass","Package":"github.com/PRO-Robotech/kacho/internal/repohygiene","Test":"TestCatalogReachability_RedOnAMethodTheContractDoesNotHave","Elapsed":0.01}
{"Time":"2026-09-17T15:21:42.263567531+03:00","Action":"output","Package":"github.com/PRO-Robotech/kacho/internal/repohygiene","Test":"TestSubscriptionShapeMissingMessageCanFail/служебного_сообщения_нет_—_находка","Output":"--- PASS: TestSubscriptionShapeMissingMessageCanFail/служебного_сообщения_нет_—_находка (0.01s)\n"}
{"Time":"2026-09-17T15:21:42.263574884+03:00","Action":"pass","Package":"github.com/PRO-Robotech/kacho/internal/repohygiene","Test":"TestSubscriptionShapeMissingMessageCanFail/служебного_сообщения_нет_—_находка","Elapsed":0.01}
{"Time":"2026-09-17T15:21:42.263580084+03:00","Action":"output","Package":"github.com/PRO-Robotech/kacho/internal/repohygiene","Test":"TestSubscriptionShapeCarrierCanFail/носитель_не_ветвление_—_находка","Output":"    subscriptionformshape_injection_test.go:429: перепись: proto/corelib/subscription/subscription.proto — строк 67, типов 5 (верхнего уровня 4), полей 17 (осей 3), значений перечислений 3; утверждений проверено 41; находок 1\n"}
{"Time":"2026-09-17T15:21:42.26358854+03:00","Action":"output","Package":"github.com/PRO-Robotech/kacho/internal/repohygiene","Test":"TestSubscriptionShapeStopReasonCanFail/причина_остановки_полем_события_—_находка","Output":"    subscriptionformshape_injection_test.go:548: перепись: proto/corelib/subscription/subscription.proto — строк 70, типов 5 (верхнего уровня 4), полей 18 (осей 3), значений перечислений 3; утверждений проверено 44; находок 1\n"}
{"Time":"2026-09-17T15:21:42.263596014+03:00","Action":"output","Package":"github.com/PRO-Robotech/kacho/internal/repohygiene","Test":"TestSubscriptionShapeAnchorCanFail/якоря_в_оболочке_нет_—_находка","Output":"--- PASS: TestSubscriptionShapeAnchorCanFail/якоря_в_оболочке_нет_—_находка (0.00s)\n"}
{"Time":"2026-09-17T15:21:42.263601484+03:00","Action":"pass","Package":"github.com/PRO-Robotech/kacho/internal/repohygiene","Test":"TestSubscriptionShapeAnchorCanFail/якоря_в_оболочке_нет_—_находка","Elapsed":0}
{"Time":"2026-09-17T15:21:42.263606534+03:00","Action":"output","Package":"github.com/PRO-Robotech/kacho/internal/repohygiene","Test":"TestSubscriptionShapeRefusesAnEmptyRead/файл_есть,_объявлений_нет","Output":"--- PASS: TestSubscriptionShapeRefusesAnEmptyRead/файл_есть,_объявлений_нет (0.00s)\n"}
{"Time":"2026-09-17T15:21:42.263611113+03:00","Action":"pass","Package":"github.com/PRO-Robotech/kacho/internal/repohygiene","Test":"TestSubscriptionShapeRefusesAnEmptyRead/файл_есть,_объявлений_нет","Elapsed":0}
{"Time":"2026-09-17T15:21:42.26361524+03:00","Action":"run","Package":"github.com/PRO-Robotech/kacho/internal/repohygiene","Test":"TestSubscriptionShapeAnchorCanFail/якорь_ветвью_ветвления_—_находка"}
{"Time":"2026-09-17T15:21:42.263618236+03:00","Action":"output","Package":"github.com/PRO-Robotech/kacho/internal/repohygiene","Test":"TestSubscriptionShapeAnchorCanFail/якорь_ветвью_ветвления_—_находка","Output":"=== RUN   TestSubscriptionShapeAnchorCanFail/якорь_ветвью_ветвления_—_находка\n"}
{"Time":"2026-09-17T15:21:42.263625209+03:00","Action":"output","Package":"github.com/PRO-Robotech/kacho/internal/repohygiene","Test":"TestSubscriptionShapeHorizonCanFail/поля_горизонта_нет_—_находка","Output":"    subscriptionformshape_injection_test.go:526: перепись: proto/corelib/subscription/subscription.proto — строк 68, типов 5 (верхнего уровня 4), полей 16 (осей 3), значений перечислений 3; утверждений проверено 44; находок 1\n"}
{"Time":"2026-09-17T15:21:42.26363096+03:00","Action":"run","Package":"github.com/PRO-Robotech/kacho/internal/repohygiene","Test":"TestSubscriptionShapeRefusesAnEmptyRead/судится_не_тот_файл"}
{"Time":"2026-09-17T15:21:42.263634096+03:00","Action":"output","Package":"github.com/PRO-Robotech/kacho/internal/repohygiene","Test":"TestSubscriptionShapeRefusesAnEmptyRead/судится_не_тот_файл","Output":"=== RUN   TestSubscriptionShapeRefusesAnEmptyRead/судится_не_тот_файл\n"}
{"Time":"2026-09-17T15:21:42.263640227+03:00","Action":"output","Package":"github.com/PRO-Robotech/kacho/internal/repohygiene","Test":"TestSubscriptionShapeOwnerVocabularyCanFail/словарь_закрыт_контрактом_—_находка","Output":"--- PASS: TestSubscriptionShapeOwnerVocabularyCanFail/словарь_закрыт_контрактом_—_находка (0.01s)\n"}
{"Time":"2026-09-17T15:21:42.263648132+03:00","Action":"pass","Package":"github.com/PRO-Robotech/kacho/internal/repohygiene","Test":"TestSubscriptionShapeOwnerVocabularyCanFail/словарь_закрыт_контрактом_—_находка","Elapsed":0.01}
{"Time":"2026-09-17T15:21:42.263747088+03:00","Action":"output","Package":"github.com/PRO-Robotech/kacho/internal/repohygiene","Test":"TestGRPCMountParity_AnAllowForAnUnownedPackageIsOutOfSubject/запись_про_сервис_невладеемого_пакета_—_молчание_и_перепись","Output":"--- PASS: TestGRPCMountParity_AnAllowForAnUnownedPackageIsOutOfSubject/запись_про_сервис_невладеемого_пакета_—_молчание_и_перепись (0.00s)\n"}
{"Time":"2026-09-17T15:21:42.26376435+03:00","Action":"pass","Package":"github.com/PRO-Robotech/kacho/internal/repohygiene","Test":"TestGRPCMountParity_AnAllowForAnUnownedPackageIsOutOfSubject/запись_про_сервис_невладеемого_пакета_—_молчание_и_перепись","Elapsed":0}
{"Time":"2026-09-17T15:21:42.263770161+03:00","Action":"output","Package":"github.com/PRO-Robotech/kacho/internal/repohygiene","Test":"TestSubscriptionShapePerimeterCanFail/объявлен_глагол_—_находка","Output":"    subscriptionformshape_injection_test.go:572: перепись: proto/corelib/subscription/subscription.proto — строк 71, типов 5 (верхнего уровня 4), полей 17 (осей 3), значений перечислений 3; утверждений проверено 44; находок 1\n"}
{"Time":"2026-09-17T15:21:42.263811269+03:00","Action":"output","Package":"github.com/PRO-Robotech/kacho/internal/repohygiene","Test":"TestSubscriptionShapeAbsentAxisCanFail/объявленная_отсутствующей_ось_ЗАВЕДЕНА_—_находка","Output":"    subscriptionformshape_injection_test.go:353: перепись: proto/corelib/subscription/subscription.proto — строк 72, типов 5 (верхнего уровня 4), полей 18 (осей 4), значений перечислений 3; утверждений проверено 47; находок 1\n"}
{"Time":"2026-09-17T15:21:42.263952424+03:00","Action":"output","Package":"github.com/PRO-Robotech/kacho/internal/repohygiene","Test":"TestCatalogReachability_RedOnAServiceTheContractDoesNotHave","Output":"--- PASS: TestCatalogReachability_RedOnAServiceTheContractDoesNotHave (0.01s)\n"}
{"Time":"2026-09-17T15:21:42.26396623+03:00","Action":"pass","Package":"github.com/PRO-Robotech/kacho/internal/repohygiene","Test":"TestCatalogReachability_RedOnAServiceTheContractDoesNotHave","Elapsed":0.01}
{"Time":"2026-09-17T15:21:42.263970908+03:00","Action":"output","Package":"github.com/PRO-Robotech/kacho/internal/repohygiene","Test":"TestCatalogReachability_RedOnAnUnmountedService","Output":"--- PASS: TestCatalogReachability_RedOnAnUnmountedService (0.01s)\n"}
{"Time":"2026-09-17T15:21:42.263975758+03:00","Action":"pass","Package":"github.com/PRO-Robotech/kacho/internal/repohygiene","Test":"TestCatalogReachability_RedOnAnUnmountedService","Elapsed":0.01}
{"Time":"2026-09-17T15:21:42.263979104+03:00","Action":"run","Package":"github.com/PRO-Robotech/kacho/internal/repohygiene","Test":"TestSubscriptionShapeOwnerVocabularyCanFail/перечисление_рядом,_но_ось_строковая_—_молчание"}
{"Time":"2026-09-17T15:21:42.263989563+03:00","Action":"output","Package":"github.com/PRO-Robotech/kacho/internal/repohygiene","Test":"TestSubscriptionShapeOwnerVocabularyCanFail/перечисление_рядом,_но_ось_строковая_—_молчание","Output":"=== RUN   TestSubscriptionShapeOwnerVocabularyCanFail/перечисление_рядом,_но_ось_строковая_—_молчание\n"}
{"Time":"2026-09-17T15:21:42.263998009+03:00","Action":"output","Package":"github.com/PRO-Robotech/kacho/internal/repohygiene","Test":"TestGRPCMountParity_AStaleAllowIsItselfAFinding/сервис_смонтирован","Output":"--- PASS: TestGRPCMountParity_AStaleAllowIsItselfAFinding/сервис_смонтирован (0.00s)\n"}
{"Time":"2026-09-17T15:21:42.264002458+03:00","Action":"pass","Package":"github.com/PRO-Robotech/kacho/internal/repohygiene","Test":"TestGRPCMountParity_AStaleAllowIsItselfAFinding/сервис_смонтирован","Elapsed":0}
{"Time":"2026-09-17T15:21:42.264155726+03:00","Action":"run","Package":"github.com/PRO-Robotech/kacho/internal/repohygiene","Test":"TestGRPCMountParity_AStaleAllowIsItselfAFinding/сервиса_нет_в_контракте"}
{"Time":"2026-09-17T15:21:42.264164512+03:00","Action":"output","Package":"github.com/PRO-Robotech/kacho/internal/repohygiene","Test":"TestGRPCMountParity_AStaleAllowIsItselfAFinding/сервиса_нет_в_контракте","Output":"=== RUN   TestGRPCMountParity_AStaleAllowIsItselfAFinding/сервиса_нет_в_контракте\n"}
{"Time":"2026-09-17T15:21:42.264787803+03:00","Action":"output","Package":"github.com/PRO-Robotech/kacho/internal/repohygiene","Test":"TestSubscriptionShapePerimeterCanFail/объявлен_глагол_—_находка","Output":"--- PASS: TestSubscriptionShapePerimeterCanFail/объявлен_глагол_—_находка (0.00s)\n"}
{"Time":"2026-09-17T15:21:42.264797882+03:00","Action":"pass","Package":"github.com/PRO-Robotech/kacho/internal/repohygiene","Test":"TestSubscriptionShapePerimeterCanFail/объявлен_глагол_—_находка","Elapsed":0}
{"Time":"2026-09-17T15:21:42.264805927+03:00","Action":"run","Package":"github.com/PRO-Robotech/kacho/internal/repohygiene","Test":"TestSubscriptionShapePerimeterCanFail/слова_`service`_и_`rpc`_В_ПРОЗЕ_—_молчание"}
{"Time":"2026-09-17T15:21:42.264808632+03:00","Action":"output","Package":"github.com/PRO-Robotech/kacho/internal/repohygiene","Test":"TestSubscriptionShapePerimeterCanFail/слова_`service`_и_`rpc`_В_ПРОЗЕ_—_молчание","Output":"=== RUN   TestSubscriptionShapePerimeterCanFail/слова_`service`_и_`rpc`_В_ПРОЗЕ_—_молчание\n"}
{"Time":"2026-09-17T15:21:42.264815405+03:00","Action":"output","Package":"github.com/PRO-Robotech/kacho/internal/repohygiene","Test":"TestSubscriptionShapeCategoryMarkCanFail/признак_не_проставлен_—_краснеет_с_координатой","Output":"    subscriptionformshape_injection_test.go:313: перепись: proto/corelib/subscription/subscription.proto — строк 69, типов 5 (верхнего уровня 4), полей 17 (осей 3), значений перечислений 3; утверждений проверено 44; находок 1\n"}
{"Time":"2026-09-17T15:21:42.264821997+03:00","Action":"output","Package":"github.com/PRO-Robotech/kacho/internal/repohygiene","Test":"TestSubscriptionShapeAbsentAxisCanFail/объявленная_отсутствующей_ось_ЗАВЕДЕНА_—_находка","Output":"--- PASS: TestSubscriptionShapeAbsentAxisCanFail/объявленная_отсутствующей_ось_ЗАВЕДЕНА_—_находка (0.00s)\n"}
{"Time":"2026-09-17T15:21:42.264826646+03:00","Action":"pass","Package":"github.com/PRO-Robotech/kacho/internal/repohygiene","Test":"TestSubscriptionShapeAbsentAxisCanFail/объявленная_отсутствующей_ось_ЗАВЕДЕНА_—_находка","Elapsed":0}
{"Time":"2026-09-17T15:21:42.26483942+03:00","Action":"output","Package":"github.com/PRO-Robotech/kacho/internal/repohygiene","Test":"TestSubscriptionShapeHorizonCanFail/поля_горизонта_нет_—_находка","Output":"--- PASS: TestSubscriptionShapeHorizonCanFail/поля_горизонта_нет_—_находка (0.01s)\n"}
{"Time":"2026-09-17T15:21:42.264843879+03:00","Action":"pass","Package":"github.com/PRO-Robotech/kacho/internal/repohygiene","Test":"TestSubscriptionShapeHorizonCanFail/поля_горизонта_нет_—_находка","Elapsed":0.01}
{"Time":"2026-09-17T15:21:42.264848557+03:00","Action":"run","Package":"github.com/PRO-Robotech/kacho/internal/repohygiene","Test":"TestSubscriptionShapeAbsentAxisCanFail/причина_отсутствия_НЕ_названа_—_находка"}
{"Time":"2026-09-17T15:21:42.264852304+03:00","Action":"output","Package":"github.com/PRO-Robotech/kacho/internal/repohygiene","Test":"TestSubscriptionShapeAbsentAxisCanFail/причина_отсутствия_НЕ_названа_—_находка","Output":"=== RUN   TestSubscriptionShapeAbsentAxisCanFail/причина_отсутствия_НЕ_названа_—_находка\n"}
{"Time":"2026-09-17T15:21:42.264859127+03:00","Action":"run","Package":"github.com/PRO-Robotech/kacho/internal/repohygiene","Test":"TestSubscriptionShapeMissingMessageCanFail/все_три_сообщения_на_месте,_порядок_другой_—_молчание"}
{"Time":"2026-09-17T15:21:42.264862734+03:00","Action":"output","Package":"github.com/PRO-Robotech/kacho/internal/repohygiene","Test":"TestSubscriptionShapeMissingMessageCanFail/все_три_сообщения_на_месте,_порядок_другой_—_молчание","Output":"=== RUN   TestSubscriptionShapeMissingMessageCanFail/все_три_сообщения_на_месте,_порядок_другой_—_молчание\n"}
{"Time":"2026-09-17T15:21:42.264889164+03:00","Action":"run","Package":"github.com/PRO-Robotech/kacho/internal/repohygiene","Test":"TestGRPCMountParity_AnAllowForAnUnownedPackageIsOutOfSubject/та_же_запись_СТАНОВИТСЯ_находкой,_как_только_пакетом_начинают_владеть"}
{"Time":"2026-09-17T15:21:42.264900495+03:00","Action":"output","Package":"github.com/PRO-Robotech/kacho/internal/repohygiene","Test":"TestGRPCMountParity_AnAllowForAnUnownedPackageIsOutOfSubject/та_же_запись_СТАНОВИТСЯ_находкой,_как_только_пакетом_начинают_владеть","Output":"=== RUN   TestGRPCMountParity_AnAllowForAnUnownedPackageIsOutOfSubject/та_же_запись_СТАНОВИТСЯ_находкой,_как_только_пакетом_начинают_владеть\n"}
{"Time":"2026-09-17T15:21:42.264906226+03:00","Action":"output","Package":"github.com/PRO-Robotech/kacho/internal/repohygiene","Test":"TestSubscriptionShapeAnchorCanFail/якорь_ветвью_ветвления_—_находка","Output":"    subscriptionformshape_injection_test.go:496: перепись: proto/corelib/subscription/subscription.proto — строк 69, типов 5 (верхнего уровня 4), полей 17 (осей 3), значений перечислений 3; утверждений проверено 44; находок 2\n"}
{"Time":"2026-09-17T15:21:42.264914952+03:00","Action":"output","Package":"github.com/PRO-Robotech/kacho/internal/repohygiene","Test":"TestSubscriptionShapeStopReasonCanFail/причина_остановки_полем_события_—_находка","Output":"--- PASS: TestSubscriptionShapeStopReasonCanFail/причина_остановки_полем_события_—_находка (0.00s)\n"}
{"Time":"2026-09-17T15:21:42.264920873+03:00","Action":"pass","Package":"github.com/PRO-Robotech/kacho/internal/repohygiene","Test":"TestSubscriptionShapeStopReasonCanFail/причина_остановки_полем_события_—_находка","Elapsed":0}
{"Time":"2026-09-17T15:21:42.264944428+03:00","Action":"run","Package":"github.com/PRO-Robotech/kacho/internal/repohygiene","Test":"TestSubscriptionShapeStopReasonCanFail/то_же_имя_ВНУТРИ_вложенного_сообщения_—_молчание"}
{"Time":"2026-09-17T15:21:42.264949717+03:00","Action":"output","Package":"github.com/PRO-Robotech/kacho/internal/repohygiene","Test":"TestSubscriptionShapeStopReasonCanFail/то_же_имя_ВНУТРИ_вложенного_сообщения_—_молчание","Output":"=== RUN   TestSubscriptionShapeStopReasonCanFail/то_же_имя_ВНУТРИ_вложенного_сообщения_—_молчание\n"}
{"Time":"2026-09-17T15:21:42.264970717+03:00","Action":"output","Package":"github.com/PRO-Robotech/kacho/internal/repohygiene","Test":"TestSubscriptionShapeAxisLedgerCanFail/поле_вне_перечня_—_краснеет_и_называет_ПОЛЕ","Output":"    subscriptionformshape_injection_test.go:266: перепись: proto/corelib/subscription/subscription.proto — строк 72, типов 5 (верхнего уровня 4), полей 18 (осей 3), значений перечислений 3; утверждений проверено 45; находок 1\n"}
{"Time":"2026-09-17T15:21:42.264992508+03:00","Action":"output","Package":"github.com/PRO-Robotech/kacho/internal/repohygiene","Test":"TestSubscriptionShapeAxisLedgerCanFail/поле_вне_перечня_—_краснеет_и_называет_ПОЛЕ","Output":"    subscriptionformshape_injection_test.go:271: field-outside-the-ledger proto/corelib/subscription/subscription.proto:30 — поле `label_selector` запроса подписки не значится в закрытом перечне. Ось заводится не злым умыслом — «для удобства», — и следующий заведёт вторую. Перечень закрыт: добавь поле ВМЕСТЕ с записью, называющей роль и причину, и решение станет видимым на обзоре\n"}
{"Time":"2026-09-17T15:21:42.265058161+03:00","Action":"output","Package":"github.com/PRO-Robotech/kacho/internal/repohygiene","Test":"TestGRPCMountParity_AStaleAllowIsItselfAFinding/сервиса_нет_в_контракте","Output":"--- PASS: TestGRPCMountParity_AStaleAllowIsItselfAFinding/сервиса_нет_в_контракте (0.00s)\n"}
{"Time":"2026-09-17T15:21:42.265071867+03:00","Action":"pass","Package":"github.com/PRO-Robotech/kacho/internal/repohygiene","Test":"TestGRPCMountParity_AStaleAllowIsItselfAFinding/сервиса_нет_в_контракте","Elapsed":0}
{"Time":"2026-09-17T15:21:42.265076786+03:00","Action":"output","Package":"github.com/PRO-Robotech/kacho/internal/repohygiene","Test":"TestSubscriptionShapeOwnerVocabularyCanFail/перечисление_рядом,_но_ось_строковая_—_молчание","Output":"    subscriptionformshape_injection_test.go:622: перепись: proto/corelib/subscription/subscription.proto — строк 75, типов 6 (верхнего уровня 5), полей 17 (осей 3), значений перечислений 5; утверждений проверено 44; находок 0\n"}
{"Time":"2026-09-17T15:21:42.265167557+03:00","Action":"output","Package":"github.com/PRO-Robotech/kacho/internal/repohygiene","Test":"TestSubscriptionShapeUnsetOutcomeCanFail/исход_не_назван_—_находка","Output":"    subscriptionformshape_injection_test.go:386: перепись: proto/corelib/subscription/subscription.proto — строк 69, типов 5 (верхнего уровня 4), полей 17 (осей 3), значений перечислений 3; утверждений проверено 44; находок 1\n"}
{"Time":"2026-09-17T15:21:42.265181082+03:00","Action":"output","Package":"github.com/PRO-Robotech/kacho/internal/repohygiene","Test":"TestSubscriptionShapeAnchorCanFail/якорь_ветвью_ветвления_—_находка","Output":"--- PASS: TestSubscriptionShapeAnchorCanFail/якорь_ветвью_ветвления_—_находка (0.00s)\n"}
{"Time":"2026-09-17T15:21:42.265190109+03:00","Action":"pass","Package":"github.com/PRO-Robotech/kacho/internal/repohygiene","Test":"TestSubscriptionShapeAnchorCanFail/якорь_ветвью_ветвления_—_находка","Elapsed":0}
{"Time":"2026-09-17T15:21:42.265194628+03:00","Action":"output","Package":"github.com/PRO-Robotech/kacho/internal/repohygiene","Test":"TestSubscriptionShapeCarrierCanFail/носитель_не_ветвление_—_находка","Output":"--- PASS: TestSubscriptionShapeCarrierCanFail/носитель_не_ветвление_—_находка (0.00s)\n"}
{"Time":"2026-09-17T15:21:42.265199427+03:00","Action":"pass","Package":"github.com/PRO-Robotech/kacho/internal/repohygiene","Test":"TestSubscriptionShapeCarrierCanFail/носитель_не_ветвление_—_находка","Elapsed":0}
{"Time":"2026-09-17T15:21:42.265204296+03:00","Action":"run","Package":"github.com/PRO-Robotech/kacho/internal/repohygiene","Test":"TestSubscriptionShapeAnchorCanFail/якорь_ВНУТРИ_нагрузки_—_находка"}
{"Time":"2026-09-17T15:21:42.265208333+03:00","Action":"output","Package":"github.com/PRO-Robotech/kacho/internal/repohygiene","Test":"TestSubscriptionShapeAnchorCanFail/якорь_ВНУТРИ_нагрузки_—_находка","Output":"=== RUN   TestSubscriptionShapeAnchorCanFail/якорь_ВНУТРИ_нагрузки_—_находка\n"}
{"Time":"2026-09-17T15:21:42.265217851+03:00","Action":"output","Package":"github.com/PRO-Robotech/kacho/internal/repohygiene","Test":"TestSubscriptionShapeCategoryMarkCanFail/признак_не_проставлен_—_краснеет_с_координатой","Output":"    subscriptionformshape_injection_test.go:318: axis-without-category proto/corelib/subscription/subscription.proto:24 — у оси `project_id` не проставлен признак категории. Категорий две: ЯКОРНАЯ — по ней принимается решение о показе, и исхода «названа, но не применена» у неё не существует; УДОБСТВА — доотбор на клиенте законен. Гейт требует, чтобы признак СТОЯЛ; верен ли выбор — смысл, а не синтаксис, и решается обзором\n"}
{"Time":"2026-09-17T15:21:42.265229734+03:00","Action":"output","Package":"github.com/PRO-Robotech/kacho/internal/repohygiene","Test":"TestSubscriptionShapeRefusesAnEmptyRead/судится_не_тот_файл","Output":"--- PASS: TestSubscriptionShapeRefusesAnEmptyRead/судится_не_тот_файл (0.00s)\n"}
{"Time":"2026-09-17T15:21:42.265234783+03:00","Action":"pass","Package":"github.com/PRO-Robotech/kacho/internal/repohygiene","Test":"TestSubscriptionShapeRefusesAnEmptyRead/судится_не_тот_файл","Elapsed":0}
{"Time":"2026-09-17T15:21:42.265239953+03:00","Action":"output","Package":"github.com/PRO-Robotech/kacho/internal/repohygiene","Test":"TestSubscriptionShapeAbsentAxisCanFail/причина_отсутствия_НЕ_названа_—_находка","Output":"    subscriptionformshape_injection_test.go:360: перепись: proto/corelib/subscription/subscription.proto — строк 65, типов 5 (верхнего уровня 4), полей 17 (осей 3), значений перечислений 3; утверждений проверено 44; находок 2\n"}
{"Time":"2026-09-17T15:21:42.265249721+03:00","Action":"output","Package":"github.com/PRO-Robotech/kacho/internal/repohygiene","Test":"TestSubscriptionShapePerimeterCanFail/слова_`service`_и_`rpc`_В_ПРОЗЕ_—_молчание","Output":"    subscriptionformshape_injection_test.go:584: перепись: proto/corelib/subscription/subscription.proto — строк 71, типов 5 (верхнего уровня 4), полей 17 (осей 3), значений перечислений 3; утверждений проверено 44; находок 0\n"}
{"Time":"2026-09-17T15:21:42.2652652+03:00","Action":"output","Package":"github.com/PRO-Robotech/kacho/internal/repohygiene","Test":"TestSubscriptionShapeRefusesAnEmptyRead","Output":"--- PASS: TestSubscriptionShapeRefusesAnEmptyRead (0.01s)\n"}
{"Time":"2026-09-17T15:21:42.265271502+03:00","Action":"pass","Package":"github.com/PRO-Robotech/kacho/internal/repohygiene","Test":"TestSubscriptionShapeRefusesAnEmptyRead","Elapsed":0.01}
{"Time":"2026-09-17T15:21:42.265276842+03:00","Action":"output","Package":"github.com/PRO-Robotech/kacho/internal/repohygiene","Test":"TestSubscriptionShapeAbsentAxisCanFail/причина_отсутствия_НЕ_названа_—_находка","Output":"    subscriptionformshape_injection_test.go:362: absent-axis-unexplained proto/corelib/subscription/subscription.proto:15 — ось `name` в форме отсутствует, но контракт об этом молчит: слова «ИМЯ» в описании запроса нет. Поле без записанной причины отсутствия заводит следующий «для удобства», и он будет прав по-своему — возразить ему будет нечем\n"}
{"Time":"2026-09-17T15:21:42.265284667+03:00","Action":"run","Package":"github.com/PRO-Robotech/kacho/internal/repohygiene","Test":"TestSubscriptionShapeCarrierCanFail/ветвей_три_—_находка"}
{"Time":"2026-09-17T15:21:42.265288404+03:00","Action":"output","Package":"github.com/PRO-Robotech/kacho/internal/repohygiene","Test":"TestSubscriptionShapeCarrierCanFail/ветвей_три_—_находка","Output":"=== RUN   TestSubscriptionShapeCarrierCanFail/ветвей_три_—_находка\n"}
{"Time":"2026-09-17T15:21:42.265294826+03:00","Action":"run","Package":"github.com/PRO-Robotech/kacho/internal/repohygiene","Test":"TestSubscriptionShapeHorizonCanFail/поля_горизонта_на_месте,_порядок_другой_—_молчание"}
{"Time":"2026-09-17T15:21:42.265298743+03:00","Action":"output","Package":"github.com/PRO-Robotech/kacho/internal/repohygiene","Test":"TestSubscriptionShapeHorizonCanFail/поля_горизонта_на_месте,_порядок_другой_—_молчание","Output":"=== RUN   TestSubscriptionShapeHorizonCanFail/поля_горизонта_на_месте,_порядок_другой_—_молчание\n"}
{"Time":"2026-09-17T15:21:42.265406756+03:00","Action":"output","Package":"github.com/PRO-Robotech/kacho/internal/repohygiene","Test":"TestSubscriptionShapeOwnerVocabularyCanFail/перечисление_рядом,_но_ось_строковая_—_молчание","Output":"--- PASS: TestSubscriptionShapeOwnerVocabularyCanFail/перечисление_рядом,_но_ось_строковая_—_молчание (0.00s)\n"}
{"Time":"2026-09-17T15:21:42.26541411+03:00","Action":"pass","Package":"github.com/PRO-Robotech/kacho/internal/repohygiene","Test":"TestSubscriptionShapeOwnerVocabularyCanFail/перечисление_рядом,_но_ось_строковая_—_молчание","Elapsed":0}
{"Time":"2026-09-17T15:21:42.265420983+03:00","Action":"output","Package":"github.com/PRO-Robotech/kacho/internal/repohygiene","Test":"TestSubscriptionShapeOwnerVocabularyCanFail","Output":"--- PASS: TestSubscriptionShapeOwnerVocabularyCanFail (0.01s)\n"}
{"Time":"2026-09-17T15:21:42.265426934+03:00","Action":"pass","Package":"github.com/PRO-Robotech/kacho/internal/repohygiene","Test":"TestSubscriptionShapeOwnerVocabularyCanFail","Elapsed":0.01}
{"Time":"2026-09-17T15:21:42.265430972+03:00","Action":"output","Package":"github.com/PRO-Robotech/kacho/internal/repohygiene","Test":"TestSubscriptionShapeAxisLedgerCanFail/поле_вне_перечня_—_краснеет_и_называет_ПОЛЕ","Output":"--- PASS: TestSubscriptionShapeAxisLedgerCanFail/поле_вне_перечня_—_краснеет_и_называет_ПОЛЕ (0.01s)\n"}
{"Time":"2026-09-17T15:21:42.265437724+03:00","Action":"pass","Package":"github.com/PRO-Robotech/kacho/internal/repohygiene","Test":"TestSubscriptionShapeAxisLedgerCanFail/поле_вне_перечня_—_краснеет_и_называет_ПОЛЕ","Elapsed":0.01}
{"Time":"2026-09-17T15:21:42.265445619+03:00","Action":"output","Package":"github.com/PRO-Robotech/kacho/internal/repohygiene","Test":"TestSubscriptionShapeStopReasonCanFail/то_же_имя_ВНУТРИ_вложенного_сообщения_—_молчание","Output":"    subscriptionformshape_injection_test.go:561: перепись: proto/corelib/subscription/subscription.proto — строк 71, типов 5 (верхнего уровня 4), полей 18 (осей 3), значений перечислений 3; утверждений проверено 44; находок 0\n"}
{"Time":"2026-09-17T15:21:42.265455899+03:00","Action":"output","Package":"github.com/PRO-Robotech/kacho/internal/repohygiene","Test":"TestSubscriptionShapeCategoryMarkCanFail/признак_не_проставлен_—_краснеет_с_координатой","Output":"--- PASS: TestSubscriptionShapeCategoryMarkCanFail/признак_не_проставлен_—_краснеет_с_координатой (0.01s)\n"}
{"Time":"2026-09-17T15:21:42.265461359+03:00","Action":"pass","Package":"github.com/PRO-Robotech/kacho/internal/repohygiene","Test":"TestSubscriptionShapeCategoryMarkCanFail/признак_не_проставлен_—_краснеет_с_координатой","Elapsed":0.01}
{"Time":"2026-09-17T15:21:42.265469324+03:00","Action":"run","Package":"github.com/PRO-Robotech/kacho/internal/repohygiene","Test":"TestSubscriptionShapeAxisLedgerCanFail/поле,_добавленное_ВМЕСТЕ_с_записью,_—_молчание"}
{"Time":"2026-09-17T15:21:42.265473391+03:00","Action":"output","Package":"github.com/PRO-Robotech/kacho/internal/repohygiene","Test":"TestSubscriptionShapeAxisLedgerCanFail/поле,_добавленное_ВМЕСТЕ_с_записью,_—_молчание","Output":"=== RUN   TestSubscriptionShapeAxisLedgerCanFail/поле,_добавленное_ВМЕСТЕ_с_записью,_—_молчание\n"}
{"Time":"2026-09-17T15:21:42.265479192+03:00","Action":"output","Package":"github.com/PRO-Robotech/kacho/internal/repohygiene","Test":"TestSubscriptionShapeUnsetOutcomeCanFail/исход_не_назван_—_находка","Output":"--- PASS: TestSubscriptionShapeUnsetOutcomeCanFail/исход_не_назван_—_находка (0.01s)\n"}
{"Time":"2026-09-17T15:21:42.265485224+03:00","Action":"pass","Package":"github.com/PRO-Robotech/kacho/internal/repohygiene","Test":"TestSubscriptionShapeUnsetOutcomeCanFail/исход_не_назван_—_находка","Elapsed":0.01}
{"Time":"2026-09-17T15:21:42.265489351+03:00","Action":"run","Package":"github.com/PRO-Robotech/kacho/internal/repohygiene","Test":"TestSubscriptionShapeCategoryMarkCanFail/признак_переизложен_—_молчание"}
{"Time":"2026-09-17T15:21:42.265492948+03:00","Action":"output","Package":"github.com/PRO-Robotech/kacho/internal/repohygiene","Test":"TestSubscriptionShapeCategoryMarkCanFail/признак_переизложен_—_молчание","Output":"=== RUN   TestSubscriptionShapeCategoryMarkCanFail/признак_переизложен_—_молчание\n"}
{"Time":"2026-09-17T15:21:42.2654992+03:00","Action":"run","Package":"github.com/PRO-Robotech/kacho/internal/repohygiene","Test":"TestSubscriptionShapeUnsetOutcomeCanFail/исход_назван,_но_не_называет_объявленного_значения_—_находка"}
{"Time":"2026-09-17T15:21:42.265505031+03:00","Action":"output","Package":"github.com/PRO-Robotech/kacho/internal/repohygiene","Test":"TestSubscriptionShapeUnsetOutcomeCanFail/исход_назван,_но_не_называет_объявленного_значения_—_находка","Output":"=== RUN   TestSubscriptionShapeUnsetOutcomeCanFail/исход_назван,_но_не_называет_объявленного_значения_—_находка\n"}
{"Time":"2026-09-17T15:21:42.265811958+03:00","Action":"output","Package":"github.com/PRO-Robotech/kacho/internal/repohygiene","Test":"TestSubscriptionShapeAbsentAxisCanFail/причина_отсутствия_НЕ_названа_—_находка","Output":"--- PASS: TestSubscriptionShapeAbsentAxisCanFail/причина_отсутствия_НЕ_названа_—_находка (0.00s)\n"}
{"Time":"2026-09-17T15:21:42.265825072+03:00","Action":"pass","Package":"github.com/PRO-Robotech/kacho/internal/repohygiene","Test":"TestSubscriptionShapeAbsentAxisCanFail/причина_отсутствия_НЕ_названа_—_находка","Elapsed":0}
{"Time":"2026-09-17T15:21:42.265832636+03:00","Action":"run","Package":"github.com/PRO-Robotech/kacho/internal/repohygiene","Test":"TestSubscriptionShapeAbsentAxisCanFail/причина_переизложена_—_молчание"}
{"Time":"2026-09-17T15:21:42.265836293+03:00","Action":"output","Package":"github.com/PRO-Robotech/kacho/internal/repohygiene","Test":"TestSubscriptionShapeAbsentAxisCanFail/причина_переизложена_—_молчание","Output":"=== RUN   TestSubscriptionShapeAbsentAxisCanFail/причина_переизложена_—_молчание\n"}
{"Time":"2026-09-17T15:21:42.265863504+03:00","Action":"output","Package":"github.com/PRO-Robotech/kacho/internal/repohygiene","Test":"TestSubscriptionShapePerimeterCanFail/слова_`service`_и_`rpc`_В_ПРОЗЕ_—_молчание","Output":"--- PASS: TestSubscriptionShapePerimeterCanFail/слова_`service`_и_`rpc`_В_ПРОЗЕ_—_молчание (0.00s)\n"}
{"Time":"2026-09-17T15:21:42.265870207+03:00","Action":"pass","Package":"github.com/PRO-Robotech/kacho/internal/repohygiene","Test":"TestSubscriptionShapePerimeterCanFail/слова_`service`_и_`rpc`_В_ПРОЗЕ_—_молчание","Elapsed":0}
{"Time":"2026-09-17T15:21:42.265938075+03:00","Action":"output","Package":"github.com/PRO-Robotech/kacho/internal/repohygiene","Test":"TestSubscriptionShapeAnchorCanFail/якорь_ВНУТРИ_нагрузки_—_находка","Output":"    subscriptionformshape_injection_test.go:505: перепись: proto/corelib/subscription/subscription.proto — строк 73, типов 6 (верхнего уровня 4), полей 18 (осей 3), значений перечислений 3; утверждений проверено 45; находок 1\n"}
{"Time":"2026-09-17T15:21:42.266037722+03:00","Action":"run","Package":"github.com/PRO-Robotech/kacho/internal/repohygiene","Test":"TestSubscriptionShapePerimeterCanFail/импорт_доменного_контракта_—_находка"}
{"Time":"2026-09-17T15:21:42.266046729+03:00","Action":"output","Package":"github.com/PRO-Robotech/kacho/internal/repohygiene","Test":"TestSubscriptionShapePerimeterCanFail/импорт_доменного_контракта_—_находка","Output":"=== RUN   TestSubscriptionShapePerimeterCanFail/импорт_доменного_контракта_—_находка\n"}
{"Time":"2026-09-17T15:21:42.26606845+03:00","Action":"output","Package":"github.com/PRO-Robotech/kacho/internal/repohygiene","Test":"TestSubscriptionShapeMissingMessageCanFail/все_три_сообщения_на_месте,_порядок_другой_—_молчание","Output":"--- PASS: TestSubscriptionShapeMissingMessageCanFail/все_три_сообщения_на_месте,_порядок_другой_—_молчание (0.00s)\n"}
{"Time":"2026-09-17T15:21:42.266075954+03:00","Action":"pass","Package":"github.com/PRO-Robotech/kacho/internal/repohygiene","Test":"TestSubscriptionShapeMissingMessageCanFail/все_три_сообщения_на_месте,_порядок_другой_—_молчание","Elapsed":0}
{"Time":"2026-09-17T15:21:42.266087185+03:00","Action":"output","Package":"github.com/PRO-Robotech/kacho/internal/repohygiene","Test":"TestSubscriptionShapeCarrierCanFail/ветвей_три_—_находка","Output":"    subscriptionformshape_injection_test.go:438: перепись: proto/corelib/subscription/subscription.proto — строк 70, типов 5 (верхнего уровня 4), полей 18 (осей 3), значений перечислений 3; утверждений проверено 44; находок 1\n"}
{"Time":"2026-09-17T15:21:42.266140475+03:00","Action":"output","Package":"github.com/PRO-Robotech/kacho/internal/repohygiene","Test":"TestSubscriptionShapeMissingMessageCanFail","Output":"--- PASS: TestSubscriptionShapeMissingMessageCanFail (0.01s)\n"}
{"Time":"2026-09-17T15:21:42.266170591+03:00","Action":"pass","Package":"github.com/PRO-Robotech/kacho/internal/repohygiene","Test":"TestSubscriptionShapeMissingMessageCanFail","Elapsed":0.01}
{"Time":"2026-09-17T15:21:42.266176422+03:00","Action":"output","Package":"github.com/PRO-Robotech/kacho/internal/repohygiene","Test":"TestSubscriptionShapeHorizonCanFail/поля_горизонта_на_месте,_порядок_другой_—_молчание","Output":"    subscriptionformshape_injection_test.go:537: перепись: proto/corelib/subscription/subscription.proto — строк 69, типов 5 (верхнего уровня 4), полей 17 (осей 3), значений перечислений 3; утверждений проверено 44; находок 0\n"}
{"Time":"2026-09-17T15:21:42.266215917+03:00","Action":"output","Package":"github.com/PRO-Robotech/kacho/internal/repohygiene","Test":"TestGRPCMountParity_AnAllowForAnUnownedPackageIsOutOfSubject/та_же_запись_СТАНОВИТСЯ_находкой,_как_только_пакетом_начинают_владеть","Output":"--- PASS: TestGRPCMountParity_AnAllowForAnUnownedPackageIsOutOfSubject/та_же_запись_СТАНОВИТСЯ_находкой,_как_только_пакетом_начинают_владеть (0.00s)\n"}
{"Time":"2026-09-17T15:21:42.266223601+03:00","Action":"pass","Package":"github.com/PRO-Robotech/kacho/internal/repohygiene","Test":"TestGRPCMountParity_AnAllowForAnUnownedPackageIsOutOfSubject/та_же_запись_СТАНОВИТСЯ_находкой,_как_только_пакетом_начинают_владеть","Elapsed":0}
{"Time":"2026-09-17T15:21:42.266283073+03:00","Action":"output","Package":"github.com/PRO-Robotech/kacho/internal/repohygiene","Test":"TestSubscriptionShapeAnchorCanFail/якорь_ВНУТРИ_нагрузки_—_находка","Output":"--- PASS: TestSubscriptionShapeAnchorCanFail/якорь_ВНУТРИ_нагрузки_—_находка (0.00s)\n"}
{"Time":"2026-09-17T15:21:42.266295596+03:00","Action":"pass","Package":"github.com/PRO-Robotech/kacho/internal/repohygiene","Test":"TestSubscriptionShapeAnchorCanFail/якорь_ВНУТРИ_нагрузки_—_находка","Elapsed":0}
{"Time":"2026-09-17T15:21:42.266299684+03:00","Action":"output","Package":"github.com/PRO-Robotech/kacho/internal/repohygiene","Test":"TestSubscriptionShapeStopReasonCanFail/то_же_имя_ВНУТРИ_вложенного_сообщения_—_молчание","Output":"--- PASS: TestSubscriptionShapeStopReasonCanFail/то_же_имя_ВНУТРИ_вложенного_сообщения_—_молчание (0.00s)\n"}
{"Time":"2026-09-17T15:21:42.266324551+03:00","Action":"pass","Package":"github.com/PRO-Robotech/kacho/internal/repohygiene","Test":"TestSubscriptionShapeStopReasonCanFail/то_же_имя_ВНУТРИ_вложенного_сообщения_—_молчание","Elapsed":0}
{"Time":"2026-09-17T15:21:42.266331113+03:00","Action":"output","Package":"github.com/PRO-Robotech/kacho/internal/repohygiene","Test":"TestSubscriptionShapeStopReasonCanFail","Output":"--- PASS: TestSubscriptionShapeStopReasonCanFail (0.01s)\n"}
{"Time":"2026-09-17T15:21:42.266336844+03:00","Action":"pass","Package":"github.com/PRO-Robotech/kacho/internal/repohygiene","Test":"TestSubscriptionShapeStopReasonCanFail","Elapsed":0.01}
{"Time":"2026-09-17T15:21:42.266340881+03:00","Action":"output","Package":"github.com/PRO-Robotech/kacho/internal/repohygiene","Test":"TestSubscriptionShapeCarrierCanFail/ветвей_три_—_находка","Output":"--- PASS: TestSubscriptionShapeCarrierCanFail/ветвей_три_—_находка (0.00s)\n"}
{"Time":"2026-09-17T15:21:42.266346462+03:00","Action":"pass","Package":"github.com/PRO-Robotech/kacho/internal/repohygiene","Test":"TestSubscriptionShapeCarrierCanFail/ветвей_три_—_находка","Elapsed":0}
{"Time":"2026-09-17T15:21:42.266352143+03:00","Action":"run","Package":"github.com/PRO-Robotech/kacho/internal/repohygiene","Test":"TestSubscriptionShapeCarrierCanFail/состояние_свободной_структурой_—_находка"}
{"Time":"2026-09-17T15:21:42.26635606+03:00","Action":"output","Package":"github.com/PRO-Robotech/kacho/internal/repohygiene","Test":"TestSubscriptionShapeCarrierCanFail/состояние_свободной_структурой_—_находка","Output":"=== RUN   TestSubscriptionShapeCarrierCanFail/состояние_свободной_структурой_—_находка\n"}
{"Time":"2026-09-17T15:21:42.266362432+03:00","Action":"run","Package":"github.com/PRO-Robotech/kacho/internal/repohygiene","Test":"TestSubscriptionShapeAnchorCanFail/якорь_на_верхнем_уровне,_но_иначе_записан_—_молчание"}
{"Time":"2026-09-17T15:21:42.266366159+03:00","Action":"output","Package":"github.com/PRO-Robotech/kacho/internal/repohygiene","Test":"TestSubscriptionShapeAnchorCanFail/якорь_на_верхнем_уровне,_но_иначе_записан_—_молчание","Output":"=== RUN   TestSubscriptionShapeAnchorCanFail/якорь_на_верхнем_уровне,_но_иначе_записан_—_молчание\n"}
{"Time":"2026-09-17T15:21:42.266447321+03:00","Action":"output","Package":"github.com/PRO-Robotech/kacho/internal/repohygiene","Test":"TestSubscriptionShapeAbsentAxisCanFail/причина_переизложена_—_молчание","Output":"    subscriptionformshape_injection_test.go:374: перепись: proto/corelib/subscription/subscription.proto — строк 70, типов 5 (верхнего уровня 4), полей 17 (осей 3), значений перечислений 3; утверждений проверено 44; находок 0\n"}
{"Time":"2026-09-17T15:21:42.266456348+03:00","Action":"output","Package":"github.com/PRO-Robotech/kacho/internal/repohygiene","Test":"TestSubscriptionShapeCategoryMarkCanFail/признак_переизложен_—_молчание","Output":"    subscriptionformshape_injection_test.go:331: перепись: proto/corelib/subscription/subscription.proto — строк 72, типов 5 (верхнего уровня 4), полей 17 (осей 3), значений перечислений 3; утверждений проверено 44; находок 0\n"}
{"Time":"2026-09-17T15:21:42.266544003+03:00","Action":"output","Package":"github.com/PRO-Robotech/kacho/internal/repohygiene","Test":"TestCatalogReachability_MethodsAreNotBorrowedBetweenDescriptors","Output":"--- PASS: TestCatalogReachability_MethodsAreNotBorrowedBetweenDescriptors (0.01s)\n"}
{"Time":"2026-09-17T15:21:42.266554733+03:00","Action":"pass","Package":"github.com/PRO-Robotech/kacho/internal/repohygiene","Test":"TestCatalogReachability_MethodsAreNotBorrowedBetweenDescriptors","Elapsed":0.01}
{"Time":"2026-09-17T15:21:42.26655857+03:00","Action":"output","Package":"github.com/PRO-Robotech/kacho/internal/repohygiene","Test":"TestSubscriptionShapeHorizonCanFail/поля_горизонта_на_месте,_порядок_другой_—_молчание","Output":"--- PASS: TestSubscriptionShapeHorizonCanFail/поля_горизонта_на_месте,_порядок_другой_—_молчание (0.00s)\n"}
{"Time":"2026-09-17T15:21:42.26659033+03:00","Action":"pass","Package":"github.com/PRO-Robotech/kacho/internal/repohygiene","Test":"TestSubscriptionShapeHorizonCanFail/поля_горизонта_на_месте,_порядок_другой_—_молчание","Elapsed":0}
{"Time":"2026-09-17T15:21:42.266609306+03:00","Action":"output","Package":"github.com/PRO-Robotech/kacho/internal/repohygiene","Test":"TestSubscriptionShapeHorizonCanFail","Output":"--- PASS: TestSubscriptionShapeHorizonCanFail (0.01s)\n"}
{"Time":"2026-09-17T15:21:42.266618363+03:00","Action":"pass","Package":"github.com/PRO-Robotech/kacho/internal/repohygiene","Test":"TestSubscriptionShapeHorizonCanFail","Elapsed":0.01}
{"Time":"2026-09-17T15:21:42.266623262+03:00","Action":"output","Package":"github.com/PRO-Robotech/kacho/internal/repohygiene","Test":"TestSubscriptionShapeUnsetOutcomeCanFail/исход_назван,_но_не_называет_объявленного_значения_—_находка","Output":"    subscriptionformshape_injection_test.go:398: перепись: proto/corelib/subscription/subscription.proto — строк 69, типов 5 (верхнего уровня 4), полей 17 (осей 3), значений перечислений 3; утверждений проверено 44; находок 1\n"}
{"Time":"2026-09-17T15:21:42.266844477+03:00","Action":"output","Package":"github.com/PRO-Robotech/kacho/internal/repohygiene","Test":"TestGRPCMountParity_SeesAnUnmountedServiceAsUnmounted","Output":"--- PASS: TestGRPCMountParity_SeesAnUnmountedServiceAsUnmounted (0.01s)\n"}
{"Time":"2026-09-17T15:21:42.266897517+03:00","Action":"pass","Package":"github.com/PRO-Robotech/kacho/internal/repohygiene","Test":"TestGRPCMountParity_SeesAnUnmountedServiceAsUnmounted","Elapsed":0.01}
{"Time":"2026-09-17T15:21:42.266911022+03:00","Action":"output","Package":"github.com/PRO-Robotech/kacho/internal/repohygiene","Test":"TestSubscriptionShapeAxisLedgerCanFail/поле,_добавленное_ВМЕСТЕ_с_записью,_—_молчание","Output":"    subscriptionformshape_injection_test.go:283: перепись: proto/corelib/subscription/subscription.proto — строк 72, типов 5 (верхнего уровня 4), полей 18 (осей 4), значений перечислений 3; утверждений проверено 48; находок 0\n"}
{"Time":"2026-09-17T15:21:42.266925981+03:00","Action":"output","Package":"github.com/PRO-Robotech/kacho/internal/repohygiene","Test":"TestSubscriptionShapeCategoryMarkCanFail/признак_переизложен_—_молчание","Output":"--- PASS: TestSubscriptionShapeCategoryMarkCanFail/признак_переизложен_—_молчание (0.00s)\n"}
{"Time":"2026-09-17T15:21:42.266931651+03:00","Action":"pass","Package":"github.com/PRO-Robotech/kacho/internal/repohygiene","Test":"TestSubscriptionShapeCategoryMarkCanFail/признак_переизложен_—_молчание","Elapsed":0}
{"Time":"2026-09-17T15:21:42.266938234+03:00","Action":"output","Package":"github.com/PRO-Robotech/kacho/internal/repohygiene","Test":"TestSubscriptionShapeCategoryMarkCanFail","Output":"--- PASS: TestSubscriptionShapeCategoryMarkCanFail (0.01s)\n"}
{"Time":"2026-09-17T15:21:42.266945187+03:00","Action":"pass","Package":"github.com/PRO-Robotech/kacho/internal/repohygiene","Test":"TestSubscriptionShapeCategoryMarkCanFail","Elapsed":0.01}
{"Time":"2026-09-17T15:21:42.266950106+03:00","Action":"output","Package":"github.com/PRO-Robotech/kacho/internal/repohygiene","Test":"TestSubscriptionShapeCarrierCanFail/состояние_свободной_структурой_—_находка","Output":"    subscriptionformshape_injection_test.go:448: перепись: proto/corelib/subscription/subscription.proto — строк 69, типов 5 (верхнего уровня 4), полей 17 (осей 3), значений перечислений 3; утверждений проверено 44; находок 1\n"}
{"Time":"2026-09-17T15:21:42.266982617+03:00","Action":"output","Package":"github.com/PRO-Robotech/kacho/internal/repohygiene","Test":"TestSubscriptionShapeAbsentAxisCanFail/причина_переизложена_—_молчание","Output":"--- PASS: TestSubscriptionShapeAbsentAxisCanFail/причина_переизложена_—_молчание (0.00s)\n"}
{"Time":"2026-09-17T15:21:42.266990321+03:00","Action":"pass","Package":"github.com/PRO-Robotech/kacho/internal/repohygiene","Test":"TestSubscriptionShapeAbsentAxisCanFail/причина_переизложена_—_молчание","Elapsed":0}
{"Time":"2026-09-17T15:21:42.266995231+03:00","Action":"output","Package":"github.com/PRO-Robotech/kacho/internal/repohygiene","Test":"TestSubscriptionShapeAbsentAxisCanFail","Output":"--- PASS: TestSubscriptionShapeAbsentAxisCanFail (0.01s)\n"}
{"Time":"2026-09-17T15:21:42.267001783+03:00","Action":"pass","Package":"github.com/PRO-Robotech/kacho/internal/repohygiene","Test":"TestSubscriptionShapeAbsentAxisCanFail","Elapsed":0.01}
{"Time":"2026-09-17T15:21:42.26700565+03:00","Action":"output","Package":"github.com/PRO-Robotech/kacho/internal/repohygiene","Test":"TestSubscriptionShapeUnsetOutcomeCanFail/исход_назван,_но_не_называет_объявленного_значения_—_находка","Output":"--- PASS: TestSubscriptionShapeUnsetOutcomeCanFail/исход_назван,_но_не_называет_объявленного_значения_—_находка (0.00s)\n"}
{"Time":"2026-09-17T15:21:42.267015368+03:00","Action":"pass","Package":"github.com/PRO-Robotech/kacho/internal/repohygiene","Test":"TestSubscriptionShapeUnsetOutcomeCanFail/исход_назван,_но_не_называет_объявленного_значения_—_находка","Elapsed":0}
{"Time":"2026-09-17T15:21:42.267073768+03:00","Action":"run","Package":"github.com/PRO-Robotech/kacho/internal/repohygiene","Test":"TestSubscriptionShapeUnsetOutcomeCanFail/исход_назван_ДРУГИМ_значением_и_другими_словами_—_молчание"}
{"Time":"2026-09-17T15:21:42.267083376+03:00","Action":"output","Package":"github.com/PRO-Robotech/kacho/internal/repohygiene","Test":"TestSubscriptionShapeUnsetOutcomeCanFail/исход_назван_ДРУГИМ_значением_и_другими_словами_—_молчание","Output":"=== RUN   TestSubscriptionShapeUnsetOutcomeCanFail/исход_назван_ДРУГИМ_значением_и_другими_словами_—_молчание\n"}
{"Time":"2026-09-17T15:21:42.267116098+03:00","Action":"output","Package":"github.com/PRO-Robotech/kacho/internal/repohygiene","Test":"TestGRPCMountParity_AnAllowForAnUnownedPackageIsOutOfSubject","Output":"--- PASS: TestGRPCMountParity_AnAllowForAnUnownedPackageIsOutOfSubject (0.01s)\n"}
{"Time":"2026-09-17T15:21:42.267125415+03:00","Action":"pass","Package":"github.com/PRO-Robotech/kacho/internal/repohygiene","Test":"TestGRPCMountParity_AnAllowForAnUnownedPackageIsOutOfSubject","Elapsed":0.01}
{"Time":"2026-09-17T15:21:42.267130314+03:00","Action":"output","Package":"github.com/PRO-Robotech/kacho/internal/repohygiene","Test":"TestSubscriptionShapeAnchorCanFail/якорь_на_верхнем_уровне,_но_иначе_записан_—_молчание","Output":"    subscriptionformshape_injection_test.go:516: перепись: proto/corelib/subscription/subscription.proto — строк 69, типов 5 (верхнего уровня 4), полей 17 (осей 3), значений перечислений 3; утверждений проверено 44; находок 0\n"}
{"Time":"2026-09-17T15:21:42.267137939+03:00","Action":"output","Package":"github.com/PRO-Robotech/kacho/internal/repohygiene","Test":"TestSubscriptionShapeAxisLedgerCanFail/поле,_добавленное_ВМЕСТЕ_с_записью,_—_молчание","Output":"--- PASS: TestSubscriptionShapeAxisLedgerCanFail/поле,_добавленное_ВМЕСТЕ_с_записью,_—_молчание (0.00s)\n"}
{"Time":"2026-09-17T15:21:42.26714384+03:00","Action":"pass","Package":"github.com/PRO-Robotech/kacho/internal/repohygiene","Test":"TestSubscriptionShapeAxisLedgerCanFail/поле,_добавленное_ВМЕСТЕ_с_записью,_—_молчание","Elapsed":0}
{"Time":"2026-09-17T15:21:42.267150763+03:00","Action":"run","Package":"github.com/PRO-Robotech/kacho/internal/repohygiene","Test":"TestSubscriptionShapeAxisLedgerCanFail/запись,_которой_нечего_исключать,_—_находка"}
{"Time":"2026-09-17T15:21:42.26715465+03:00","Action":"output","Package":"github.com/PRO-Robotech/kacho/internal/repohygiene","Test":"TestSubscriptionShapeAxisLedgerCanFail/запись,_которой_нечего_исключать,_—_находка","Output":"=== RUN   TestSubscriptionShapeAxisLedgerCanFail/запись,_которой_нечего_исключать,_—_находка\n"}
{"Time":"2026-09-17T15:21:42.267185558+03:00","Action":"output","Package":"github.com/PRO-Robotech/kacho/internal/repohygiene","Test":"TestSubscriptionShapePerimeterCanFail/импорт_доменного_контракта_—_находка","Output":"    subscriptionformshape_injection_test.go:591: перепись: proto/corelib/subscription/subscription.proto — строк 70, типов 5 (верхнего уровня 4), полей 17 (осей 3), значений перечислений 3; утверждений проверено 45; находок 1\n"}
{"Time":"2026-09-17T15:21:42.267194194+03:00","Action":"output","Package":"github.com/PRO-Robotech/kacho/internal/repohygiene","Test":"TestGRPCMountParity_ReadsTheImportAliasAndNotThePathTail","Output":"--- PASS: TestGRPCMountParity_ReadsTheImportAliasAndNotThePathTail (0.01s)\n"}
{"Time":"2026-09-17T15:21:42.267205646+03:00","Action":"pass","Package":"github.com/PRO-Robotech/kacho/internal/repohygiene","Test":"TestGRPCMountParity_ReadsTheImportAliasAndNotThePathTail","Elapsed":0.01}
{"Time":"2026-09-17T15:21:42.267209894+03:00","Action":"output","Package":"github.com/PRO-Robotech/kacho/internal/repohygiene","Test":"TestSubscriptionShapeCarrierCanFail/состояние_свободной_структурой_—_находка","Output":"--- PASS: TestSubscriptionShapeCarrierCanFail/состояние_свободной_структурой_—_находка (0.00s)\n"}
{"Time":"2026-09-17T15:21:42.267216356+03:00","Action":"pass","Package":"github.com/PRO-Robotech/kacho/internal/repohygiene","Test":"TestSubscriptionShapeCarrierCanFail/состояние_свободной_структурой_—_находка","Elapsed":0}
{"Time":"2026-09-17T15:21:42.267221726+03:00","Action":"run","Package":"github.com/PRO-Robotech/kacho/internal/repohygiene","Test":"TestSubscriptionShapeCarrierCanFail/ветви_состояния_нет_вовсе_—_находка"}
{"Time":"2026-09-17T15:21:42.267227126+03:00","Action":"output","Package":"github.com/PRO-Robotech/kacho/internal/repohygiene","Test":"TestSubscriptionShapeCarrierCanFail/ветви_состояния_нет_вовсе_—_находка","Output":"=== RUN   TestSubscriptionShapeCarrierCanFail/ветви_состояния_нет_вовсе_—_находка\n"}
{"Time":"2026-09-17T15:21:42.267646564+03:00","Action":"output","Package":"github.com/PRO-Robotech/kacho/internal/repohygiene","Test":"TestGRPCMountParity_DoesNotReadThroughASymlinkOutOfTheAPIRoot","Output":"--- PASS: TestGRPCMountParity_DoesNotReadThroughASymlinkOutOfTheAPIRoot (0.01s)\n"}
{"Time":"2026-09-17T15:21:42.267829899+03:00","Action":"pass","Package":"github.com/PRO-Robotech/kacho/internal/repohygiene","Test":"TestGRPCMountParity_DoesNotReadThroughASymlinkOutOfTheAPIRoot","Elapsed":0.01}
{"Time":"2026-09-17T15:21:42.267839908+03:00","Action":"output","Package":"github.com/PRO-Robotech/kacho/internal/repohygiene","Test":"TestSubscriptionShapePerimeterCanFail/импорт_доменного_контракта_—_находка","Output":"--- PASS: TestSubscriptionShapePerimeterCanFail/импорт_доменного_контракта_—_находка (0.00s)\n"}
{"Time":"2026-09-17T15:21:42.267848865+03:00","Action":"pass","Package":"github.com/PRO-Robotech/kacho/internal/repohygiene","Test":"TestSubscriptionShapePerimeterCanFail/импорт_доменного_контракта_—_находка","Elapsed":0}
{"Time":"2026-09-17T15:21:42.267857962+03:00","Action":"output","Package":"github.com/PRO-Robotech/kacho/internal/repohygiene","Test":"TestSubscriptionShapeAnchorCanFail/якорь_на_верхнем_уровне,_но_иначе_записан_—_молчание","Output":"--- PASS: TestSubscriptionShapeAnchorCanFail/якорь_на_верхнем_уровне,_но_иначе_записан_—_молчание (0.00s)\n"}
{"Time":"2026-09-17T15:21:42.267861418+03:00","Action":"pass","Package":"github.com/PRO-Robotech/kacho/internal/repohygiene","Test":"TestSubscriptionShapeAnchorCanFail/якорь_на_верхнем_уровне,_но_иначе_записан_—_молчание","Elapsed":0}
{"Time":"2026-09-17T15:21:42.267864534+03:00","Action":"output","Package":"github.com/PRO-Robotech/kacho/internal/repohygiene","Test":"TestSubscriptionShapeAnchorCanFail","Output":"--- PASS: TestSubscriptionShapeAnchorCanFail (0.01s)\n"}
{"Time":"2026-09-17T15:21:42.267867409+03:00","Action":"pass","Package":"github.com/PRO-Robotech/kacho/internal/repohygiene","Test":"TestSubscriptionShapeAnchorCanFail","Elapsed":0.01}
{"Time":"2026-09-17T15:21:42.267869974+03:00","Action":"run","Package":"github.com/PRO-Robotech/kacho/internal/repohygiene","Test":"TestSubscriptionShapePerimeterCanFail/импорт_стандартного_контракта_—_молчание"}
{"Time":"2026-09-17T15:21:42.267872379+03:00","Action":"output","Package":"github.com/PRO-Robotech/kacho/internal/repohygiene","Test":"TestSubscriptionShapePerimeterCanFail/импорт_стандартного_контракта_—_молчание","Output":"=== RUN   TestSubscriptionShapePerimeterCanFail/импорт_стандартного_контракта_—_молчание\n"}
{"Time":"2026-09-17T15:21:42.267877268+03:00","Action":"output","Package":"github.com/PRO-Robotech/kacho/internal/repohygiene","Test":"TestSubscriptionShapeUnsetOutcomeCanFail/исход_назван_ДРУГИМ_значением_и_другими_словами_—_молчание","Output":"    subscriptionformshape_injection_test.go:408: перепись: proto/corelib/subscription/subscription.proto — строк 70, типов 5 (верхнего уровня 4), полей 17 (осей 3), значений перечислений 3; утверждений проверено 44; находок 0\n"}
{"Time":"2026-09-17T15:21:42.267901493+03:00","Action":"output","Package":"github.com/PRO-Robotech/kacho/internal/repohygiene","Test":"TestSubscriptionShapeCarrierCanFail/ветви_состояния_нет_вовсе_—_находка","Output":"    subscriptionformshape_injection_test.go:460: перепись: proto/corelib/subscription/subscription.proto — строк 69, типов 5 (верхнего уровня 4), полей 17 (осей 3), значений перечислений 3; утверждений проверено 43; находок 1\n"}
{"Time":"2026-09-17T15:21:42.267996472+03:00","Action":"output","Package":"github.com/PRO-Robotech/kacho/internal/repohygiene","Test":"TestSubscriptionShapeAxisLedgerCanFail/запись,_которой_нечего_исключать,_—_находка","Output":"    subscriptionformshape_injection_test.go:290: перепись: proto/corelib/subscription/subscription.proto — строк 69, типов 5 (верхнего уровня 4), полей 17 (осей 3), значений перечислений 3; утверждений проверено 46; находок 1\n"}
{"Time":"2026-09-17T15:21:42.26808047+03:00","Action":"output","Package":"github.com/PRO-Robotech/kacho/internal/repohygiene","Test":"TestGRPCMountParity_AStaleAllowIsItselfAFinding","Output":"--- PASS: TestGRPCMountParity_AStaleAllowIsItselfAFinding (0.01s)\n"}
{"Time":"2026-09-17T15:21:42.268089386+03:00","Action":"pass","Package":"github.com/PRO-Robotech/kacho/internal/repohygiene","Test":"TestGRPCMountParity_AStaleAllowIsItselfAFinding","Elapsed":0.01}
{"Time":"2026-09-17T15:21:42.268093043+03:00","Action":"output","Package":"github.com/PRO-Robotech/kacho/internal/repohygiene","Test":"TestSubscriptionShapeCarrierCanFail/ветви_состояния_нет_вовсе_—_находка","Output":"--- PASS: TestSubscriptionShapeCarrierCanFail/ветви_состояния_нет_вовсе_—_находка (0.00s)\n"}
{"Time":"2026-09-17T15:21:42.268097902+03:00","Action":"pass","Package":"github.com/PRO-Robotech/kacho/internal/repohygiene","Test":"TestSubscriptionShapeCarrierCanFail/ветви_состояния_нет_вовсе_—_находка","Elapsed":0}
{"Time":"2026-09-17T15:21:42.268106569+03:00","Action":"run","Package":"github.com/PRO-Robotech/kacho/internal/repohygiene","Test":"TestSubscriptionShapeCarrierCanFail/состояние_ИМЕНОВАННЫМ_сообщением_—_молчание"}
{"Time":"2026-09-17T15:21:42.268110446+03:00","Action":"output","Package":"github.com/PRO-Robotech/kacho/internal/repohygiene","Test":"TestSubscriptionShapeCarrierCanFail/состояние_ИМЕНОВАННЫМ_сообщением_—_молчание","Output":"=== RUN   TestSubscriptionShapeCarrierCanFail/состояние_ИМЕНОВАННЫМ_сообщением_—_молчание\n"}
{"Time":"2026-09-17T15:21:42.268131466+03:00","Action":"output","Package":"github.com/PRO-Robotech/kacho/internal/repohygiene","Test":"TestSubscriptionShapeUnsetOutcomeCanFail/исход_назван_ДРУГИМ_значением_и_другими_словами_—_молчание","Output":"--- PASS: TestSubscriptionShapeUnsetOutcomeCanFail/исход_назван_ДРУГИМ_значением_и_другими_словами_—_молчание (0.00s)\n"}
{"Time":"2026-09-17T15:21:42.268136325+03:00","Action":"pass","Package":"github.com/PRO-Robotech/kacho/internal/repohygiene","Test":"TestSubscriptionShapeUnsetOutcomeCanFail/исход_назван_ДРУГИМ_значением_и_другими_словами_—_молчание","Elapsed":0}
{"Time":"2026-09-17T15:21:42.268142627+03:00","Action":"run","Package":"github.com/PRO-Robotech/kacho/internal/repohygiene","Test":"TestSubscriptionShapeUnsetOutcomeCanFail/начало_не_ветвление_—_находка"}
{"Time":"2026-09-17T15:21:42.268145302+03:00","Action":"output","Package":"github.com/PRO-Robotech/kacho/internal/repohygiene","Test":"TestSubscriptionShapeUnsetOutcomeCanFail/начало_не_ветвление_—_находка","Output":"=== RUN   TestSubscriptionShapeUnsetOutcomeCanFail/начало_не_ветвление_—_находка\n"}
{"Time":"2026-09-17T15:21:42.268150862+03:00","Action":"output","Package":"github.com/PRO-Robotech/kacho/internal/repohygiene","Test":"TestSubscriptionShapePerimeterCanFail/импорт_стандартного_контракта_—_молчание","Output":"    subscriptionformshape_injection_test.go:599: перепись: proto/corelib/subscription/subscription.proto — строк 70, типов 5 (верхнего уровня 4), полей 17 (осей 3), значений перечислений 3; утверждений проверено 45; находок 0\n"}
{"Time":"2026-09-17T15:21:42.268230171+03:00","Action":"output","Package":"github.com/PRO-Robotech/kacho/internal/repohygiene","Test":"TestSubscriptionShapeAxisLedgerCanFail/запись,_которой_нечего_исключать,_—_находка","Output":"--- PASS: TestSubscriptionShapeAxisLedgerCanFail/запись,_которой_нечего_исключать,_—_находка (0.00s)\n"}
{"Time":"2026-09-17T15:21:42.268235261+03:00","Action":"pass","Package":"github.com/PRO-Robotech/kacho/internal/repohygiene","Test":"TestSubscriptionShapeAxisLedgerCanFail/запись,_которой_нечего_исключать,_—_находка","Elapsed":0}
{"Time":"2026-09-17T15:21:42.268247644+03:00","Action":"run","Package":"github.com/PRO-Robotech/kacho/internal/repohygiene","Test":"TestSubscriptionShapeAxisLedgerCanFail/запись_без_причины_—_находка"}
{"Time":"2026-09-17T15:21:42.268250349+03:00","Action":"output","Package":"github.com/PRO-Robotech/kacho/internal/repohygiene","Test":"TestSubscriptionShapeAxisLedgerCanFail/запись_без_причины_—_находка","Output":"=== RUN   TestSubscriptionShapeAxisLedgerCanFail/запись_без_причины_—_находка\n"}
{"Time":"2026-09-17T15:21:42.268390522+03:00","Action":"output","Package":"github.com/PRO-Robotech/kacho/internal/repohygiene","Test":"TestSubscriptionShapePerimeterCanFail/импорт_стандартного_контракта_—_молчание","Output":"--- PASS: TestSubscriptionShapePerimeterCanFail/импорт_стандартного_контракта_—_молчание (0.00s)\n"}
{"Time":"2026-09-17T15:21:42.268406212+03:00","Action":"pass","Package":"github.com/PRO-Robotech/kacho/internal/repohygiene","Test":"TestSubscriptionShapePerimeterCanFail/импорт_стандартного_контракта_—_молчание","Elapsed":0}
{"Time":"2026-09-17T15:21:42.268412463+03:00","Action":"output","Package":"github.com/PRO-Robotech/kacho/internal/repohygiene","Test":"TestSubscriptionShapePerimeterCanFail","Output":"--- PASS: TestSubscriptionShapePerimeterCanFail (0.01s)\n"}
{"Time":"2026-09-17T15:21:42.268417393+03:00","Action":"pass","Package":"github.com/PRO-Robotech/kacho/internal/repohygiene","Test":"TestSubscriptionShapePerimeterCanFail","Elapsed":0.01}
{"Time":"2026-09-17T15:21:42.268420308+03:00","Action":"output","Package":"github.com/PRO-Robotech/kacho/internal/repohygiene","Test":"TestSubscriptionShapeCarrierCanFail/состояние_ИМЕНОВАННЫМ_сообщением_—_молчание","Output":"    subscriptionformshape_injection_test.go:474: перепись: proto/corelib/subscription/subscription.proto — строк 73, типов 6 (верхнего уровня 4), полей 18 (осей 3), значений перечислений 3; утверждений проверено 44; находок 0\n"}
{"Time":"2026-09-17T15:21:42.268470533+03:00","Action":"output","Package":"github.com/PRO-Robotech/kacho/internal/repohygiene","Test":"TestCatalogReachability_AllowExcusesAndThenExpires","Output":"--- PASS: TestCatalogReachability_AllowExcusesAndThenExpires (0.01s)\n"}
{"Time":"2026-09-17T15:21:42.268545614+03:00","Action":"pass","Package":"github.com/PRO-Robotech/kacho/internal/repohygiene","Test":"TestCatalogReachability_AllowExcusesAndThenExpires","Elapsed":0.01}
{"Time":"2026-09-17T15:21:42.268551344+03:00","Action":"output","Package":"github.com/PRO-Robotech/kacho/internal/repohygiene","Test":"TestSubscriptionShapeUnsetOutcomeCanFail/начало_не_ветвление_—_находка","Output":"    subscriptionformshape_injection_test.go:416: перепись: proto/corelib/subscription/subscription.proto — строк 62, типов 5 (верхнего уровня 4), полей 16 (осей 3), значений перечислений 3; утверждений проверено 40; находок 1\n"}
{"Time":"2026-09-17T15:21:42.268569669+03:00","Action":"output","Package":"github.com/PRO-Robotech/kacho/internal/repohygiene","Test":"TestSubscriptionShapeCarrierCanFail/состояние_ИМЕНОВАННЫМ_сообщением_—_молчание","Output":"--- PASS: TestSubscriptionShapeCarrierCanFail/состояние_ИМЕНОВАННЫМ_сообщением_—_молчание (0.00s)\n"}
{"Time":"2026-09-17T15:21:42.268574488+03:00","Action":"pass","Package":"github.com/PRO-Robotech/kacho/internal/repohygiene","Test":"TestSubscriptionShapeCarrierCanFail/состояние_ИМЕНОВАННЫМ_сообщением_—_молчание","Elapsed":0}
{"Time":"2026-09-17T15:21:42.268578485+03:00","Action":"output","Package":"github.com/PRO-Robotech/kacho/internal/repohygiene","Test":"TestSubscriptionShapeCarrierCanFail","Output":"--- PASS: TestSubscriptionShapeCarrierCanFail (0.01s)\n"}
{"Time":"2026-09-17T15:21:42.268656893+03:00","Action":"pass","Package":"github.com/PRO-Robotech/kacho/internal/repohygiene","Test":"TestSubscriptionShapeCarrierCanFail","Elapsed":0.01}
{"Time":"2026-09-17T15:21:42.268664427+03:00","Action":"output","Package":"github.com/PRO-Robotech/kacho/internal/repohygiene","Test":"TestSubscriptionShapeAxisLedgerCanFail/запись_без_причины_—_находка","Output":"    subscriptionformshape_injection_test.go:300: перепись: proto/corelib/subscription/subscription.proto — строк 69, типов 5 (верхнего уровня 4), полей 17 (осей 3), значений перечислений 3; утверждений проверено 44; находок 1\n"}
{"Time":"2026-09-17T15:21:42.268727936+03:00","Action":"output","Package":"github.com/PRO-Robotech/kacho/internal/repohygiene","Test":"TestSubscriptionShapeUnsetOutcomeCanFail/начало_не_ветвление_—_находка","Output":"--- PASS: TestSubscriptionShapeUnsetOutcomeCanFail/начало_не_ветвление_—_находка (0.00s)\n"}
{"Time":"2026-09-17T15:21:42.268733306+03:00","Action":"pass","Package":"github.com/PRO-Robotech/kacho/internal/repohygiene","Test":"TestSubscriptionShapeUnsetOutcomeCanFail/начало_не_ветвление_—_находка","Elapsed":0}
{"Time":"2026-09-17T15:21:42.268737394+03:00","Action":"output","Package":"github.com/PRO-Robotech/kacho/internal/repohygiene","Test":"TestSubscriptionShapeUnsetOutcomeCanFail","Output":"--- PASS: TestSubscriptionShapeUnsetOutcomeCanFail (0.01s)\n"}
{"Time":"2026-09-17T15:21:42.268849955+03:00","Action":"pass","Package":"github.com/PRO-Robotech/kacho/internal/repohygiene","Test":"TestSubscriptionShapeUnsetOutcomeCanFail","Elapsed":0.01}
{"Time":"2026-09-17T15:21:42.268855335+03:00","Action":"output","Package":"github.com/PRO-Robotech/kacho/internal/repohygiene","Test":"TestSubscriptionShapeAxisLedgerCanFail/запись_без_причины_—_находка","Output":"--- PASS: TestSubscriptionShapeAxisLedgerCanFail/запись_без_причины_—_находка (0.00s)\n"}
{"Time":"2026-09-17T15:21:42.268858722+03:00","Action":"pass","Package":"github.com/PRO-Robotech/kacho/internal/repohygiene","Test":"TestSubscriptionShapeAxisLedgerCanFail/запись_без_причины_—_находка","Elapsed":0}
{"Time":"2026-09-17T15:21:42.26886311+03:00","Action":"output","Package":"github.com/PRO-Robotech/kacho/internal/repohygiene","Test":"TestSubscriptionShapeAxisLedgerCanFail","Output":"--- PASS: TestSubscriptionShapeAxisLedgerCanFail (0.01s)\n"}
{"Time":"2026-09-17T15:21:42.307597554+03:00","Action":"pass","Package":"github.com/PRO-Robotech/kacho/internal/repohygiene","Test":"TestSubscriptionShapeAxisLedgerCanFail","Elapsed":0.01}
{"Time":"2026-09-17T15:21:42.307618323+03:00","Action":"output","Package":"github.com/PRO-Robotech/kacho/internal/repohygiene","Test":"TestGRPCMountParity_EveryDeclaredServiceIsMounted","Output":"    grpcmountparity_test.go:133: перепись: стабов 66 файлов, proto-пакетов 9, сервисов объявлено 68; композиционных корней 22 (файлов 82), из них монтирующих 7; владеющих пакетов 18, смонтировано сервисов 56; исключений вне предмета (пакетом никто не владеет) 22; находок 0\n"}
{"Time":"2026-09-17T15:21:42.307628442+03:00","Action":"output","Package":"github.com/PRO-Robotech/kacho/internal/repohygiene","Test":"TestGRPCMountParity_EveryDeclaredServiceIsMounted","Output":"--- PASS: TestGRPCMountParity_EveryDeclaredServiceIsMounted (0.05s)\n"}
{"Time":"2026-09-17T15:21:42.335428574+03:00","Action":"pass","Package":"github.com/PRO-Robotech/kacho/internal/repohygiene","Test":"TestGRPCMountParity_EveryDeclaredServiceIsMounted","Elapsed":0.05}
{"Time":"2026-09-17T15:21:42.335450475+03:00","Action":"output","Package":"github.com/PRO-Robotech/kacho/internal/repohygiene","Test":"TestCatalogReachability_EveryRowResolvesToAServedMethod","Output":"    catalogreachability_test.go:231: перепись: строк каталога 341 (резолвится 233, исключено 108); стабов 66 файлов, сервисов 68, методов контракта 341; композиционных корней 22 (файлов 82), из них монтирующих 7, смонтировано сервисов 46; находок 0\n"}
{"Time":"2026-09-17T15:21:42.335459812+03:00","Action":"output","Package":"github.com/PRO-Robotech/kacho/internal/repohygiene","Test":"TestCatalogReachability_EveryRowResolvesToAServedMethod","Output":"--- PASS: TestCatalogReachability_EveryRowResolvesToAServedMethod (0.08s)\n"}
{"Time":"2026-09-17T15:21:42.335829577+03:00","Action":"pass","Package":"github.com/PRO-Robotech/kacho/internal/repohygiene","Test":"TestCatalogReachability_EveryRowResolvesToAServedMethod","Elapsed":0.08}
{"Time":"2026-09-17T15:21:42.33585256+03:00","Action":"output","Package":"github.com/PRO-Robotech/kacho/internal/repohygiene","Test":"TestCatalogReachability_InertRowsAreExactlyTheAllowedServices","Output":"    catalogreachability_test.go:328: перепись: строк каталога 341, методов контракта 341, модулей-владельцев 7; находок рода unmounted 108\n"}
{"Time":"2026-09-17T15:21:42.335862559+03:00","Action":"output","Package":"github.com/PRO-Robotech/kacho/internal/repohygiene","Test":"TestCatalogReachability_InertRowsAreExactlyTheAllowedServices","Output":"--- PASS: TestCatalogReachability_InertRowsAreExactlyTheAllowedServices (0.08s)\n"}
{"Time":"2026-09-17T15:21:42.335868149+03:00","Action":"pass","Package":"github.com/PRO-Robotech/kacho/internal/repohygiene","Test":"TestCatalogReachability_InertRowsAreExactlyTheAllowedServices","Elapsed":0.08}
{"Time":"2026-09-17T15:21:42.335871616+03:00","Action":"output","Package":"github.com/PRO-Robotech/kacho/internal/repohygiene","Output":"PASS\n"}
{"Time":"2026-09-17T15:21:42.338420355+03:00","Action":"output","Package":"github.com/PRO-Robotech/kacho/internal/repohygiene","Output":"ok  \tgithub.com/PRO-Robotech/kacho/internal/repohygiene\t0.099s\n"}
{"Time":"2026-09-17T15:21:42.338434131+03:00","Action":"pass","Package":"github.com/PRO-Robotech/kacho/internal/repohygiene","Elapsed":0.099}
