{"Time":"2026-09-17T15:24:21.668651053+03:00","Action":"start","Package":"github.com/PRO-Robotech/kacho/internal/repohygiene"}
{"Time":"2026-09-17T15:24:21.68586774+03:00","Action":"run","Package":"github.com/PRO-Robotech/kacho/internal/repohygiene","Test":"TestCatalogReachability_EveryRowResolvesToAServedMethod"}
{"Time":"2026-09-17T15:24:21.685893007+03:00","Action":"output","Package":"github.com/PRO-Robotech/kacho/internal/repohygiene","Test":"TestCatalogReachability_EveryRowResolvesToAServedMethod","Output":"=== RUN   TestCatalogReachability_EveryRowResolvesToAServedMethod\n"}
{"Time":"2026-09-17T15:24:21.685920709+03:00","Action":"output","Package":"github.com/PRO-Robotech/kacho/internal/repohygiene","Test":"TestCatalogReachability_EveryRowResolvesToAServedMethod","Output":"=== PAUSE TestCatalogReachability_EveryRowResolvesToAServedMethod\n"}
{"Time":"2026-09-17T15:24:21.685923324+03:00","Action":"pause","Package":"github.com/PRO-Robotech/kacho/internal/repohygiene","Test":"TestCatalogReachability_EveryRowResolvesToAServedMethod"}
{"Time":"2026-09-17T15:24:21.68592633+03:00","Action":"run","Package":"github.com/PRO-Robotech/kacho/internal/repohygiene","Test":"TestCatalogReachability_InertRowsAreExactlyTheAllowedServices"}
{"Time":"2026-09-17T15:24:21.685929586+03:00","Action":"output","Package":"github.com/PRO-Robotech/kacho/internal/repohygiene","Test":"TestCatalogReachability_InertRowsAreExactlyTheAllowedServices","Output":"=== RUN   TestCatalogReachability_InertRowsAreExactlyTheAllowedServices\n"}
{"Time":"2026-09-17T15:24:21.685932381+03:00","Action":"output","Package":"github.com/PRO-Robotech/kacho/internal/repohygiene","Test":"TestCatalogReachability_InertRowsAreExactlyTheAllowedServices","Output":"=== PAUSE TestCatalogReachability_InertRowsAreExactlyTheAllowedServices\n"}
{"Time":"2026-09-17T15:24:21.685934445+03:00","Action":"pause","Package":"github.com/PRO-Robotech/kacho/internal/repohygiene","Test":"TestCatalogReachability_InertRowsAreExactlyTheAllowedServices"}
{"Time":"2026-09-17T15:24:21.68593692+03:00","Action":"run","Package":"github.com/PRO-Robotech/kacho/internal/repohygiene","Test":"TestCatalogReachability_SilentOnAServedMethod"}
{"Time":"2026-09-17T15:24:21.685941068+03:00","Action":"output","Package":"github.com/PRO-Robotech/kacho/internal/repohygiene","Test":"TestCatalogReachability_SilentOnAServedMethod","Output":"=== RUN   TestCatalogReachability_SilentOnAServedMethod\n"}
{"Time":"2026-09-17T15:24:21.685943562+03:00","Action":"output","Package":"github.com/PRO-Robotech/kacho/internal/repohygiene","Test":"TestCatalogReachability_SilentOnAServedMethod","Output":"=== PAUSE TestCatalogReachability_SilentOnAServedMethod\n"}
{"Time":"2026-09-17T15:24:21.685945586+03:00","Action":"pause","Package":"github.com/PRO-Robotech/kacho/internal/repohygiene","Test":"TestCatalogReachability_SilentOnAServedMethod"}
{"Time":"2026-09-17T15:24:21.685949814+03:00","Action":"run","Package":"github.com/PRO-Robotech/kacho/internal/repohygiene","Test":"TestCatalogReachability_RedOnAnUnmountedService"}
{"Time":"2026-09-17T15:24:21.685952339+03:00","Action":"output","Package":"github.com/PRO-Robotech/kacho/internal/repohygiene","Test":"TestCatalogReachability_RedOnAnUnmountedService","Output":"=== RUN   TestCatalogReachability_RedOnAnUnmountedService\n"}
{"Time":"2026-09-17T15:24:21.685955124+03:00","Action":"output","Package":"github.com/PRO-Robotech/kacho/internal/repohygiene","Test":"TestCatalogReachability_RedOnAnUnmountedService","Output":"=== PAUSE TestCatalogReachability_RedOnAnUnmountedService\n"}
{"Time":"2026-09-17T15:24:21.685957168+03:00","Action":"pause","Package":"github.com/PRO-Robotech/kacho/internal/repohygiene","Test":"TestCatalogReachability_RedOnAnUnmountedService"}
{"Time":"2026-09-17T15:24:21.685959462+03:00","Action":"run","Package":"github.com/PRO-Robotech/kacho/internal/repohygiene","Test":"TestCatalogReachability_RedOnAMethodTheContractDoesNotHave"}
{"Time":"2026-09-17T15:24:21.685962758+03:00","Action":"output","Package":"github.com/PRO-Robotech/kacho/internal/repohygiene","Test":"TestCatalogReachability_RedOnAMethodTheContractDoesNotHave","Output":"=== RUN   TestCatalogReachability_RedOnAMethodTheContractDoesNotHave\n"}
{"Time":"2026-09-17T15:24:21.685965303+03:00","Action":"output","Package":"github.com/PRO-Robotech/kacho/internal/repohygiene","Test":"TestCatalogReachability_RedOnAMethodTheContractDoesNotHave","Output":"=== PAUSE TestCatalogReachability_RedOnAMethodTheContractDoesNotHave\n"}
{"Time":"2026-09-17T15:24:21.685967437+03:00","Action":"pause","Package":"github.com/PRO-Robotech/kacho/internal/repohygiene","Test":"TestCatalogReachability_RedOnAMethodTheContractDoesNotHave"}
{"Time":"2026-09-17T15:24:21.685972146+03:00","Action":"run","Package":"github.com/PRO-Robotech/kacho/internal/repohygiene","Test":"TestCatalogReachability_RedOnAServiceTheContractDoesNotHave"}
{"Time":"2026-09-17T15:24:21.685974541+03:00","Action":"output","Package":"github.com/PRO-Robotech/kacho/internal/repohygiene","Test":"TestCatalogReachability_RedOnAServiceTheContractDoesNotHave","Output":"=== RUN   TestCatalogReachability_RedOnAServiceTheContractDoesNotHave\n"}
{"Time":"2026-09-17T15:24:21.685977105+03:00","Action":"output","Package":"github.com/PRO-Robotech/kacho/internal/repohygiene","Test":"TestCatalogReachability_RedOnAServiceTheContractDoesNotHave","Output":"=== PAUSE TestCatalogReachability_RedOnAServiceTheContractDoesNotHave\n"}
{"Time":"2026-09-17T15:24:21.685979149+03:00","Action":"pause","Package":"github.com/PRO-Robotech/kacho/internal/repohygiene","Test":"TestCatalogReachability_RedOnAServiceTheContractDoesNotHave"}
{"Time":"2026-09-17T15:24:21.685983357+03:00","Action":"run","Package":"github.com/PRO-Robotech/kacho/internal/repohygiene","Test":"TestCatalogReachability_MethodsAreNotBorrowedBetweenDescriptors"}
{"Time":"2026-09-17T15:24:21.685985401+03:00","Action":"output","Package":"github.com/PRO-Robotech/kacho/internal/repohygiene","Test":"TestCatalogReachability_MethodsAreNotBorrowedBetweenDescriptors","Output":"=== RUN   TestCatalogReachability_MethodsAreNotBorrowedBetweenDescriptors\n"}
{"Time":"2026-09-17T15:24:21.685989909+03:00","Action":"output","Package":"github.com/PRO-Robotech/kacho/internal/repohygiene","Test":"TestCatalogReachability_MethodsAreNotBorrowedBetweenDescriptors","Output":"=== PAUSE TestCatalogReachability_MethodsAreNotBorrowedBetweenDescriptors\n"}
{"Time":"2026-09-17T15:24:21.685992454+03:00","Action":"pause","Package":"github.com/PRO-Robotech/kacho/internal/repohygiene","Test":"TestCatalogReachability_MethodsAreNotBorrowedBetweenDescriptors"}
{"Time":"2026-09-17T15:24:21.685994698+03:00","Action":"run","Package":"github.com/PRO-Robotech/kacho/internal/repohygiene","Test":"TestCatalogReachability_AllowExcusesAndThenExpires"}
{"Time":"2026-09-17T15:24:21.685996712+03:00","Action":"output","Package":"github.com/PRO-Robotech/kacho/internal/repohygiene","Test":"TestCatalogReachability_AllowExcusesAndThenExpires","Output":"=== RUN   TestCatalogReachability_AllowExcusesAndThenExpires\n"}
{"Time":"2026-09-17T15:24:21.686000048+03:00","Action":"output","Package":"github.com/PRO-Robotech/kacho/internal/repohygiene","Test":"TestCatalogReachability_AllowExcusesAndThenExpires","Output":"=== PAUSE TestCatalogReachability_AllowExcusesAndThenExpires\n"}
{"Time":"2026-09-17T15:24:21.686002122+03:00","Action":"pause","Package":"github.com/PRO-Robotech/kacho/internal/repohygiene","Test":"TestCatalogReachability_AllowExcusesAndThenExpires"}
{"Time":"2026-09-17T15:24:21.686005559+03:00","Action":"run","Package":"github.com/PRO-Robotech/kacho/internal/repohygiene","Test":"TestCatalogReachability_EmptyCatalogIsAnError"}
{"Time":"2026-09-17T15:24:21.686007633+03:00","Action":"output","Package":"github.com/PRO-Robotech/kacho/internal/repohygiene","Test":"TestCatalogReachability_EmptyCatalogIsAnError","Output":"=== RUN   TestCatalogReachability_EmptyCatalogIsAnError\n"}
{"Time":"2026-09-17T15:24:21.686011229+03:00","Action":"output","Package":"github.com/PRO-Robotech/kacho/internal/repohygiene","Test":"TestCatalogReachability_EmptyCatalogIsAnError","Output":"=== PAUSE TestCatalogReachability_EmptyCatalogIsAnError\n"}
{"Time":"2026-09-17T15:24:21.686015337+03:00","Action":"pause","Package":"github.com/PRO-Robotech/kacho/internal/repohygiene","Test":"TestCatalogReachability_EmptyCatalogIsAnError"}
{"Time":"2026-09-17T15:24:21.686158907+03:00","Action":"run","Package":"github.com/PRO-Robotech/kacho/internal/repohygiene","Test":"TestGRPCMountParity_EveryDeclaredServiceIsMounted"}
{"Time":"2026-09-17T15:24:21.686161722+03:00","Action":"output","Package":"github.com/PRO-Robotech/kacho/internal/repohygiene","Test":"TestGRPCMountParity_EveryDeclaredServiceIsMounted","Output":"=== RUN   TestGRPCMountParity_EveryDeclaredServiceIsMounted\n"}
{"Time":"2026-09-17T15:24:21.686179426+03:00","Action":"output","Package":"github.com/PRO-Robotech/kacho/internal/repohygiene","Test":"TestGRPCMountParity_EveryDeclaredServiceIsMounted","Output":"=== PAUSE TestGRPCMountParity_EveryDeclaredServiceIsMounted\n"}
{"Time":"2026-09-17T15:24:21.68618206+03:00","Action":"pause","Package":"github.com/PRO-Robotech/kacho/internal/repohygiene","Test":"TestGRPCMountParity_EveryDeclaredServiceIsMounted"}
{"Time":"2026-09-17T15:24:21.686186148+03:00","Action":"run","Package":"github.com/PRO-Robotech/kacho/internal/repohygiene","Test":"TestGRPCMountParity_SeesAnUnmountedServiceAsUnmounted"}
{"Time":"2026-09-17T15:24:21.686190176+03:00","Action":"output","Package":"github.com/PRO-Robotech/kacho/internal/repohygiene","Test":"TestGRPCMountParity_SeesAnUnmountedServiceAsUnmounted","Output":"=== RUN   TestGRPCMountParity_SeesAnUnmountedServiceAsUnmounted\n"}
{"Time":"2026-09-17T15:24:21.686193662+03:00","Action":"output","Package":"github.com/PRO-Robotech/kacho/internal/repohygiene","Test":"TestGRPCMountParity_SeesAnUnmountedServiceAsUnmounted","Output":"=== PAUSE TestGRPCMountParity_SeesAnUnmountedServiceAsUnmounted\n"}
{"Time":"2026-09-17T15:24:21.686198051+03:00","Action":"pause","Package":"github.com/PRO-Robotech/kacho/internal/repohygiene","Test":"TestGRPCMountParity_SeesAnUnmountedServiceAsUnmounted"}
{"Time":"2026-09-17T15:24:21.686201277+03:00","Action":"run","Package":"github.com/PRO-Robotech/kacho/internal/repohygiene","Test":"TestGRPCMountParity_ReadsTheImportAliasAndNotThePathTail"}
{"Time":"2026-09-17T15:24:21.686205164+03:00","Action":"output","Package":"github.com/PRO-Robotech/kacho/internal/repohygiene","Test":"TestGRPCMountParity_ReadsTheImportAliasAndNotThePathTail","Output":"=== RUN   TestGRPCMountParity_ReadsTheImportAliasAndNotThePathTail\n"}
{"Time":"2026-09-17T15:24:21.68620853+03:00","Action":"output","Package":"github.com/PRO-Robotech/kacho/internal/repohygiene","Test":"TestGRPCMountParity_ReadsTheImportAliasAndNotThePathTail","Output":"=== PAUSE TestGRPCMountParity_ReadsTheImportAliasAndNotThePathTail\n"}
{"Time":"2026-09-17T15:24:21.686212377+03:00","Action":"pause","Package":"github.com/PRO-Robotech/kacho/internal/repohygiene","Test":"TestGRPCMountParity_ReadsTheImportAliasAndNotThePathTail"}
{"Time":"2026-09-17T15:24:21.686214822+03:00","Action":"run","Package":"github.com/PRO-Robotech/kacho/internal/repohygiene","Test":"TestGRPCMountParity_AStaleAllowIsItselfAFinding"}
{"Time":"2026-09-17T15:24:21.686216806+03:00","Action":"output","Package":"github.com/PRO-Robotech/kacho/internal/repohygiene","Test":"TestGRPCMountParity_AStaleAllowIsItselfAFinding","Output":"=== RUN   TestGRPCMountParity_AStaleAllowIsItselfAFinding\n"}
{"Time":"2026-09-17T15:24:21.686221675+03:00","Action":"output","Package":"github.com/PRO-Robotech/kacho/internal/repohygiene","Test":"TestGRPCMountParity_AStaleAllowIsItselfAFinding","Output":"=== PAUSE TestGRPCMountParity_AStaleAllowIsItselfAFinding\n"}
{"Time":"2026-09-17T15:24:21.686223739+03:00","Action":"pause","Package":"github.com/PRO-Robotech/kacho/internal/repohygiene","Test":"TestGRPCMountParity_AStaleAllowIsItselfAFinding"}
{"Time":"2026-09-17T15:24:21.686225973+03:00","Action":"run","Package":"github.com/PRO-Robotech/kacho/internal/repohygiene","Test":"TestGRPCMountParity_EmptySubjectIsAnError"}
{"Time":"2026-09-17T15:24:21.686228107+03:00","Action":"output","Package":"github.com/PRO-Robotech/kacho/internal/repohygiene","Test":"TestGRPCMountParity_EmptySubjectIsAnError","Output":"=== RUN   TestGRPCMountParity_EmptySubjectIsAnError\n"}
{"Time":"2026-09-17T15:24:21.686232886+03:00","Action":"output","Package":"github.com/PRO-Robotech/kacho/internal/repohygiene","Test":"TestGRPCMountParity_EmptySubjectIsAnError","Output":"=== PAUSE TestGRPCMountParity_EmptySubjectIsAnError\n"}
{"Time":"2026-09-17T15:24:21.68623525+03:00","Action":"pause","Package":"github.com/PRO-Robotech/kacho/internal/repohygiene","Test":"TestGRPCMountParity_EmptySubjectIsAnError"}
{"Time":"2026-09-17T15:24:21.686238877+03:00","Action":"run","Package":"github.com/PRO-Robotech/kacho/internal/repohygiene","Test":"TestGRPCMountParity_AnAllowForAnUnownedPackageIsOutOfSubject"}
{"Time":"2026-09-17T15:24:21.686240861+03:00","Action":"output","Package":"github.com/PRO-Robotech/kacho/internal/repohygiene","Test":"TestGRPCMountParity_AnAllowForAnUnownedPackageIsOutOfSubject","Output":"=== RUN   TestGRPCMountParity_AnAllowForAnUnownedPackageIsOutOfSubject\n"}
{"Time":"2026-09-17T15:24:21.686243786+03:00","Action":"output","Package":"github.com/PRO-Robotech/kacho/internal/repohygiene","Test":"TestGRPCMountParity_AnAllowForAnUnownedPackageIsOutOfSubject","Output":"=== PAUSE TestGRPCMountParity_AnAllowForAnUnownedPackageIsOutOfSubject\n"}
{"Time":"2026-09-17T15:24:21.686246111+03:00","Action":"pause","Package":"github.com/PRO-Robotech/kacho/internal/repohygiene","Test":"TestGRPCMountParity_AnAllowForAnUnownedPackageIsOutOfSubject"}
{"Time":"2026-09-17T15:24:21.686422432+03:00","Action":"run","Package":"github.com/PRO-Robotech/kacho/internal/repohygiene","Test":"TestGRPCMountParity_DoesNotReadThroughASymlinkOutOfTheAPIRoot"}
{"Time":"2026-09-17T15:24:21.686427782+03:00","Action":"output","Package":"github.com/PRO-Robotech/kacho/internal/repohygiene","Test":"TestGRPCMountParity_DoesNotReadThroughASymlinkOutOfTheAPIRoot","Output":"=== RUN   TestGRPCMountParity_DoesNotReadThroughASymlinkOutOfTheAPIRoot\n"}
{"Time":"2026-09-17T15:24:21.686441378+03:00","Action":"output","Package":"github.com/PRO-Robotech/kacho/internal/repohygiene","Test":"TestGRPCMountParity_DoesNotReadThroughASymlinkOutOfTheAPIRoot","Output":"=== PAUSE TestGRPCMountParity_DoesNotReadThroughASymlinkOutOfTheAPIRoot\n"}
{"Time":"2026-09-17T15:24:21.686444063+03:00","Action":"pause","Package":"github.com/PRO-Robotech/kacho/internal/repohygiene","Test":"TestGRPCMountParity_DoesNotReadThroughASymlinkOutOfTheAPIRoot"}
{"Time":"2026-09-17T15:24:21.686472757+03:00","Action":"run","Package":"github.com/PRO-Robotech/kacho/internal/repohygiene","Test":"TestSubscriptionShapeStandIsCleanBeforeInjection"}
{"Time":"2026-09-17T15:24:21.686475291+03:00","Action":"output","Package":"github.com/PRO-Robotech/kacho/internal/repohygiene","Test":"TestSubscriptionShapeStandIsCleanBeforeInjection","Output":"=== RUN   TestSubscriptionShapeStandIsCleanBeforeInjection\n"}
{"Time":"2026-09-17T15:24:21.686506721+03:00","Action":"output","Package":"github.com/PRO-Robotech/kacho/internal/repohygiene","Test":"TestSubscriptionShapeStandIsCleanBeforeInjection","Output":"=== PAUSE TestSubscriptionShapeStandIsCleanBeforeInjection\n"}
{"Time":"2026-09-17T15:24:21.686509386+03:00","Action":"pause","Package":"github.com/PRO-Robotech/kacho/internal/repohygiene","Test":"TestSubscriptionShapeStandIsCleanBeforeInjection"}
{"Time":"2026-09-17T15:24:21.686512612+03:00","Action":"run","Package":"github.com/PRO-Robotech/kacho/internal/repohygiene","Test":"TestSubscriptionShapeAxisLedgerCanFail"}
{"Time":"2026-09-17T15:24:21.686514816+03:00","Action":"output","Package":"github.com/PRO-Robotech/kacho/internal/repohygiene","Test":"TestSubscriptionShapeAxisLedgerCanFail","Output":"=== RUN   TestSubscriptionShapeAxisLedgerCanFail\n"}
{"Time":"2026-09-17T15:24:21.686520787+03:00","Action":"output","Package":"github.com/PRO-Robotech/kacho/internal/repohygiene","Test":"TestSubscriptionShapeAxisLedgerCanFail","Output":"=== PAUSE TestSubscriptionShapeAxisLedgerCanFail\n"}
{"Time":"2026-09-17T15:24:21.686522831+03:00","Action":"pause","Package":"github.com/PRO-Robotech/kacho/internal/repohygiene","Test":"TestSubscriptionShapeAxisLedgerCanFail"}
{"Time":"2026-09-17T15:24:21.686536837+03:00","Action":"run","Package":"github.com/PRO-Robotech/kacho/internal/repohygiene","Test":"TestSubscriptionShapeCategoryMarkCanFail"}
{"Time":"2026-09-17T15:24:21.686540754+03:00","Action":"output","Package":"github.com/PRO-Robotech/kacho/internal/repohygiene","Test":"TestSubscriptionShapeCategoryMarkCanFail","Output":"=== RUN   TestSubscriptionShapeCategoryMarkCanFail\n"}
{"Time":"2026-09-17T15:24:21.68655414+03:00","Action":"output","Package":"github.com/PRO-Robotech/kacho/internal/repohygiene","Test":"TestSubscriptionShapeCategoryMarkCanFail","Output":"=== PAUSE TestSubscriptionShapeCategoryMarkCanFail\n"}
{"Time":"2026-09-17T15:24:21.686558117+03:00","Action":"pause","Package":"github.com/PRO-Robotech/kacho/internal/repohygiene","Test":"TestSubscriptionShapeCategoryMarkCanFail"}
{"Time":"2026-09-17T15:24:21.686561734+03:00","Action":"run","Package":"github.com/PRO-Robotech/kacho/internal/repohygiene","Test":"TestSubscriptionShapeAbsentAxisCanFail"}
{"Time":"2026-09-17T15:24:21.686563798+03:00","Action":"output","Package":"github.com/PRO-Robotech/kacho/internal/repohygiene","Test":"TestSubscriptionShapeAbsentAxisCanFail","Output":"=== RUN   TestSubscriptionShapeAbsentAxisCanFail\n"}
{"Time":"2026-09-17T15:24:21.686568697+03:00","Action":"output","Package":"github.com/PRO-Robotech/kacho/internal/repohygiene","Test":"TestSubscriptionShapeAbsentAxisCanFail","Output":"=== PAUSE TestSubscriptionShapeAbsentAxisCanFail\n"}
{"Time":"2026-09-17T15:24:21.686570611+03:00","Action":"pause","Package":"github.com/PRO-Robotech/kacho/internal/repohygiene","Test":"TestSubscriptionShapeAbsentAxisCanFail"}
{"Time":"2026-09-17T15:24:21.686576722+03:00","Action":"run","Package":"github.com/PRO-Robotech/kacho/internal/repohygiene","Test":"TestSubscriptionShapeUnsetOutcomeCanFail"}
{"Time":"2026-09-17T15:24:21.686578806+03:00","Action":"output","Package":"github.com/PRO-Robotech/kacho/internal/repohygiene","Test":"TestSubscriptionShapeUnsetOutcomeCanFail","Output":"=== RUN   TestSubscriptionShapeUnsetOutcomeCanFail\n"}
{"Time":"2026-09-17T15:24:21.686582513+03:00","Action":"output","Package":"github.com/PRO-Robotech/kacho/internal/repohygiene","Test":"TestSubscriptionShapeUnsetOutcomeCanFail","Output":"=== PAUSE TestSubscriptionShapeUnsetOutcomeCanFail\n"}
{"Time":"2026-09-17T15:24:21.68658654+03:00","Action":"pause","Package":"github.com/PRO-Robotech/kacho/internal/repohygiene","Test":"TestSubscriptionShapeUnsetOutcomeCanFail"}
{"Time":"2026-09-17T15:24:21.686590518+03:00","Action":"run","Package":"github.com/PRO-Robotech/kacho/internal/repohygiene","Test":"TestSubscriptionShapeCarrierCanFail"}
{"Time":"2026-09-17T15:24:21.686592422+03:00","Action":"output","Package":"github.com/PRO-Robotech/kacho/internal/repohygiene","Test":"TestSubscriptionShapeCarrierCanFail","Output":"=== RUN   TestSubscriptionShapeCarrierCanFail\n"}
{"Time":"2026-09-17T15:24:21.686595107+03:00","Action":"output","Package":"github.com/PRO-Robotech/kacho/internal/repohygiene","Test":"TestSubscriptionShapeCarrierCanFail","Output":"=== PAUSE TestSubscriptionShapeCarrierCanFail\n"}
{"Time":"2026-09-17T15:24:21.686597361+03:00","Action":"pause","Package":"github.com/PRO-Robotech/kacho/internal/repohygiene","Test":"TestSubscriptionShapeCarrierCanFail"}
{"Time":"2026-09-17T15:24:21.686600617+03:00","Action":"run","Package":"github.com/PRO-Robotech/kacho/internal/repohygiene","Test":"TestSubscriptionShapeAnchorCanFail"}
{"Time":"2026-09-17T15:24:21.686602811+03:00","Action":"output","Package":"github.com/PRO-Robotech/kacho/internal/repohygiene","Test":"TestSubscriptionShapeAnchorCanFail","Output":"=== RUN   TestSubscriptionShapeAnchorCanFail\n"}
{"Time":"2026-09-17T15:24:21.686605065+03:00","Action":"output","Package":"github.com/PRO-Robotech/kacho/internal/repohygiene","Test":"TestSubscriptionShapeAnchorCanFail","Output":"=== PAUSE TestSubscriptionShapeAnchorCanFail\n"}
{"Time":"2026-09-17T15:24:21.686608382+03:00","Action":"pause","Package":"github.com/PRO-Robotech/kacho/internal/repohygiene","Test":"TestSubscriptionShapeAnchorCanFail"}
{"Time":"2026-09-17T15:24:21.686611698+03:00","Action":"run","Package":"github.com/PRO-Robotech/kacho/internal/repohygiene","Test":"TestSubscriptionShapeHorizonCanFail"}
{"Time":"2026-09-17T15:24:21.686613631+03:00","Action":"output","Package":"github.com/PRO-Robotech/kacho/internal/repohygiene","Test":"TestSubscriptionShapeHorizonCanFail","Output":"=== RUN   TestSubscriptionShapeHorizonCanFail\n"}
{"Time":"2026-09-17T15:24:21.686615986+03:00","Action":"output","Package":"github.com/PRO-Robotech/kacho/internal/repohygiene","Test":"TestSubscriptionShapeHorizonCanFail","Output":"=== PAUSE TestSubscriptionShapeHorizonCanFail\n"}
{"Time":"2026-09-17T15:24:21.68661837+03:00","Action":"pause","Package":"github.com/PRO-Robotech/kacho/internal/repohygiene","Test":"TestSubscriptionShapeHorizonCanFail"}
{"Time":"2026-09-17T15:24:21.686620544+03:00","Action":"run","Package":"github.com/PRO-Robotech/kacho/internal/repohygiene","Test":"TestSubscriptionShapeStopReasonCanFail"}
{"Time":"2026-09-17T15:24:21.686622448+03:00","Action":"output","Package":"github.com/PRO-Robotech/kacho/internal/repohygiene","Test":"TestSubscriptionShapeStopReasonCanFail","Output":"=== RUN   TestSubscriptionShapeStopReasonCanFail\n"}
{"Time":"2026-09-17T15:24:21.686630102+03:00","Action":"output","Package":"github.com/PRO-Robotech/kacho/internal/repohygiene","Test":"TestSubscriptionShapeStopReasonCanFail","Output":"=== PAUSE TestSubscriptionShapeStopReasonCanFail\n"}
{"Time":"2026-09-17T15:24:21.686632527+03:00","Action":"pause","Package":"github.com/PRO-Robotech/kacho/internal/repohygiene","Test":"TestSubscriptionShapeStopReasonCanFail"}
{"Time":"2026-09-17T15:24:21.686635583+03:00","Action":"run","Package":"github.com/PRO-Robotech/kacho/internal/repohygiene","Test":"TestSubscriptionShapePerimeterCanFail"}
{"Time":"2026-09-17T15:24:21.686637426+03:00","Action":"output","Package":"github.com/PRO-Robotech/kacho/internal/repohygiene","Test":"TestSubscriptionShapePerimeterCanFail","Output":"=== RUN   TestSubscriptionShapePerimeterCanFail\n"}
{"Time":"2026-09-17T15:24:21.686642185+03:00","Action":"output","Package":"github.com/PRO-Robotech/kacho/internal/repohygiene","Test":"TestSubscriptionShapePerimeterCanFail","Output":"=== PAUSE TestSubscriptionShapePerimeterCanFail\n"}
{"Time":"2026-09-17T15:24:21.6866446+03:00","Action":"pause","Package":"github.com/PRO-Robotech/kacho/internal/repohygiene","Test":"TestSubscriptionShapePerimeterCanFail"}
{"Time":"2026-09-17T15:24:21.686647856+03:00","Action":"run","Package":"github.com/PRO-Robotech/kacho/internal/repohygiene","Test":"TestSubscriptionShapeOwnerVocabularyCanFail"}
{"Time":"2026-09-17T15:24:21.68664988+03:00","Action":"output","Package":"github.com/PRO-Robotech/kacho/internal/repohygiene","Test":"TestSubscriptionShapeOwnerVocabularyCanFail","Output":"=== RUN   TestSubscriptionShapeOwnerVocabularyCanFail\n"}
{"Time":"2026-09-17T15:24:21.686662423+03:00","Action":"output","Package":"github.com/PRO-Robotech/kacho/internal/repohygiene","Test":"TestSubscriptionShapeOwnerVocabularyCanFail","Output":"=== PAUSE TestSubscriptionShapeOwnerVocabularyCanFail\n"}
{"Time":"2026-09-17T15:24:21.686664868+03:00","Action":"pause","Package":"github.com/PRO-Robotech/kacho/internal/repohygiene","Test":"TestSubscriptionShapeOwnerVocabularyCanFail"}
{"Time":"2026-09-17T15:24:21.686668154+03:00","Action":"run","Package":"github.com/PRO-Robotech/kacho/internal/repohygiene","Test":"TestSubscriptionShapeRefusesAnEmptyRead"}
{"Time":"2026-09-17T15:24:21.686670097+03:00","Action":"output","Package":"github.com/PRO-Robotech/kacho/internal/repohygiene","Test":"TestSubscriptionShapeRefusesAnEmptyRead","Output":"=== RUN   TestSubscriptionShapeRefusesAnEmptyRead\n"}
{"Time":"2026-09-17T15:24:21.686672682+03:00","Action":"output","Package":"github.com/PRO-Robotech/kacho/internal/repohygiene","Test":"TestSubscriptionShapeRefusesAnEmptyRead","Output":"=== PAUSE TestSubscriptionShapeRefusesAnEmptyRead\n"}
{"Time":"2026-09-17T15:24:21.686674866+03:00","Action":"pause","Package":"github.com/PRO-Robotech/kacho/internal/repohygiene","Test":"TestSubscriptionShapeRefusesAnEmptyRead"}
{"Time":"2026-09-17T15:24:21.686678012+03:00","Action":"run","Package":"github.com/PRO-Robotech/kacho/internal/repohygiene","Test":"TestSubscriptionShapeMissingMessageCanFail"}
{"Time":"2026-09-17T15:24:21.686680026+03:00","Action":"output","Package":"github.com/PRO-Robotech/kacho/internal/repohygiene","Test":"TestSubscriptionShapeMissingMessageCanFail","Output":"=== RUN   TestSubscriptionShapeMissingMessageCanFail\n"}
{"Time":"2026-09-17T15:24:21.686682371+03:00","Action":"output","Package":"github.com/PRO-Robotech/kacho/internal/repohygiene","Test":"TestSubscriptionShapeMissingMessageCanFail","Output":"=== PAUSE TestSubscriptionShapeMissingMessageCanFail\n"}
{"Time":"2026-09-17T15:24:21.686684354+03:00","Action":"pause","Package":"github.com/PRO-Robotech/kacho/internal/repohygiene","Test":"TestSubscriptionShapeMissingMessageCanFail"}
{"Time":"2026-09-17T15:24:21.686688051+03:00","Action":"run","Package":"github.com/PRO-Robotech/kacho/internal/repohygiene","Test":"TestSubscriptionFormShape"}
{"Time":"2026-09-17T15:24:21.686691287+03:00","Action":"output","Package":"github.com/PRO-Robotech/kacho/internal/repohygiene","Test":"TestSubscriptionFormShape","Output":"=== RUN   TestSubscriptionFormShape\n"}
{"Time":"2026-09-17T15:24:21.686694363+03:00","Action":"output","Package":"github.com/PRO-Robotech/kacho/internal/repohygiene","Test":"TestSubscriptionFormShape","Output":"=== PAUSE TestSubscriptionFormShape\n"}
{"Time":"2026-09-17T15:24:21.686696317+03:00","Action":"pause","Package":"github.com/PRO-Robotech/kacho/internal/repohygiene","Test":"TestSubscriptionFormShape"}
{"Time":"2026-09-17T15:24:21.686701096+03:00","Action":"run","Package":"github.com/PRO-Robotech/kacho/internal/repohygiene","Test":"TestSubscriptionShapeReasonContract"}
{"Time":"2026-09-17T15:24:21.68670354+03:00","Action":"output","Package":"github.com/PRO-Robotech/kacho/internal/repohygiene","Test":"TestSubscriptionShapeReasonContract","Output":"=== RUN   TestSubscriptionShapeReasonContract\n"}
{"Time":"2026-09-17T15:24:21.686709782+03:00","Action":"output","Package":"github.com/PRO-Robotech/kacho/internal/repohygiene","Test":"TestSubscriptionShapeReasonContract","Output":"=== PAUSE TestSubscriptionShapeReasonContract\n"}
{"Time":"2026-09-17T15:24:21.686712467+03:00","Action":"pause","Package":"github.com/PRO-Robotech/kacho/internal/repohygiene","Test":"TestSubscriptionShapeReasonContract"}
{"Time":"2026-09-17T15:24:21.686758113+03:00","Action":"cont","Package":"github.com/PRO-Robotech/kacho/internal/repohygiene","Test":"TestCatalogReachability_EveryRowResolvesToAServedMethod"}
{"Time":"2026-09-17T15:24:21.686760958+03:00","Action":"output","Package":"github.com/PRO-Robotech/kacho/internal/repohygiene","Test":"TestCatalogReachability_EveryRowResolvesToAServedMethod","Output":"=== CONT  TestCatalogReachability_EveryRowResolvesToAServedMethod\n"}
{"Time":"2026-09-17T15:24:21.686777209+03:00","Action":"cont","Package":"github.com/PRO-Robotech/kacho/internal/repohygiene","Test":"TestSubscriptionShapeStopReasonCanFail"}
{"Time":"2026-09-17T15:24:21.686779784+03:00","Action":"output","Package":"github.com/PRO-Robotech/kacho/internal/repohygiene","Test":"TestSubscriptionShapeStopReasonCanFail","Output":"=== CONT  TestSubscriptionShapeStopReasonCanFail\n"}
{"Time":"2026-09-17T15:24:21.686787218+03:00","Action":"cont","Package":"github.com/PRO-Robotech/kacho/internal/repohygiene","Test":"TestSubscriptionShapeStandIsCleanBeforeInjection"}
{"Time":"2026-09-17T15:24:21.686791636+03:00","Action":"output","Package":"github.com/PRO-Robotech/kacho/internal/repohygiene","Test":"TestSubscriptionShapeStandIsCleanBeforeInjection","Output":"=== CONT  TestSubscriptionShapeStandIsCleanBeforeInjection\n"}
{"Time":"2026-09-17T15:24:21.686797817+03:00","Action":"cont","Package":"github.com/PRO-Robotech/kacho/internal/repohygiene","Test":"TestCatalogReachability_MethodsAreNotBorrowedBetweenDescriptors"}
{"Time":"2026-09-17T15:24:21.686802687+03:00","Action":"output","Package":"github.com/PRO-Robotech/kacho/internal/repohygiene","Test":"TestCatalogReachability_MethodsAreNotBorrowedBetweenDescriptors","Output":"=== CONT  TestCatalogReachability_MethodsAreNotBorrowedBetweenDescriptors\n"}
{"Time":"2026-09-17T15:24:21.686806464+03:00","Action":"cont","Package":"github.com/PRO-Robotech/kacho/internal/repohygiene","Test":"TestSubscriptionShapeCarrierCanFail"}
{"Time":"2026-09-17T15:24:21.686808427+03:00","Action":"output","Package":"github.com/PRO-Robotech/kacho/internal/repohygiene","Test":"TestSubscriptionShapeCarrierCanFail","Output":"=== CONT  TestSubscriptionShapeCarrierCanFail\n"}
{"Time":"2026-09-17T15:24:21.686811784+03:00","Action":"cont","Package":"github.com/PRO-Robotech/kacho/internal/repohygiene","Test":"TestSubscriptionFormShape"}
{"Time":"2026-09-17T15:24:21.68681513+03:00","Action":"output","Package":"github.com/PRO-Robotech/kacho/internal/repohygiene","Test":"TestSubscriptionFormShape","Output":"=== CONT  TestSubscriptionFormShape\n"}
{"Time":"2026-09-17T15:24:21.686818326+03:00","Action":"cont","Package":"github.com/PRO-Robotech/kacho/internal/repohygiene","Test":"TestSubscriptionShapeRefusesAnEmptyRead"}
{"Time":"2026-09-17T15:24:21.6868206+03:00","Action":"output","Package":"github.com/PRO-Robotech/kacho/internal/repohygiene","Test":"TestSubscriptionShapeRefusesAnEmptyRead","Output":"=== CONT  TestSubscriptionShapeRefusesAnEmptyRead\n"}
{"Time":"2026-09-17T15:24:21.68683645+03:00","Action":"cont","Package":"github.com/PRO-Robotech/kacho/internal/repohygiene","Test":"TestSubscriptionShapeUnsetOutcomeCanFail"}
{"Time":"2026-09-17T15:24:21.686838774+03:00","Action":"output","Package":"github.com/PRO-Robotech/kacho/internal/repohygiene","Test":"TestSubscriptionShapeUnsetOutcomeCanFail","Output":"=== CONT  TestSubscriptionShapeUnsetOutcomeCanFail\n"}
{"Time":"2026-09-17T15:24:21.686846619+03:00","Action":"run","Package":"github.com/PRO-Robotech/kacho/internal/repohygiene","Test":"TestSubscriptionShapeCarrierCanFail/носитель_не_ветвление_—_находка"}
{"Time":"2026-09-17T15:24:21.686849354+03:00","Action":"output","Package":"github.com/PRO-Robotech/kacho/internal/repohygiene","Test":"TestSubscriptionShapeCarrierCanFail/носитель_не_ветвление_—_находка","Output":"=== RUN   TestSubscriptionShapeCarrierCanFail/носитель_не_ветвление_—_находка\n"}
{"Time":"2026-09-17T15:24:21.686853903+03:00","Action":"run","Package":"github.com/PRO-Robotech/kacho/internal/repohygiene","Test":"TestSubscriptionShapeStopReasonCanFail/причина_остановки_полем_события_—_находка"}
{"Time":"2026-09-17T15:24:21.686856077+03:00","Action":"output","Package":"github.com/PRO-Robotech/kacho/internal/repohygiene","Test":"TestSubscriptionShapeStopReasonCanFail/причина_остановки_полем_события_—_находка","Output":"=== RUN   TestSubscriptionShapeStopReasonCanFail/причина_остановки_полем_события_—_находка\n"}
{"Time":"2026-09-17T15:24:21.686912743+03:00","Action":"cont","Package":"github.com/PRO-Robotech/kacho/internal/repohygiene","Test":"TestSubscriptionShapeCategoryMarkCanFail"}
{"Time":"2026-09-17T15:24:21.686935596+03:00","Action":"output","Package":"github.com/PRO-Robotech/kacho/internal/repohygiene","Test":"TestSubscriptionShapeCategoryMarkCanFail","Output":"=== CONT  TestSubscriptionShapeCategoryMarkCanFail\n"}
{"Time":"2026-09-17T15:24:21.686942479+03:00","Action":"cont","Package":"github.com/PRO-Robotech/kacho/internal/repohygiene","Test":"TestCatalogReachability_RedOnAnUnmountedService"}
{"Time":"2026-09-17T15:24:21.686946347+03:00","Action":"output","Package":"github.com/PRO-Robotech/kacho/internal/repohygiene","Test":"TestCatalogReachability_RedOnAnUnmountedService","Output":"=== CONT  TestCatalogReachability_RedOnAnUnmountedService\n"}
{"Time":"2026-09-17T15:24:21.68695364+03:00","Action":"cont","Package":"github.com/PRO-Robotech/kacho/internal/repohygiene","Test":"TestCatalogReachability_RedOnAServiceTheContractDoesNotHave"}
{"Time":"2026-09-17T15:24:21.686957598+03:00","Action":"output","Package":"github.com/PRO-Robotech/kacho/internal/repohygiene","Test":"TestCatalogReachability_RedOnAServiceTheContractDoesNotHave","Output":"=== CONT  TestCatalogReachability_RedOnAServiceTheContractDoesNotHave\n"}
{"Time":"2026-09-17T15:24:21.686961996+03:00","Action":"cont","Package":"github.com/PRO-Robotech/kacho/internal/repohygiene","Test":"TestSubscriptionShapePerimeterCanFail"}
{"Time":"2026-09-17T15:24:21.686965382+03:00","Action":"output","Package":"github.com/PRO-Robotech/kacho/internal/repohygiene","Test":"TestSubscriptionShapePerimeterCanFail","Output":"=== CONT  TestSubscriptionShapePerimeterCanFail\n"}
{"Time":"2026-09-17T15:24:21.687008794+03:00","Action":"cont","Package":"github.com/PRO-Robotech/kacho/internal/repohygiene","Test":"TestSubscriptionShapeAxisLedgerCanFail"}
{"Time":"2026-09-17T15:24:21.687016108+03:00","Action":"output","Package":"github.com/PRO-Robotech/kacho/internal/repohygiene","Test":"TestSubscriptionShapeAxisLedgerCanFail","Output":"=== CONT  TestSubscriptionShapeAxisLedgerCanFail\n"}
{"Time":"2026-09-17T15:24:21.687022279+03:00","Action":"cont","Package":"github.com/PRO-Robotech/kacho/internal/repohygiene","Test":"TestGRPCMountParity_DoesNotReadThroughASymlinkOutOfTheAPIRoot"}
{"Time":"2026-09-17T15:24:21.687026317+03:00","Action":"output","Package":"github.com/PRO-Robotech/kacho/internal/repohygiene","Test":"TestGRPCMountParity_DoesNotReadThroughASymlinkOutOfTheAPIRoot","Output":"=== CONT  TestGRPCMountParity_DoesNotReadThroughASymlinkOutOfTheAPIRoot\n"}
{"Time":"2026-09-17T15:24:21.687037758+03:00","Action":"cont","Package":"github.com/PRO-Robotech/kacho/internal/repohygiene","Test":"TestCatalogReachability_SilentOnAServedMethod"}
{"Time":"2026-09-17T15:24:21.687042297+03:00","Action":"output","Package":"github.com/PRO-Robotech/kacho/internal/repohygiene","Test":"TestCatalogReachability_SilentOnAServedMethod","Output":"=== CONT  TestCatalogReachability_SilentOnAServedMethod\n"}
{"Time":"2026-09-17T15:24:21.687047647+03:00","Action":"cont","Package":"github.com/PRO-Robotech/kacho/internal/repohygiene","Test":"TestGRPCMountParity_AnAllowForAnUnownedPackageIsOutOfSubject"}
{"Time":"2026-09-17T15:24:21.687051985+03:00","Action":"output","Package":"github.com/PRO-Robotech/kacho/internal/repohygiene","Test":"TestGRPCMountParity_AnAllowForAnUnownedPackageIsOutOfSubject","Output":"=== CONT  TestGRPCMountParity_AnAllowForAnUnownedPackageIsOutOfSubject\n"}
{"Time":"2026-09-17T15:24:21.687105626+03:00","Action":"cont","Package":"github.com/PRO-Robotech/kacho/internal/repohygiene","Test":"TestCatalogReachability_InertRowsAreExactlyTheAllowedServices"}
{"Time":"2026-09-17T15:24:21.687111457+03:00","Action":"output","Package":"github.com/PRO-Robotech/kacho/internal/repohygiene","Test":"TestCatalogReachability_InertRowsAreExactlyTheAllowedServices","Output":"=== CONT  TestCatalogReachability_InertRowsAreExactlyTheAllowedServices\n"}
{"Time":"2026-09-17T15:24:21.687148897+03:00","Action":"run","Package":"github.com/PRO-Robotech/kacho/internal/repohygiene","Test":"TestSubscriptionShapeUnsetOutcomeCanFail/исход_не_назван_—_находка"}
{"Time":"2026-09-17T15:24:21.687156141+03:00","Action":"output","Package":"github.com/PRO-Robotech/kacho/internal/repohygiene","Test":"TestSubscriptionShapeUnsetOutcomeCanFail/исход_не_назван_—_находка","Output":"=== RUN   TestSubscriptionShapeUnsetOutcomeCanFail/исход_не_назван_—_находка\n"}
{"Time":"2026-09-17T15:24:21.687236592+03:00","Action":"cont","Package":"github.com/PRO-Robotech/kacho/internal/repohygiene","Test":"TestGRPCMountParity_EmptySubjectIsAnError"}
{"Time":"2026-09-17T15:24:21.687242583+03:00","Action":"output","Package":"github.com/PRO-Robotech/kacho/internal/repohygiene","Test":"TestGRPCMountParity_EmptySubjectIsAnError","Output":"=== CONT  TestGRPCMountParity_EmptySubjectIsAnError\n"}
{"Time":"2026-09-17T15:24:21.687308637+03:00","Action":"run","Package":"github.com/PRO-Robotech/kacho/internal/repohygiene","Test":"TestSubscriptionShapeRefusesAnEmptyRead/контракта_нет"}
{"Time":"2026-09-17T15:24:21.687319668+03:00","Action":"output","Package":"github.com/PRO-Robotech/kacho/internal/repohygiene","Test":"TestSubscriptionShapeRefusesAnEmptyRead/контракта_нет","Output":"=== RUN   TestSubscriptionShapeRefusesAnEmptyRead/контракта_нет\n"}
{"Time":"2026-09-17T15:24:21.687329246+03:00","Action":"output","Package":"github.com/PRO-Robotech/kacho/internal/repohygiene","Test":"TestSubscriptionFormShape","Output":"    subscriptionformshape_test.go:127: перепись: proto/corelib/subscription/subscription.proto — строк 480, типов 7 (верхнего уровня 4), полей 19 (осей 3), значений перечислений 12; утверждений проверено 46; находок 0\n"}
{"Time":"2026-09-17T15:24:21.687341008+03:00","Action":"output","Package":"github.com/PRO-Robotech/kacho/internal/repohygiene","Test":"TestSubscriptionFormShape","Output":"--- PASS: TestSubscriptionFormShape (0.00s)\n"}
{"Time":"2026-09-17T15:24:21.687357128+03:00","Action":"pass","Package":"github.com/PRO-Robotech/kacho/internal/repohygiene","Test":"TestSubscriptionFormShape","Elapsed":0}
{"Time":"2026-09-17T15:24:21.687363851+03:00","Action":"run","Package":"github.com/PRO-Robotech/kacho/internal/repohygiene","Test":"TestSubscriptionShapeCategoryMarkCanFail/признак_не_проставлен_—_краснеет_с_координатой"}
{"Time":"2026-09-17T15:24:21.687368209+03:00","Action":"output","Package":"github.com/PRO-Robotech/kacho/internal/repohygiene","Test":"TestSubscriptionShapeCategoryMarkCanFail/признак_не_проставлен_—_краснеет_с_координатой","Output":"=== RUN   TestSubscriptionShapeCategoryMarkCanFail/признак_не_проставлен_—_краснеет_с_координатой\n"}
{"Time":"2026-09-17T15:24:21.687438271+03:00","Action":"cont","Package":"github.com/PRO-Robotech/kacho/internal/repohygiene","Test":"TestGRPCMountParity_AStaleAllowIsItselfAFinding"}
{"Time":"2026-09-17T15:24:21.687444442+03:00","Action":"output","Package":"github.com/PRO-Robotech/kacho/internal/repohygiene","Test":"TestGRPCMountParity_AStaleAllowIsItselfAFinding","Output":"=== CONT  TestGRPCMountParity_AStaleAllowIsItselfAFinding\n"}
{"Time":"2026-09-17T15:24:21.687562224+03:00","Action":"output","Package":"github.com/PRO-Robotech/kacho/internal/repohygiene","Test":"TestSubscriptionShapeStopReasonCanFail/причина_остановки_полем_события_—_находка","Output":"    subscriptionformshape_injection_test.go:548: перепись: proto/corelib/subscription/subscription.proto — строк 70, типов 5 (верхнего уровня 4), полей 18 (осей 3), значений перечислений 3; утверждений проверено 44; находок 1\n"}
{"Time":"2026-09-17T15:24:21.687658625+03:00","Action":"cont","Package":"github.com/PRO-Robotech/kacho/internal/repohygiene","Test":"TestGRPCMountParity_ReadsTheImportAliasAndNotThePathTail"}
{"Time":"2026-09-17T15:24:21.687668523+03:00","Action":"output","Package":"github.com/PRO-Robotech/kacho/internal/repohygiene","Test":"TestGRPCMountParity_ReadsTheImportAliasAndNotThePathTail","Output":"=== CONT  TestGRPCMountParity_ReadsTheImportAliasAndNotThePathTail\n"}
{"Time":"2026-09-17T15:24:21.68815662+03:00","Action":"cont","Package":"github.com/PRO-Robotech/kacho/internal/repohygiene","Test":"TestGRPCMountParity_SeesAnUnmountedServiceAsUnmounted"}
{"Time":"2026-09-17T15:24:21.688177409+03:00","Action":"output","Package":"github.com/PRO-Robotech/kacho/internal/repohygiene","Test":"TestGRPCMountParity_SeesAnUnmountedServiceAsUnmounted","Output":"=== CONT  TestGRPCMountParity_SeesAnUnmountedServiceAsUnmounted\n"}
{"Time":"2026-09-17T15:24:21.688185675+03:00","Action":"run","Package":"github.com/PRO-Robotech/kacho/internal/repohygiene","Test":"TestGRPCMountParity_AnAllowForAnUnownedPackageIsOutOfSubject/запись_про_сервис_невладеемого_пакета_—_молчание_и_перепись"}
{"Time":"2026-09-17T15:24:21.688189722+03:00","Action":"output","Package":"github.com/PRO-Robotech/kacho/internal/repohygiene","Test":"TestGRPCMountParity_AnAllowForAnUnownedPackageIsOutOfSubject/запись_про_сервис_невладеемого_пакета_—_молчание_и_перепись","Output":"=== RUN   TestGRPCMountParity_AnAllowForAnUnownedPackageIsOutOfSubject/запись_про_сервис_невладеемого_пакета_—_молчание_и_перепись\n"}
{"Time":"2026-09-17T15:24:21.688197287+03:00","Action":"output","Package":"github.com/PRO-Robotech/kacho/internal/repohygiene","Test":"TestSubscriptionShapeUnsetOutcomeCanFail/исход_не_назван_—_находка","Output":"    subscriptionformshape_injection_test.go:386: перепись: proto/corelib/subscription/subscription.proto — строк 69, типов 5 (верхнего уровня 4), полей 17 (осей 3), значений перечислений 3; утверждений проверено 44; находок 1\n"}
{"Time":"2026-09-17T15:24:21.688204049+03:00","Action":"cont","Package":"github.com/PRO-Robotech/kacho/internal/repohygiene","Test":"TestCatalogReachability_RedOnAMethodTheContractDoesNotHave"}
{"Time":"2026-09-17T15:24:21.688207155+03:00","Action":"output","Package":"github.com/PRO-Robotech/kacho/internal/repohygiene","Test":"TestCatalogReachability_RedOnAMethodTheContractDoesNotHave","Output":"=== CONT  TestCatalogReachability_RedOnAMethodTheContractDoesNotHave\n"}
{"Time":"2026-09-17T15:24:21.68820973+03:00","Action":"cont","Package":"github.com/PRO-Robotech/kacho/internal/repohygiene","Test":"TestCatalogReachability_AllowExcusesAndThenExpires"}
{"Time":"2026-09-17T15:24:21.688211784+03:00","Action":"output","Package":"github.com/PRO-Robotech/kacho/internal/repohygiene","Test":"TestCatalogReachability_AllowExcusesAndThenExpires","Output":"=== CONT  TestCatalogReachability_AllowExcusesAndThenExpires\n"}
{"Time":"2026-09-17T15:24:21.688214359+03:00","Action":"cont","Package":"github.com/PRO-Robotech/kacho/internal/repohygiene","Test":"TestSubscriptionShapeHorizonCanFail"}
{"Time":"2026-09-17T15:24:21.688216934+03:00","Action":"output","Package":"github.com/PRO-Robotech/kacho/internal/repohygiene","Test":"TestSubscriptionShapeHorizonCanFail","Output":"=== CONT  TestSubscriptionShapeHorizonCanFail\n"}
{"Time":"2026-09-17T15:24:21.688219558+03:00","Action":"cont","Package":"github.com/PRO-Robotech/kacho/internal/repohygiene","Test":"TestSubscriptionShapeAnchorCanFail"}
{"Time":"2026-09-17T15:24:21.688221582+03:00","Action":"output","Package":"github.com/PRO-Robotech/kacho/internal/repohygiene","Test":"TestSubscriptionShapeAnchorCanFail","Output":"=== CONT  TestSubscriptionShapeAnchorCanFail\n"}
{"Time":"2026-09-17T15:24:21.688224307+03:00","Action":"cont","Package":"github.com/PRO-Robotech/kacho/internal/repohygiene","Test":"TestSubscriptionShapeMissingMessageCanFail"}
{"Time":"2026-09-17T15:24:21.688227173+03:00","Action":"output","Package":"github.com/PRO-Robotech/kacho/internal/repohygiene","Test":"TestSubscriptionShapeMissingMessageCanFail","Output":"=== CONT  TestSubscriptionShapeMissingMessageCanFail\n"}
{"Time":"2026-09-17T15:24:21.688234446+03:00","Action":"output","Package":"github.com/PRO-Robotech/kacho/internal/repohygiene","Test":"TestSubscriptionShapeCarrierCanFail/носитель_не_ветвление_—_находка","Output":"    subscriptionformshape_injection_test.go:429: перепись: proto/corelib/subscription/subscription.proto — строк 67, типов 5 (верхнего уровня 4), полей 17 (осей 3), значений перечислений 3; утверждений проверено 41; находок 1\n"}
{"Time":"2026-09-17T15:24:21.688242101+03:00","Action":"cont","Package":"github.com/PRO-Robotech/kacho/internal/repohygiene","Test":"TestSubscriptionShapeReasonContract"}
{"Time":"2026-09-17T15:24:21.688245147+03:00","Action":"output","Package":"github.com/PRO-Robotech/kacho/internal/repohygiene","Test":"TestSubscriptionShapeReasonContract","Output":"=== CONT  TestSubscriptionShapeReasonContract\n"}
{"Time":"2026-09-17T15:24:21.688248533+03:00","Action":"cont","Package":"github.com/PRO-Robotech/kacho/internal/repohygiene","Test":"TestSubscriptionShapeOwnerVocabularyCanFail"}
{"Time":"2026-09-17T15:24:21.688251498+03:00","Action":"output","Package":"github.com/PRO-Robotech/kacho/internal/repohygiene","Test":"TestSubscriptionShapeOwnerVocabularyCanFail","Output":"=== CONT  TestSubscriptionShapeOwnerVocabularyCanFail\n"}
{"Time":"2026-09-17T15:24:21.688797004+03:00","Action":"cont","Package":"github.com/PRO-Robotech/kacho/internal/repohygiene","Test":"TestGRPCMountParity_EveryDeclaredServiceIsMounted"}
{"Time":"2026-09-17T15:24:21.688802263+03:00","Action":"output","Package":"github.com/PRO-Robotech/kacho/internal/repohygiene","Test":"TestGRPCMountParity_EveryDeclaredServiceIsMounted","Output":"=== CONT  TestGRPCMountParity_EveryDeclaredServiceIsMounted\n"}
{"Time":"2026-09-17T15:24:21.688889958+03:00","Action":"output","Package":"github.com/PRO-Robotech/kacho/internal/repohygiene","Test":"TestSubscriptionShapeCategoryMarkCanFail/признак_не_проставлен_—_краснеет_с_координатой","Output":"    subscriptionformshape_injection_test.go:313: перепись: proto/corelib/subscription/subscription.proto — строк 69, типов 5 (верхнего уровня 4), полей 17 (осей 3), значений перечислений 3; утверждений проверено 44; находок 1\n"}
{"Time":"2026-09-17T15:24:21.688913522+03:00","Action":"output","Package":"github.com/PRO-Robotech/kacho/internal/repohygiene","Test":"TestSubscriptionShapeCategoryMarkCanFail/признак_не_проставлен_—_краснеет_с_координатой","Output":"    subscriptionformshape_injection_test.go:318: axis-without-category proto/corelib/subscription/subscription.proto:24 — у оси `project_id` не проставлен признак категории. Категорий две: ЯКОРНАЯ — по ней принимается решение о показе, и исхода «названа, но не применена» у неё не существует; УДОБСТВА — доотбор на клиенте законен. Гейт требует, чтобы признак СТОЯЛ; верен ли выбор — смысл, а не синтаксис, и решается обзором\n"}
{"Time":"2026-09-17T15:24:21.688958798+03:00","Action":"run","Package":"github.com/PRO-Robotech/kacho/internal/repohygiene","Test":"TestSubscriptionShapeMissingMessageCanFail/служебного_сообщения_нет_—_находка"}
{"Time":"2026-09-17T15:24:21.688969979+03:00","Action":"output","Package":"github.com/PRO-Robotech/kacho/internal/repohygiene","Test":"TestSubscriptionShapeMissingMessageCanFail/служебного_сообщения_нет_—_находка","Output":"=== RUN   TestSubscriptionShapeMissingMessageCanFail/служебного_сообщения_нет_—_находка\n"}
{"Time":"2026-09-17T15:24:21.688978525+03:00","Action":"run","Package":"github.com/PRO-Robotech/kacho/internal/repohygiene","Test":"TestSubscriptionShapeAnchorCanFail/якоря_в_оболочке_нет_—_находка"}
{"Time":"2026-09-17T15:24:21.688983274+03:00","Action":"output","Package":"github.com/PRO-Robotech/kacho/internal/repohygiene","Test":"TestSubscriptionShapeAnchorCanFail/якоря_в_оболочке_нет_—_находка","Output":"=== RUN   TestSubscriptionShapeAnchorCanFail/якоря_в_оболочке_нет_—_находка\n"}
{"Time":"2026-09-17T15:24:21.688993613+03:00","Action":"output","Package":"github.com/PRO-Robotech/kacho/internal/repohygiene","Test":"TestSubscriptionShapeRefusesAnEmptyRead/контракта_нет","Output":"--- PASS: TestSubscriptionShapeRefusesAnEmptyRead/контракта_нет (0.00s)\n"}
{"Time":"2026-09-17T15:24:21.689072902+03:00","Action":"pass","Package":"github.com/PRO-Robotech/kacho/internal/repohygiene","Test":"TestSubscriptionShapeRefusesAnEmptyRead/контракта_нет","Elapsed":0}
{"Time":"2026-09-17T15:24:21.68909863+03:00","Action":"run","Package":"github.com/PRO-Robotech/kacho/internal/repohygiene","Test":"TestSubscriptionShapeReasonContract/CI-DT-05-lawful"}
{"Time":"2026-09-17T15:24:21.68910361+03:00","Action":"output","Package":"github.com/PRO-Robotech/kacho/internal/repohygiene","Test":"TestSubscriptionShapeReasonContract/CI-DT-05-lawful","Output":"=== RUN   TestSubscriptionShapeReasonContract/CI-DT-05-lawful\n"}
{"Time":"2026-09-17T15:24:21.689110352+03:00","Action":"cont","Package":"github.com/PRO-Robotech/kacho/internal/repohygiene","Test":"TestSubscriptionShapeAbsentAxisCanFail"}
{"Time":"2026-09-17T15:24:21.689114069+03:00","Action":"output","Package":"github.com/PRO-Robotech/kacho/internal/repohygiene","Test":"TestSubscriptionShapeAbsentAxisCanFail","Output":"=== CONT  TestSubscriptionShapeAbsentAxisCanFail\n"}
{"Time":"2026-09-17T15:24:21.689120862+03:00","Action":"output","Package":"github.com/PRO-Robotech/kacho/internal/repohygiene","Test":"TestSubscriptionShapeStandIsCleanBeforeInjection","Output":"    subscriptionformshape_injection_test.go:247: перепись: proto/corelib/subscription/subscription.proto — строк 69, типов 5 (верхнего уровня 4), полей 17 (осей 3), значений перечислений 3; утверждений проверено 44; находок 0\n"}
{"Time":"2026-09-17T15:24:21.689237601+03:00","Action":"run","Package":"github.com/PRO-Robotech/kacho/internal/repohygiene","Test":"TestSubscriptionShapePerimeterCanFail/объявлен_глагол_—_находка"}
{"Time":"2026-09-17T15:24:21.689247199+03:00","Action":"output","Package":"github.com/PRO-Robotech/kacho/internal/repohygiene","Test":"TestSubscriptionShapePerimeterCanFail/объявлен_глагол_—_находка","Output":"=== RUN   TestSubscriptionShapePerimeterCanFail/объявлен_глагол_—_находка\n"}
{"Time":"2026-09-17T15:24:21.689288848+03:00","Action":"run","Package":"github.com/PRO-Robotech/kacho/internal/repohygiene","Test":"TestSubscriptionShapeAxisLedgerCanFail/поле_вне_перечня_—_краснеет_и_называет_ПОЛЕ"}
{"Time":"2026-09-17T15:24:21.689294218+03:00","Action":"output","Package":"github.com/PRO-Robotech/kacho/internal/repohygiene","Test":"TestSubscriptionShapeAxisLedgerCanFail/поле_вне_перечня_—_краснеет_и_называет_ПОЛЕ","Output":"=== RUN   TestSubscriptionShapeAxisLedgerCanFail/поле_вне_перечня_—_краснеет_и_называет_ПОЛЕ\n"}
{"Time":"2026-09-17T15:24:21.689312382+03:00","Action":"output","Package":"github.com/PRO-Robotech/kacho/internal/repohygiene","Test":"TestGRPCMountParity_EmptySubjectIsAnError","Output":"--- PASS: TestGRPCMountParity_EmptySubjectIsAnError (0.00s)\n"}
{"Time":"2026-09-17T15:24:21.689317141+03:00","Action":"pass","Package":"github.com/PRO-Robotech/kacho/internal/repohygiene","Test":"TestGRPCMountParity_EmptySubjectIsAnError","Elapsed":0}
{"Time":"2026-09-17T15:24:21.689320838+03:00","Action":"cont","Package":"github.com/PRO-Robotech/kacho/internal/repohygiene","Test":"TestCatalogReachability_EmptyCatalogIsAnError"}
{"Time":"2026-09-17T15:24:21.689324705+03:00","Action":"output","Package":"github.com/PRO-Robotech/kacho/internal/repohygiene","Test":"TestCatalogReachability_EmptyCatalogIsAnError","Output":"=== CONT  TestCatalogReachability_EmptyCatalogIsAnError\n"}
{"Time":"2026-09-17T15:24:21.689387984+03:00","Action":"output","Package":"github.com/PRO-Robotech/kacho/internal/repohygiene","Test":"TestSubscriptionShapeStopReasonCanFail/причина_остановки_полем_события_—_находка","Output":"--- PASS: TestSubscriptionShapeStopReasonCanFail/причина_остановки_полем_события_—_находка (0.00s)\n"}
{"Time":"2026-09-17T15:24:21.689399025+03:00","Action":"pass","Package":"github.com/PRO-Robotech/kacho/internal/repohygiene","Test":"TestSubscriptionShapeStopReasonCanFail/причина_остановки_полем_события_—_находка","Elapsed":0}
{"Time":"2026-09-17T15:24:21.689406889+03:00","Action":"run","Package":"github.com/PRO-Robotech/kacho/internal/repohygiene","Test":"TestSubscriptionShapeStopReasonCanFail/то_же_имя_ВНУТРИ_вложенного_сообщения_—_молчание"}
{"Time":"2026-09-17T15:24:21.689410767+03:00","Action":"output","Package":"github.com/PRO-Robotech/kacho/internal/repohygiene","Test":"TestSubscriptionShapeStopReasonCanFail/то_же_имя_ВНУТРИ_вложенного_сообщения_—_молчание","Output":"=== RUN   TestSubscriptionShapeStopReasonCanFail/то_же_имя_ВНУТРИ_вложенного_сообщения_—_молчание\n"}
{"Time":"2026-09-17T15:24:21.689896309+03:00","Action":"output","Package":"github.com/PRO-Robotech/kacho/internal/repohygiene","Test":"TestSubscriptionShapeCarrierCanFail/носитель_не_ветвление_—_находка","Output":"--- PASS: TestSubscriptionShapeCarrierCanFail/носитель_не_ветвление_—_находка (0.00s)\n"}
{"Time":"2026-09-17T15:24:21.689910916+03:00","Action":"pass","Package":"github.com/PRO-Robotech/kacho/internal/repohygiene","Test":"TestSubscriptionShapeCarrierCanFail/носитель_не_ветвление_—_находка","Elapsed":0}
{"Time":"2026-09-17T15:24:21.689915705+03:00","Action":"output","Package":"github.com/PRO-Robotech/kacho/internal/repohygiene","Test":"TestSubscriptionShapeUnsetOutcomeCanFail/исход_не_назван_—_находка","Output":"--- PASS: TestSubscriptionShapeUnsetOutcomeCanFail/исход_не_назван_—_находка (0.00s)\n"}
{"Time":"2026-09-17T15:24:21.689951633+03:00","Action":"pass","Package":"github.com/PRO-Robotech/kacho/internal/repohygiene","Test":"TestSubscriptionShapeUnsetOutcomeCanFail/исход_не_назван_—_находка","Elapsed":0}
{"Time":"2026-09-17T15:24:21.689957925+03:00","Action":"run","Package":"github.com/PRO-Robotech/kacho/internal/repohygiene","Test":"TestGRPCMountParity_AStaleAllowIsItselfAFinding/сервис_смонтирован"}
{"Time":"2026-09-17T15:24:21.689961712+03:00","Action":"output","Package":"github.com/PRO-Robotech/kacho/internal/repohygiene","Test":"TestGRPCMountParity_AStaleAllowIsItselfAFinding/сервис_смонтирован","Output":"=== RUN   TestGRPCMountParity_AStaleAllowIsItselfAFinding/сервис_смонтирован\n"}
{"Time":"2026-09-17T15:24:21.689968484+03:00","Action":"run","Package":"github.com/PRO-Robotech/kacho/internal/repohygiene","Test":"TestSubscriptionShapeOwnerVocabularyCanFail/словарь_закрыт_контрактом_—_находка"}
{"Time":"2026-09-17T15:24:21.689972522+03:00","Action":"output","Package":"github.com/PRO-Robotech/kacho/internal/repohygiene","Test":"TestSubscriptionShapeOwnerVocabularyCanFail/словарь_закрыт_контрактом_—_находка","Output":"=== RUN   TestSubscriptionShapeOwnerVocabularyCanFail/словарь_закрыт_контрактом_—_находка\n"}
{"Time":"2026-09-17T15:24:21.690043756+03:00","Action":"run","Package":"github.com/PRO-Robotech/kacho/internal/repohygiene","Test":"TestSubscriptionShapeHorizonCanFail/поля_горизонта_нет_—_находка"}
{"Time":"2026-09-17T15:24:21.690049977+03:00","Action":"output","Package":"github.com/PRO-Robotech/kacho/internal/repohygiene","Test":"TestSubscriptionShapeHorizonCanFail/поля_горизонта_нет_—_находка","Output":"=== RUN   TestSubscriptionShapeHorizonCanFail/поля_горизонта_нет_—_находка\n"}
{"Time":"2026-09-17T15:24:21.690113477+03:00","Action":"output","Package":"github.com/PRO-Robotech/kacho/internal/repohygiene","Test":"TestSubscriptionShapeReasonContract/CI-DT-05-lawful","Output":"    subscriptionreason_test.go:19: перепись: proto/corelib/subscription/subscription.proto — строк 69, типов 5 (верхнего уровня 4), полей 17 (осей 3), значений перечислений 3; утверждений проверено 44; находок 0\n"}
{"Time":"2026-09-17T15:24:21.690167518+03:00","Action":"output","Package":"github.com/PRO-Robotech/kacho/internal/repohygiene","Test":"TestSubscriptionShapeCategoryMarkCanFail/признак_не_проставлен_—_краснеет_с_координатой","Output":"--- PASS: TestSubscriptionShapeCategoryMarkCanFail/признак_не_проставлен_—_краснеет_с_координатой (0.00s)\n"}
{"Time":"2026-09-17T15:24:21.690180433+03:00","Action":"pass","Package":"github.com/PRO-Robotech/kacho/internal/repohygiene","Test":"TestSubscriptionShapeCategoryMarkCanFail/признак_не_проставлен_—_краснеет_с_координатой","Elapsed":0}
{"Time":"2026-09-17T15:24:21.690184841+03:00","Action":"run","Package":"github.com/PRO-Robotech/kacho/internal/repohygiene","Test":"TestSubscriptionShapeAbsentAxisCanFail/объявленная_отсутствующей_ось_ЗАВЕДЕНА_—_находка"}
{"Time":"2026-09-17T15:24:21.690188878+03:00","Action":"output","Package":"github.com/PRO-Robotech/kacho/internal/repohygiene","Test":"TestSubscriptionShapeAbsentAxisCanFail/объявленная_отсутствующей_ось_ЗАВЕДЕНА_—_находка","Output":"=== RUN   TestSubscriptionShapeAbsentAxisCanFail/объявленная_отсутствующей_ось_ЗАВЕДЕНА_—_находка\n"}
{"Time":"2026-09-17T15:24:21.690349711+03:00","Action":"output","Package":"github.com/PRO-Robotech/kacho/internal/repohygiene","Test":"TestGRPCMountParity_AnAllowForAnUnownedPackageIsOutOfSubject/запись_про_сервис_невладеемого_пакета_—_молчание_и_перепись","Output":"--- PASS: TestGRPCMountParity_AnAllowForAnUnownedPackageIsOutOfSubject/запись_про_сервис_невладеемого_пакета_—_молчание_и_перепись (0.00s)\n"}
{"Time":"2026-09-17T15:24:21.690383875+03:00","Action":"pass","Package":"github.com/PRO-Robotech/kacho/internal/repohygiene","Test":"TestGRPCMountParity_AnAllowForAnUnownedPackageIsOutOfSubject/запись_про_сервис_невладеемого_пакета_—_молчание_и_перепись","Elapsed":0}
{"Time":"2026-09-17T15:24:21.690406487+03:00","Action":"run","Package":"github.com/PRO-Robotech/kacho/internal/repohygiene","Test":"TestSubscriptionShapeRefusesAnEmptyRead/файл_есть,_объявлений_нет"}
{"Time":"2026-09-17T15:24:21.690411867+03:00","Action":"output","Package":"github.com/PRO-Robotech/kacho/internal/repohygiene","Test":"TestSubscriptionShapeRefusesAnEmptyRead/файл_есть,_объявлений_нет","Output":"=== RUN   TestSubscriptionShapeRefusesAnEmptyRead/файл_есть,_объявлений_нет\n"}
{"Time":"2026-09-17T15:24:21.690438067+03:00","Action":"output","Package":"github.com/PRO-Robotech/kacho/internal/repohygiene","Test":"TestSubscriptionShapeStandIsCleanBeforeInjection","Output":"--- PASS: TestSubscriptionShapeStandIsCleanBeforeInjection (0.00s)\n"}
{"Time":"2026-09-17T15:24:21.690446322+03:00","Action":"pass","Package":"github.com/PRO-Robotech/kacho/internal/repohygiene","Test":"TestSubscriptionShapeStandIsCleanBeforeInjection","Elapsed":0}
{"Time":"2026-09-17T15:24:21.690456962+03:00","Action":"output","Package":"github.com/PRO-Robotech/kacho/internal/repohygiene","Test":"TestSubscriptionShapeMissingMessageCanFail/служебного_сообщения_нет_—_находка","Output":"    subscriptionformshape_injection_test.go:730: missing-message proto/corelib/subscription/subscription.proto — форма обязана объявлять сообщение SubscriptionOpened, а его в контракте нет: часть утверждений ниже проверить не на чем\n"}
{"Time":"2026-09-17T15:24:21.690473433+03:00","Action":"run","Package":"github.com/PRO-Robotech/kacho/internal/repohygiene","Test":"TestSubscriptionShapeCarrierCanFail/ветвей_три_—_находка"}
{"Time":"2026-09-17T15:24:21.690477441+03:00","Action":"output","Package":"github.com/PRO-Robotech/kacho/internal/repohygiene","Test":"TestSubscriptionShapeCarrierCanFail/ветвей_три_—_находка","Output":"=== RUN   TestSubscriptionShapeCarrierCanFail/ветвей_три_—_находка\n"}
{"Time":"2026-09-17T15:24:21.690509992+03:00","Action":"output","Package":"github.com/PRO-Robotech/kacho/internal/repohygiene","Test":"TestSubscriptionShapeStopReasonCanFail/то_же_имя_ВНУТРИ_вложенного_сообщения_—_молчание","Output":"    subscriptionformshape_injection_test.go:561: перепись: proto/corelib/subscription/subscription.proto — строк 71, типов 5 (верхнего уровня 4), полей 18 (осей 3), значений перечислений 3; утверждений проверено 44; находок 0\n"}
{"Time":"2026-09-17T15:24:21.690519389+03:00","Action":"output","Package":"github.com/PRO-Robotech/kacho/internal/repohygiene","Test":"TestCatalogReachability_MethodsAreNotBorrowedBetweenDescriptors","Output":"--- PASS: TestCatalogReachability_MethodsAreNotBorrowedBetweenDescriptors (0.00s)\n"}
{"Time":"2026-09-17T15:24:21.690526653+03:00","Action":"pass","Package":"github.com/PRO-Robotech/kacho/internal/repohygiene","Test":"TestCatalogReachability_MethodsAreNotBorrowedBetweenDescriptors","Elapsed":0}
{"Time":"2026-09-17T15:24:21.69053553+03:00","Action":"output","Package":"github.com/PRO-Robotech/kacho/internal/repohygiene","Test":"TestCatalogReachability_RedOnAnUnmountedService","Output":"--- PASS: TestCatalogReachability_RedOnAnUnmountedService (0.00s)\n"}
{"Time":"2026-09-17T15:24:21.690540249+03:00","Action":"pass","Package":"github.com/PRO-Robotech/kacho/internal/repohygiene","Test":"TestCatalogReachability_RedOnAnUnmountedService","Elapsed":0}
{"Time":"2026-09-17T15:24:21.690544587+03:00","Action":"output","Package":"github.com/PRO-Robotech/kacho/internal/repohygiene","Test":"TestSubscriptionShapeAxisLedgerCanFail/поле_вне_перечня_—_краснеет_и_называет_ПОЛЕ","Output":"    subscriptionformshape_injection_test.go:266: перепись: proto/corelib/subscription/subscription.proto — строк 72, типов 5 (верхнего уровня 4), полей 18 (осей 3), значений перечислений 3; утверждений проверено 45; находок 1\n"}
{"Time":"2026-09-17T15:24:21.690557641+03:00","Action":"output","Package":"github.com/PRO-Robotech/kacho/internal/repohygiene","Test":"TestSubscriptionShapeReasonContract/CI-DT-05-lawful","Output":"    subscriptionreason_test.go:20: законная форма:\n"}
{"Time":"2026-09-17T15:24:21.690563011+03:00","Action":"output","Package":"github.com/PRO-Robotech/kacho/internal/repohygiene","Test":"TestSubscriptionShapeReasonContract/CI-DT-05-lawful","Output":"        syntax = \"proto3\";\n"}
{"Time":"2026-09-17T15:24:21.690570756+03:00","Action":"output","Package":"github.com/PRO-Robotech/kacho/internal/repohygiene","Test":"TestSubscriptionShapeAxisLedgerCanFail/поле_вне_перечня_—_краснеет_и_называет_ПОЛЕ","Output":"    subscriptionformshape_injection_test.go:271: field-outside-the-ledger proto/corelib/subscription/subscription.proto:30 — поле `label_selector` запроса подписки не значится в закрытом перечне. Ось заводится не злым умыслом — «для удобства», — и следующий заведёт вторую. Перечень закрыт: добавь поле ВМЕСТЕ с записью, называющей роль и причину, и решение станет видимым на обзоре\n"}
{"Time":"2026-09-17T15:24:21.690614157+03:00","Action":"output","Package":"github.com/PRO-Robotech/kacho/internal/repohygiene","Test":"TestSubscriptionShapePerimeterCanFail/объявлен_глагол_—_находка","Output":"    subscriptionformshape_injection_test.go:572: перепись: proto/corelib/subscription/subscription.proto — строк 71, типов 5 (верхнего уровня 4), полей 17 (осей 3), значений перечислений 3; утверждений проверено 44; находок 1\n"}
{"Time":"2026-09-17T15:24:21.690622523+03:00","Action":"run","Package":"github.com/PRO-Robotech/kacho/internal/repohygiene","Test":"TestGRPCMountParity_AnAllowForAnUnownedPackageIsOutOfSubject/та_же_запись_СТАНОВИТСЯ_находкой,_как_только_пакетом_начинают_владеть"}
{"Time":"2026-09-17T15:24:21.690627112+03:00","Action":"output","Package":"github.com/PRO-Robotech/kacho/internal/repohygiene","Test":"TestGRPCMountParity_AnAllowForAnUnownedPackageIsOutOfSubject/та_же_запись_СТАНОВИТСЯ_находкой,_как_только_пакетом_начинают_владеть","Output":"=== RUN   TestGRPCMountParity_AnAllowForAnUnownedPackageIsOutOfSubject/та_же_запись_СТАНОВИТСЯ_находкой,_как_только_пакетом_начинают_владеть\n"}
{"Time":"2026-09-17T15:24:21.690640287+03:00","Action":"output","Package":"github.com/PRO-Robotech/kacho/internal/repohygiene","Test":"TestGRPCMountParity_AStaleAllowIsItselfAFinding/сервис_смонтирован","Output":"--- PASS: TestGRPCMountParity_AStaleAllowIsItselfAFinding/сервис_смонтирован (0.00s)\n"}
{"Time":"2026-09-17T15:24:21.690646418+03:00","Action":"pass","Package":"github.com/PRO-Robotech/kacho/internal/repohygiene","Test":"TestGRPCMountParity_AStaleAllowIsItselfAFinding/сервис_смонтирован","Elapsed":0}
{"Time":"2026-09-17T15:24:21.69065251+03:00","Action":"run","Package":"github.com/PRO-Robotech/kacho/internal/repohygiene","Test":"TestGRPCMountParity_AStaleAllowIsItselfAFinding/сервиса_нет_в_контракте"}
{"Time":"2026-09-17T15:24:21.690656347+03:00","Action":"output","Package":"github.com/PRO-Robotech/kacho/internal/repohygiene","Test":"TestGRPCMountParity_AStaleAllowIsItselfAFinding/сервиса_нет_в_контракте","Output":"=== RUN   TestGRPCMountParity_AStaleAllowIsItselfAFinding/сервиса_нет_в_контракте\n"}
{"Time":"2026-09-17T15:24:21.690762807+03:00","Action":"output","Package":"github.com/PRO-Robotech/kacho/internal/repohygiene","Test":"TestSubscriptionShapeReasonContract/CI-DT-05-lawful","Output":"        \n"}
{"Time":"2026-09-17T15:24:21.690806319+03:00","Action":"output","Package":"github.com/PRO-Robotech/kacho/internal/repohygiene","Test":"TestSubscriptionShapeReasonContract/CI-DT-05-lawful","Output":"        package corelib.subscription;\n"}
{"Time":"2026-09-17T15:24:21.690834461+03:00","Action":"output","Package":"github.com/PRO-Robotech/kacho/internal/repohygiene","Test":"TestSubscriptionShapeReasonContract/CI-DT-05-lawful","Output":"        \n"}
{"Time":"2026-09-17T15:24:21.690841545+03:00","Action":"output","Package":"github.com/PRO-Robotech/kacho/internal/repohygiene","Test":"TestSubscriptionShapeReasonContract/CI-DT-05-lawful","Output":"        import \"google/protobuf/any.proto\";\n"}
{"Time":"2026-09-17T15:24:21.690846033+03:00","Action":"output","Package":"github.com/PRO-Robotech/kacho/internal/repohygiene","Test":"TestSubscriptionShapeReasonContract/CI-DT-05-lawful","Output":"        \n"}
{"Time":"2026-09-17T15:24:21.690850191+03:00","Action":"output","Package":"github.com/PRO-Robotech/kacho/internal/repohygiene","Test":"TestSubscriptionShapeReasonContract/CI-DT-05-lawful","Output":"        // SubscriptionAnchor — якорь начала.\n"}
{"Time":"2026-09-17T15:24:21.69085479+03:00","Action":"output","Package":"github.com/PRO-Robotech/kacho/internal/repohygiene","Test":"TestSubscriptionShapeReasonContract/CI-DT-05-lawful","Output":"        enum SubscriptionAnchor {\n"}
{"Time":"2026-09-17T15:24:21.690858877+03:00","Action":"output","Package":"github.com/PRO-Robotech/kacho/internal/repohygiene","Test":"TestSubscriptionShapeReasonContract/CI-DT-05-lawful","Output":"          SUBSCRIPTION_ANCHOR_UNSPECIFIED = 0;\n"}
{"Time":"2026-09-17T15:24:21.69086574+03:00","Action":"output","Package":"github.com/PRO-Robotech/kacho/internal/repohygiene","Test":"TestCatalogReachability_SilentOnAServedMethod","Output":"--- PASS: TestCatalogReachability_SilentOnAServedMethod (0.00s)\n"}
{"Time":"2026-09-17T15:24:21.690869788+03:00","Action":"pass","Package":"github.com/PRO-Robotech/kacho/internal/repohygiene","Test":"TestCatalogReachability_SilentOnAServedMethod","Elapsed":0}
{"Time":"2026-09-17T15:24:21.69087628+03:00","Action":"output","Package":"github.com/PRO-Robotech/kacho/internal/repohygiene","Test":"TestCatalogReachability_RedOnAServiceTheContractDoesNotHave","Output":"--- PASS: TestCatalogReachability_RedOnAServiceTheContractDoesNotHave (0.00s)\n"}
{"Time":"2026-09-17T15:24:21.690883494+03:00","Action":"pass","Package":"github.com/PRO-Robotech/kacho/internal/repohygiene","Test":"TestCatalogReachability_RedOnAServiceTheContractDoesNotHave","Elapsed":0}
{"Time":"2026-09-17T15:24:21.690887471+03:00","Action":"output","Package":"github.com/PRO-Robotech/kacho/internal/repohygiene","Test":"TestSubscriptionShapeMissingMessageCanFail/служебного_сообщения_нет_—_находка","Output":"--- PASS: TestSubscriptionShapeMissingMessageCanFail/служебного_сообщения_нет_—_находка (0.00s)\n"}
{"Time":"2026-09-17T15:24:21.690892511+03:00","Action":"pass","Package":"github.com/PRO-Robotech/kacho/internal/repohygiene","Test":"TestSubscriptionShapeMissingMessageCanFail/служебного_сообщения_нет_—_находка","Elapsed":0}
{"Time":"2026-09-17T15:24:21.690896849+03:00","Action":"output","Package":"github.com/PRO-Robotech/kacho/internal/repohygiene","Test":"TestSubscriptionShapeReasonContract/CI-DT-05-lawful","Output":"          BEGINNING = 1;\n"}
{"Time":"2026-09-17T15:24:21.690900215+03:00","Action":"output","Package":"github.com/PRO-Robotech/kacho/internal/repohygiene","Test":"TestSubscriptionShapeReasonContract/CI-DT-05-lawful","Output":"          CURRENT_END = 2;\n"}
{"Time":"2026-09-17T15:24:21.690903972+03:00","Action":"output","Package":"github.com/PRO-Robotech/kacho/internal/repohygiene","Test":"TestSubscriptionShapeReasonContract/CI-DT-05-lawful","Output":"        }\n"}
{"Time":"2026-09-17T15:24:21.690907449+03:00","Action":"output","Package":"github.com/PRO-Robotech/kacho/internal/repohygiene","Test":"TestSubscriptionShapeReasonContract/CI-DT-05-lawful","Output":"        \n"}
{"Time":"2026-09-17T15:24:21.690910384+03:00","Action":"output","Package":"github.com/PRO-Robotech/kacho/internal/repohygiene","Test":"TestSubscriptionShapeReasonContract/CI-DT-05-lawful","Output":"        // SubscriptionRequest — запрос подписки.\n"}
{"Time":"2026-09-17T15:24:21.690913821+03:00","Action":"output","Package":"github.com/PRO-Robotech/kacho/internal/repohygiene","Test":"TestSubscriptionShapeReasonContract/CI-DT-05-lawful","Output":"        //\n"}
{"Time":"2026-09-17T15:24:21.690917037+03:00","Action":"output","Package":"github.com/PRO-Robotech/kacho/internal/repohygiene","Test":"TestSubscriptionShapeReasonContract/CI-DT-05-lawful","Output":"        // ИМЯ сюда не берётся: оно мутабельно, и подписка по нему молча перестанет\n"}
{"Time":"2026-09-17T15:24:21.690930933+03:00","Action":"run","Package":"github.com/PRO-Robotech/kacho/internal/repohygiene","Test":"TestSubscriptionShapeMissingMessageCanFail/все_три_сообщения_на_месте,_порядок_другой_—_молчание"}
{"Time":"2026-09-17T15:24:21.690935271+03:00","Action":"output","Package":"github.com/PRO-Robotech/kacho/internal/repohygiene","Test":"TestSubscriptionShapeMissingMessageCanFail/все_три_сообщения_на_месте,_порядок_другой_—_молчание","Output":"=== RUN   TestSubscriptionShapeMissingMessageCanFail/все_три_сообщения_на_месте,_порядок_другой_—_молчание\n"}
{"Time":"2026-09-17T15:24:21.690942955+03:00","Action":"output","Package":"github.com/PRO-Robotech/kacho/internal/repohygiene","Test":"TestSubscriptionShapeAxisLedgerCanFail/поле_вне_перечня_—_краснеет_и_называет_ПОЛЕ","Output":"--- PASS: TestSubscriptionShapeAxisLedgerCanFail/поле_вне_перечня_—_краснеет_и_называет_ПОЛЕ (0.00s)\n"}
{"Time":"2026-09-17T15:24:21.690948355+03:00","Action":"pass","Package":"github.com/PRO-Robotech/kacho/internal/repohygiene","Test":"TestSubscriptionShapeAxisLedgerCanFail/поле_вне_перечня_—_краснеет_и_называет_ПОЛЕ","Elapsed":0}
{"Time":"2026-09-17T15:24:21.690963604+03:00","Action":"output","Package":"github.com/PRO-Robotech/kacho/internal/repohygiene","Test":"TestSubscriptionShapeAnchorCanFail/якоря_в_оболочке_нет_—_находка","Output":"    subscriptionformshape_injection_test.go:485: перепись: proto/corelib/subscription/subscription.proto — строк 68, типов 5 (верхнего уровня 4), полей 16 (осей 3), значений перечислений 3; утверждений проверено 44; находок 1\n"}
{"Time":"2026-09-17T15:24:21.690971068+03:00","Action":"run","Package":"github.com/PRO-Robotech/kacho/internal/repohygiene","Test":"TestSubscriptionShapeAxisLedgerCanFail/поле,_добавленное_ВМЕСТЕ_с_записью,_—_молчание"}
{"Time":"2026-09-17T15:24:21.690975006+03:00","Action":"output","Package":"github.com/PRO-Robotech/kacho/internal/repohygiene","Test":"TestSubscriptionShapeAxisLedgerCanFail/поле,_добавленное_ВМЕСТЕ_с_записью,_—_молчание","Output":"=== RUN   TestSubscriptionShapeAxisLedgerCanFail/поле,_добавленное_ВМЕСТЕ_с_записью,_—_молчание\n"}
{"Time":"2026-09-17T15:24:21.690981388+03:00","Action":"output","Package":"github.com/PRO-Robotech/kacho/internal/repohygiene","Test":"TestSubscriptionShapeStopReasonCanFail/то_же_имя_ВНУТРИ_вложенного_сообщения_—_молчание","Output":"--- PASS: TestSubscriptionShapeStopReasonCanFail/то_же_имя_ВНУТРИ_вложенного_сообщения_—_молчание (0.00s)\n"}
{"Time":"2026-09-17T15:24:21.690986858+03:00","Action":"pass","Package":"github.com/PRO-Robotech/kacho/internal/repohygiene","Test":"TestSubscriptionShapeStopReasonCanFail/то_же_имя_ВНУТРИ_вложенного_сообщения_—_молчание","Elapsed":0}
{"Time":"2026-09-17T15:24:21.690992849+03:00","Action":"output","Package":"github.com/PRO-Robotech/kacho/internal/repohygiene","Test":"TestSubscriptionShapeStopReasonCanFail","Output":"--- PASS: TestSubscriptionShapeStopReasonCanFail (0.00s)\n"}
{"Time":"2026-09-17T15:24:21.690996897+03:00","Action":"pass","Package":"github.com/PRO-Robotech/kacho/internal/repohygiene","Test":"TestSubscriptionShapeStopReasonCanFail","Elapsed":0}
{"Time":"2026-09-17T15:24:21.690999982+03:00","Action":"run","Package":"github.com/PRO-Robotech/kacho/internal/repohygiene","Test":"TestSubscriptionShapeCategoryMarkCanFail/признак_переизложен_—_молчание"}
{"Time":"2026-09-17T15:24:21.691004721+03:00","Action":"output","Package":"github.com/PRO-Robotech/kacho/internal/repohygiene","Test":"TestSubscriptionShapeCategoryMarkCanFail/признак_переизложен_—_молчание","Output":"=== RUN   TestSubscriptionShapeCategoryMarkCanFail/признак_переизложен_—_молчание\n"}
{"Time":"2026-09-17T15:24:21.691010322+03:00","Action":"output","Package":"github.com/PRO-Robotech/kacho/internal/repohygiene","Test":"TestSubscriptionShapePerimeterCanFail/объявлен_глагол_—_находка","Output":"--- PASS: TestSubscriptionShapePerimeterCanFail/объявлен_глагол_—_находка (0.00s)\n"}
{"Time":"2026-09-17T15:24:21.691015171+03:00","Action":"pass","Package":"github.com/PRO-Robotech/kacho/internal/repohygiene","Test":"TestSubscriptionShapePerimeterCanFail/объявлен_глагол_—_находка","Elapsed":0}
{"Time":"2026-09-17T15:24:21.691020461+03:00","Action":"output","Package":"github.com/PRO-Robotech/kacho/internal/repohygiene","Test":"TestSubscriptionShapeOwnerVocabularyCanFail/словарь_закрыт_контрактом_—_находка","Output":"    subscriptionformshape_injection_test.go:612: перепись: proto/corelib/subscription/subscription.proto — строк 75, типов 6 (верхнего уровня 5), полей 17 (осей 3), значений перечислений 5; утверждений проверено 44; находок 1\n"}
{"Time":"2026-09-17T15:24:21.691028837+03:00","Action":"run","Package":"github.com/PRO-Robotech/kacho/internal/repohygiene","Test":"TestSubscriptionShapePerimeterCanFail/слова_`service`_и_`rpc`_В_ПРОЗЕ_—_молчание"}
{"Time":"2026-09-17T15:24:21.691033055+03:00","Action":"output","Package":"github.com/PRO-Robotech/kacho/internal/repohygiene","Test":"TestSubscriptionShapePerimeterCanFail/слова_`service`_и_`rpc`_В_ПРОЗЕ_—_молчание","Output":"=== RUN   TestSubscriptionShapePerimeterCanFail/слова_`service`_и_`rpc`_В_ПРОЗЕ_—_молчание\n"}
{"Time":"2026-09-17T15:24:21.691040449+03:00","Action":"output","Package":"github.com/PRO-Robotech/kacho/internal/repohygiene","Test":"TestSubscriptionShapeAbsentAxisCanFail/объявленная_отсутствующей_ось_ЗАВЕДЕНА_—_находка","Output":"    subscriptionformshape_injection_test.go:353: перепись: proto/corelib/subscription/subscription.proto — строк 72, типов 5 (верхнего уровня 4), полей 18 (осей 4), значений перечислений 3; утверждений проверено 47; находок 1\n"}
{"Time":"2026-09-17T15:24:21.691103056+03:00","Action":"output","Package":"github.com/PRO-Robotech/kacho/internal/repohygiene","Test":"TestSubscriptionShapeCarrierCanFail/ветвей_три_—_находка","Output":"    subscriptionformshape_injection_test.go:438: перепись: proto/corelib/subscription/subscription.proto — строк 70, типов 5 (верхнего уровня 4), полей 18 (осей 3), значений перечислений 3; утверждений проверено 44; находок 1\n"}
{"Time":"2026-09-17T15:24:21.691150235+03:00","Action":"output","Package":"github.com/PRO-Robotech/kacho/internal/repohygiene","Test":"TestGRPCMountParity_AStaleAllowIsItselfAFinding/сервиса_нет_в_контракте","Output":"--- PASS: TestGRPCMountParity_AStaleAllowIsItselfAFinding/сервиса_нет_в_контракте (0.00s)\n"}
{"Time":"2026-09-17T15:24:21.691178648+03:00","Action":"pass","Package":"github.com/PRO-Robotech/kacho/internal/repohygiene","Test":"TestGRPCMountParity_AStaleAllowIsItselfAFinding/сервиса_нет_в_контракте","Elapsed":0}
{"Time":"2026-09-17T15:24:21.691207332+03:00","Action":"output","Package":"github.com/PRO-Robotech/kacho/internal/repohygiene","Test":"TestSubscriptionShapeRefusesAnEmptyRead/файл_есть,_объявлений_нет","Output":"--- PASS: TestSubscriptionShapeRefusesAnEmptyRead/файл_есть,_объявлений_нет (0.00s)\n"}
{"Time":"2026-09-17T15:24:21.691214806+03:00","Action":"pass","Package":"github.com/PRO-Robotech/kacho/internal/repohygiene","Test":"TestSubscriptionShapeRefusesAnEmptyRead/файл_есть,_объявлений_нет","Elapsed":0}
{"Time":"2026-09-17T15:24:21.691219785+03:00","Action":"run","Package":"github.com/PRO-Robotech/kacho/internal/repohygiene","Test":"TestSubscriptionShapeRefusesAnEmptyRead/судится_не_тот_файл"}
{"Time":"2026-09-17T15:24:21.691223392+03:00","Action":"output","Package":"github.com/PRO-Robotech/kacho/internal/repohygiene","Test":"TestSubscriptionShapeRefusesAnEmptyRead/судится_не_тот_файл","Output":"=== RUN   TestSubscriptionShapeRefusesAnEmptyRead/судится_не_тот_файл\n"}
{"Time":"2026-09-17T15:24:21.691350752+03:00","Action":"output","Package":"github.com/PRO-Robotech/kacho/internal/repohygiene","Test":"TestCatalogReachability_EmptyCatalogIsAnError","Output":"--- PASS: TestCatalogReachability_EmptyCatalogIsAnError (0.00s)\n"}
{"Time":"2026-09-17T15:24:21.691363916+03:00","Action":"pass","Package":"github.com/PRO-Robotech/kacho/internal/repohygiene","Test":"TestCatalogReachability_EmptyCatalogIsAnError","Elapsed":0}
{"Time":"2026-09-17T15:24:21.691369196+03:00","Action":"output","Package":"github.com/PRO-Robotech/kacho/internal/repohygiene","Test":"TestSubscriptionShapeReasonContract/CI-DT-05-lawful","Output":"        // совпадать. МЕТКИ сюда не берутся: они мутабельны, и выход из выборки\n"}
{"Time":"2026-09-17T15:24:21.691374326+03:00","Action":"output","Package":"github.com/PRO-Robotech/kacho/internal/repohygiene","Test":"TestSubscriptionShapeReasonContract/CI-DT-05-lawful","Output":"        // неотличим от удаления.\n"}
{"Time":"2026-09-17T15:24:21.691378804+03:00","Action":"output","Package":"github.com/PRO-Robotech/kacho/internal/repohygiene","Test":"TestSubscriptionShapeReasonContract/CI-DT-05-lawful","Output":"        message SubscriptionRequest {\n"}
{"Time":"2026-09-17T15:24:21.691382932+03:00","Action":"output","Package":"github.com/PRO-Robotech/kacho/internal/repohygiene","Test":"TestSubscriptionShapeReasonContract/CI-DT-05-lawful","Output":"          // kinds — виды предметов. Категория: УДОБСТВА.\n"}
{"Time":"2026-09-17T15:24:21.691389594+03:00","Action":"output","Package":"github.com/PRO-Robotech/kacho/internal/repohygiene","Test":"TestSubscriptionShapeReasonContract/CI-DT-05-lawful","Output":"          repeated string kinds = 1;\n"}
{"Time":"2026-09-17T15:24:21.691393342+03:00","Action":"output","Package":"github.com/PRO-Robotech/kacho/internal/repohygiene","Test":"TestSubscriptionShapeReasonContract/CI-DT-05-lawful","Output":"        \n"}
{"Time":"2026-09-17T15:24:21.691398812+03:00","Action":"output","Package":"github.com/PRO-Robotech/kacho/internal/repohygiene","Test":"TestSubscriptionShapeReasonContract/CI-DT-05-lawful","Output":"          // project_id — проект. Категория: ЯКОРНАЯ.\n"}
{"Time":"2026-09-17T15:24:21.691403781+03:00","Action":"output","Package":"github.com/PRO-Robotech/kacho/internal/repohygiene","Test":"TestSubscriptionShapeReasonContract/CI-DT-05-lawful","Output":"          string project_id = 2;\n"}
{"Time":"2026-09-17T15:24:21.691407298+03:00","Action":"output","Package":"github.com/PRO-Robotech/kacho/internal/repohygiene","Test":"TestSubscriptionShapeReasonContract/CI-DT-05-lawful","Output":"        \n"}
{"Time":"2026-09-17T15:24:21.691411185+03:00","Action":"output","Package":"github.com/PRO-Robotech/kacho/internal/repohygiene","Test":"TestSubscriptionShapeReasonContract/CI-DT-05-lawful","Output":"          // ids — идентификаторы. Категория: УДОБСТВА.\n"}
{"Time":"2026-09-17T15:24:21.691415082+03:00","Action":"output","Package":"github.com/PRO-Robotech/kacho/internal/repohygiene","Test":"TestSubscriptionShapeReasonContract/CI-DT-05-lawful","Output":"          repeated string ids = 3;\n"}
{"Time":"2026-09-17T15:24:21.691417407+03:00","Action":"output","Package":"github.com/PRO-Robotech/kacho/internal/repohygiene","Test":"TestSubscriptionShapeReasonContract/CI-DT-05-lawful","Output":"          // start — с какого места отдавать.\n"}
{"Time":"2026-09-17T15:24:21.691422266+03:00","Action":"output","Package":"github.com/PRO-Robotech/kacho/internal/repohygiene","Test":"TestSubscriptionShapeReasonContract/CI-DT-05-lawful","Output":"          //\n"}
{"Time":"2026-09-17T15:24:21.6914246+03:00","Action":"output","Package":"github.com/PRO-Robotech/kacho/internal/repohygiene","Test":"TestSubscriptionShapeReasonContract/CI-DT-05-lawful","Output":"          // ИСХОД НЕЗАДАННОГО НАЗВАН: start не задан означает ровно CURRENT_END.\n"}
{"Time":"2026-09-17T15:24:21.691427375+03:00","Action":"output","Package":"github.com/PRO-Robotech/kacho/internal/repohygiene","Test":"TestSubscriptionShapeReasonContract/CI-DT-05-lawful","Output":"          oneof start {\n"}
{"Time":"2026-09-17T15:24:21.69142966+03:00","Action":"output","Package":"github.com/PRO-Robotech/kacho/internal/repohygiene","Test":"TestSubscriptionShapeReasonContract/CI-DT-05-lawful","Output":"            // anchor — назвать место словом.\n"}
{"Time":"2026-09-17T15:24:21.691432054+03:00","Action":"output","Package":"github.com/PRO-Robotech/kacho/internal/repohygiene","Test":"TestSubscriptionShapeReasonContract/CI-DT-05-lawful","Output":"            SubscriptionAnchor anchor = 10;\n"}
{"Time":"2026-09-17T15:24:21.691434329+03:00","Action":"output","Package":"github.com/PRO-Robotech/kacho/internal/repohygiene","Test":"TestSubscriptionShapeReasonContract/CI-DT-05-lawful","Output":"            // position — непрозрачный токен.\n"}
{"Time":"2026-09-17T15:24:21.691436553+03:00","Action":"output","Package":"github.com/PRO-Robotech/kacho/internal/repohygiene","Test":"TestSubscriptionShapeReasonContract/CI-DT-05-lawful","Output":"            string position = 11;\n"}
{"Time":"2026-09-17T15:24:21.691438667+03:00","Action":"output","Package":"github.com/PRO-Robotech/kacho/internal/repohygiene","Test":"TestSubscriptionShapeReasonContract/CI-DT-05-lawful","Output":"          }\n"}
{"Time":"2026-09-17T15:24:21.691442293+03:00","Action":"output","Package":"github.com/PRO-Robotech/kacho/internal/repohygiene","Test":"TestSubscriptionShapeReasonContract/CI-DT-05-lawful","Output":"        }\n"}
{"Time":"2026-09-17T15:24:21.691444417+03:00","Action":"output","Package":"github.com/PRO-Robotech/kacho/internal/repohygiene","Test":"TestSubscriptionShapeReasonContract/CI-DT-05-lawful","Output":"        \n"}
{"Time":"2026-09-17T15:24:21.691446832+03:00","Action":"output","Package":"github.com/PRO-Robotech/kacho/internal/repohygiene","Test":"TestSubscriptionShapeReasonContract/CI-DT-05-lawful","Output":"        // SubscriptionOpened — служебное первое сообщение.\n"}
{"Time":"2026-09-17T15:24:21.691533956+03:00","Action":"output","Package":"github.com/PRO-Robotech/kacho/internal/repohygiene","Test":"TestSubscriptionShapeReasonContract/CI-DT-05-lawful","Output":"        message SubscriptionOpened {\n"}
{"Time":"2026-09-17T15:24:21.69154704+03:00","Action":"output","Package":"github.com/PRO-Robotech/kacho/internal/repohygiene","Test":"TestSubscriptionShapeReasonContract/CI-DT-05-lawful","Output":"          string position = 1;\n"}
{"Time":"2026-09-17T15:24:21.691551378+03:00","Action":"output","Package":"github.com/PRO-Robotech/kacho/internal/repohygiene","Test":"TestSubscriptionShapeReasonContract/CI-DT-05-lawful","Output":"          bool caught_up = 2;\n"}
{"Time":"2026-09-17T15:24:21.691554755+03:00","Action":"output","Package":"github.com/PRO-Robotech/kacho/internal/repohygiene","Test":"TestSubscriptionShapeReasonContract/CI-DT-05-lawful","Output":"          repeated string honored_filters = 3;\n"}
{"Time":"2026-09-17T15:24:21.691557259+03:00","Action":"output","Package":"github.com/PRO-Robotech/kacho/internal/repohygiene","Test":"TestSubscriptionShapeReasonContract/CI-DT-05-lawful","Output":"          string earliest_resumable_position = 4;\n"}
{"Time":"2026-09-17T15:24:21.691560876+03:00","Action":"output","Package":"github.com/PRO-Robotech/kacho/internal/repohygiene","Test":"TestSubscriptionShapeReasonContract/CI-DT-05-lawful","Output":"          bool retains_everything = 5;\n"}
{"Time":"2026-09-17T15:24:21.692007505+03:00","Action":"output","Package":"github.com/PRO-Robotech/kacho/internal/repohygiene","Test":"TestSubscriptionShapeAnchorCanFail/якоря_в_оболочке_нет_—_находка","Output":"--- PASS: TestSubscriptionShapeAnchorCanFail/якоря_в_оболочке_нет_—_находка (0.00s)\n"}
{"Time":"2026-09-17T15:24:21.692016392+03:00","Action":"pass","Package":"github.com/PRO-Robotech/kacho/internal/repohygiene","Test":"TestSubscriptionShapeAnchorCanFail/якоря_в_оболочке_нет_—_находка","Elapsed":0}
{"Time":"2026-09-17T15:24:21.692024988+03:00","Action":"output","Package":"github.com/PRO-Robotech/kacho/internal/repohygiene","Test":"TestSubscriptionShapeAxisLedgerCanFail/поле,_добавленное_ВМЕСТЕ_с_записью,_—_молчание","Output":"    subscriptionformshape_injection_test.go:283: перепись: proto/corelib/subscription/subscription.proto — строк 72, типов 5 (верхнего уровня 4), полей 18 (осей 4), значений перечислений 3; утверждений проверено 48; находок 0\n"}
{"Time":"2026-09-17T15:24:21.692032893+03:00","Action":"run","Package":"github.com/PRO-Robotech/kacho/internal/repohygiene","Test":"TestSubscriptionShapeAnchorCanFail/якорь_ветвью_ветвления_—_находка"}
{"Time":"2026-09-17T15:24:21.692037331+03:00","Action":"output","Package":"github.com/PRO-Robotech/kacho/internal/repohygiene","Test":"TestSubscriptionShapeAnchorCanFail/якорь_ветвью_ветвления_—_находка","Output":"=== RUN   TestSubscriptionShapeAnchorCanFail/якорь_ветвью_ветвления_—_находка\n"}
{"Time":"2026-09-17T15:24:21.692087646+03:00","Action":"output","Package":"github.com/PRO-Robotech/kacho/internal/repohygiene","Test":"TestSubscriptionShapeAbsentAxisCanFail/объявленная_отсутствующей_ось_ЗАВЕДЕНА_—_находка","Output":"--- PASS: TestSubscriptionShapeAbsentAxisCanFail/объявленная_отсутствующей_ось_ЗАВЕДЕНА_—_находка (0.00s)\n"}
{"Time":"2026-09-17T15:24:21.692095981+03:00","Action":"pass","Package":"github.com/PRO-Robotech/kacho/internal/repohygiene","Test":"TestSubscriptionShapeAbsentAxisCanFail/объявленная_отсутствующей_ось_ЗАВЕДЕНА_—_находка","Elapsed":0}
{"Time":"2026-09-17T15:24:21.692108515+03:00","Action":"run","Package":"github.com/PRO-Robotech/kacho/internal/repohygiene","Test":"TestSubscriptionShapeAbsentAxisCanFail/причина_отсутствия_НЕ_названа_—_находка"}
{"Time":"2026-09-17T15:24:21.692117051+03:00","Action":"output","Package":"github.com/PRO-Robotech/kacho/internal/repohygiene","Test":"TestSubscriptionShapeAbsentAxisCanFail/причина_отсутствия_НЕ_названа_—_находка","Output":"=== RUN   TestSubscriptionShapeAbsentAxisCanFail/причина_отсутствия_НЕ_названа_—_находка\n"}
{"Time":"2026-09-17T15:24:21.692123884+03:00","Action":"output","Package":"github.com/PRO-Robotech/kacho/internal/repohygiene","Test":"TestSubscriptionShapeReasonContract/CI-DT-05-lawful","Output":"        }\n"}
{"Time":"2026-09-17T15:24:21.692127952+03:00","Action":"output","Package":"github.com/PRO-Robotech/kacho/internal/repohygiene","Test":"TestSubscriptionShapeReasonContract/CI-DT-05-lawful","Output":"        \n"}
{"Time":"2026-09-17T15:24:21.692132009+03:00","Action":"output","Package":"github.com/PRO-Robotech/kacho/internal/repohygiene","Test":"TestSubscriptionShapeReasonContract/CI-DT-05-lawful","Output":"        // SubscriptionEvent — оболочка события.\n"}
{"Time":"2026-09-17T15:24:21.692135786+03:00","Action":"output","Package":"github.com/PRO-Robotech/kacho/internal/repohygiene","Test":"TestSubscriptionShapeReasonContract/CI-DT-05-lawful","Output":"        message SubscriptionEvent {\n"}
{"Time":"2026-09-17T15:24:21.69214319+03:00","Action":"output","Package":"github.com/PRO-Robotech/kacho/internal/repohygiene","Test":"TestSubscriptionShapeReasonContract/CI-DT-05-lawful","Output":"          // StateUnavailable — вторая ветвь носителя.\n"}
{"Time":"2026-09-17T15:24:21.692158018+03:00","Action":"output","Package":"github.com/PRO-Robotech/kacho/internal/repohygiene","Test":"TestSubscriptionShapeReasonContract/CI-DT-05-lawful","Output":"          message StateUnavailable {\n"}
{"Time":"2026-09-17T15:24:21.692162486+03:00","Action":"output","Package":"github.com/PRO-Robotech/kacho/internal/repohygiene","Test":"TestSubscriptionShapeReasonContract/CI-DT-05-lawful","Output":"            // reason — почему состояния нет. Это НЕ причина остановки потока.\n"}
{"Time":"2026-09-17T15:24:21.692170732+03:00","Action":"output","Package":"github.com/PRO-Robotech/kacho/internal/repohygiene","Test":"TestSubscriptionShapeReasonContract/CI-DT-05-lawful","Output":"            string reason = 1;\n"}
{"Time":"2026-09-17T15:24:21.692173697+03:00","Action":"output","Package":"github.com/PRO-Robotech/kacho/internal/repohygiene","Test":"TestSubscriptionShapeReasonContract/CI-DT-05-lawful","Output":"          }\n"}
{"Time":"2026-09-17T15:24:21.692177264+03:00","Action":"output","Package":"github.com/PRO-Robotech/kacho/internal/repohygiene","Test":"TestSubscriptionShapeReasonContract/CI-DT-05-lawful","Output":"        \n"}
{"Time":"2026-09-17T15:24:21.692179709+03:00","Action":"output","Package":"github.com/PRO-Robotech/kacho/internal/repohygiene","Test":"TestSubscriptionShapeReasonContract/CI-DT-05-lawful","Output":"          string position = 1;\n"}
{"Time":"2026-09-17T15:24:21.692186982+03:00","Action":"output","Package":"github.com/PRO-Robotech/kacho/internal/repohygiene","Test":"TestSubscriptionShapeReasonContract/CI-DT-05-lawful","Output":"          string kind = 2;\n"}
{"Time":"2026-09-17T15:24:21.692189247+03:00","Action":"output","Package":"github.com/PRO-Robotech/kacho/internal/repohygiene","Test":"TestSubscriptionShapeReasonContract/CI-DT-05-lawful","Output":"          string resource_id = 3;\n"}
{"Time":"2026-09-17T15:24:21.692191441+03:00","Action":"output","Package":"github.com/PRO-Robotech/kacho/internal/repohygiene","Test":"TestSubscriptionShapeReasonContract/CI-DT-05-lawful","Output":"          // project_id — авторизуемый якорь, поле ОБОЛОЧКИ.\n"}
{"Time":"2026-09-17T15:24:21.692195318+03:00","Action":"output","Package":"github.com/PRO-Robotech/kacho/internal/repohygiene","Test":"TestSubscriptionShapeOwnerVocabularyCanFail/словарь_закрыт_контрактом_—_находка","Output":"--- PASS: TestSubscriptionShapeOwnerVocabularyCanFail/словарь_закрыт_контрактом_—_находка (0.00s)\n"}
{"Time":"2026-09-17T15:24:21.692198875+03:00","Action":"pass","Package":"github.com/PRO-Robotech/kacho/internal/repohygiene","Test":"TestSubscriptionShapeOwnerVocabularyCanFail/словарь_закрыт_контрактом_—_находка","Elapsed":0}
{"Time":"2026-09-17T15:24:21.6922019+03:00","Action":"output","Package":"github.com/PRO-Robotech/kacho/internal/repohygiene","Test":"TestSubscriptionShapeCategoryMarkCanFail/признак_переизложен_—_молчание","Output":"    subscriptionformshape_injection_test.go:331: перепись: proto/corelib/subscription/subscription.proto — строк 72, типов 5 (верхнего уровня 4), полей 17 (осей 3), значений перечислений 3; утверждений проверено 44; находок 0\n"}
{"Time":"2026-09-17T15:24:21.692205918+03:00","Action":"run","Package":"github.com/PRO-Robotech/kacho/internal/repohygiene","Test":"TestSubscriptionShapeUnsetOutcomeCanFail/исход_назван,_но_не_называет_объявленного_значения_—_находка"}
{"Time":"2026-09-17T15:24:21.692208222+03:00","Action":"output","Package":"github.com/PRO-Robotech/kacho/internal/repohygiene","Test":"TestSubscriptionShapeUnsetOutcomeCanFail/исход_назван,_но_не_называет_объявленного_значения_—_находка","Output":"=== RUN   TestSubscriptionShapeUnsetOutcomeCanFail/исход_назван,_но_не_называет_объявленного_значения_—_находка\n"}
{"Time":"2026-09-17T15:24:21.692213252+03:00","Action":"output","Package":"github.com/PRO-Robotech/kacho/internal/repohygiene","Test":"TestSubscriptionShapeCarrierCanFail/ветвей_три_—_находка","Output":"--- PASS: TestSubscriptionShapeCarrierCanFail/ветвей_три_—_находка (0.00s)\n"}
{"Time":"2026-09-17T15:24:21.692216538+03:00","Action":"pass","Package":"github.com/PRO-Robotech/kacho/internal/repohygiene","Test":"TestSubscriptionShapeCarrierCanFail/ветвей_три_—_находка","Elapsed":0}
{"Time":"2026-09-17T15:24:21.692218572+03:00","Action":"run","Package":"github.com/PRO-Robotech/kacho/internal/repohygiene","Test":"TestSubscriptionShapeOwnerVocabularyCanFail/перечисление_рядом,_но_ось_строковая_—_молчание"}
{"Time":"2026-09-17T15:24:21.692220856+03:00","Action":"output","Package":"github.com/PRO-Robotech/kacho/internal/repohygiene","Test":"TestSubscriptionShapeOwnerVocabularyCanFail/перечисление_рядом,_но_ось_строковая_—_молчание","Output":"=== RUN   TestSubscriptionShapeOwnerVocabularyCanFail/перечисление_рядом,_но_ось_строковая_—_молчание\n"}
{"Time":"2026-09-17T15:24:21.692225775+03:00","Action":"output","Package":"github.com/PRO-Robotech/kacho/internal/repohygiene","Test":"TestSubscriptionShapeReasonContract/CI-DT-05-lawful","Output":"          string project_id = 4;\n"}
{"Time":"2026-09-17T15:24:21.692229252+03:00","Action":"output","Package":"github.com/PRO-Robotech/kacho/internal/repohygiene","Test":"TestSubscriptionShapeReasonContract/CI-DT-05-lawful","Output":"        \n"}
{"Time":"2026-09-17T15:24:21.692232518+03:00","Action":"output","Package":"github.com/PRO-Robotech/kacho/internal/repohygiene","Test":"TestSubscriptionShapeReasonContract/CI-DT-05-lawful","Output":"          oneof carrier {\n"}
{"Time":"2026-09-17T15:24:21.69223919+03:00","Action":"output","Package":"github.com/PRO-Robotech/kacho/internal/repohygiene","Test":"TestSubscriptionShapeReasonContract/CI-DT-05-lawful","Output":"            google.protobuf.Any state = 10;\n"}
{"Time":"2026-09-17T15:24:21.692241765+03:00","Action":"output","Package":"github.com/PRO-Robotech/kacho/internal/repohygiene","Test":"TestSubscriptionShapeReasonContract/CI-DT-05-lawful","Output":"            StateUnavailable state_unavailable = 11;\n"}
{"Time":"2026-09-17T15:24:21.69224402+03:00","Action":"output","Package":"github.com/PRO-Robotech/kacho/internal/repohygiene","Test":"TestSubscriptionShapeReasonContract/CI-DT-05-lawful","Output":"          }\n"}
{"Time":"2026-09-17T15:24:21.692248368+03:00","Action":"output","Package":"github.com/PRO-Robotech/kacho/internal/repohygiene","Test":"TestSubscriptionShapeReasonContract/CI-DT-05-lawful","Output":"        }\n"}
{"Time":"2026-09-17T15:24:21.692250582+03:00","Action":"output","Package":"github.com/PRO-Robotech/kacho/internal/repohygiene","Test":"TestSubscriptionShapeReasonContract/CI-DT-05-lawful","Output":"        \n"}
{"Time":"2026-09-17T15:24:21.692252676+03:00","Action":"output","Package":"github.com/PRO-Robotech/kacho/internal/repohygiene","Test":"TestSubscriptionShapeReasonContract/CI-DT-05-lawful","Output":"        \n"}
{"Time":"2026-09-17T15:24:21.692262474+03:00","Action":"run","Package":"github.com/PRO-Robotech/kacho/internal/repohygiene","Test":"TestSubscriptionShapeCarrierCanFail/состояние_свободной_структурой_—_находка"}
{"Time":"2026-09-17T15:24:21.692264849+03:00","Action":"output","Package":"github.com/PRO-Robotech/kacho/internal/repohygiene","Test":"TestSubscriptionShapeCarrierCanFail/состояние_свободной_структурой_—_находка","Output":"=== RUN   TestSubscriptionShapeCarrierCanFail/состояние_свободной_структурой_—_находка\n"}
{"Time":"2026-09-17T15:24:21.692271301+03:00","Action":"output","Package":"github.com/PRO-Robotech/kacho/internal/repohygiene","Test":"TestCatalogReachability_RedOnAMethodTheContractDoesNotHave","Output":"--- PASS: TestCatalogReachability_RedOnAMethodTheContractDoesNotHave (0.00s)\n"}
{"Time":"2026-09-17T15:24:21.692274868+03:00","Action":"pass","Package":"github.com/PRO-Robotech/kacho/internal/repohygiene","Test":"TestCatalogReachability_RedOnAMethodTheContractDoesNotHave","Elapsed":0}
{"Time":"2026-09-17T15:24:21.692278154+03:00","Action":"output","Package":"github.com/PRO-Robotech/kacho/internal/repohygiene","Test":"TestSubscriptionShapePerimeterCanFail/слова_`service`_и_`rpc`_В_ПРОЗЕ_—_молчание","Output":"    subscriptionformshape_injection_test.go:584: перепись: proto/corelib/subscription/subscription.proto — строк 71, типов 5 (верхнего уровня 4), полей 17 (осей 3), значений перечислений 3; утверждений проверено 44; находок 0\n"}
{"Time":"2026-09-17T15:24:21.692282552+03:00","Action":"output","Package":"github.com/PRO-Robotech/kacho/internal/repohygiene","Test":"TestGRPCMountParity_AnAllowForAnUnownedPackageIsOutOfSubject/та_же_запись_СТАНОВИТСЯ_находкой,_как_только_пакетом_начинают_владеть","Output":"--- PASS: TestGRPCMountParity_AnAllowForAnUnownedPackageIsOutOfSubject/та_же_запись_СТАНОВИТСЯ_находкой,_как_только_пакетом_начинают_владеть (0.00s)\n"}
{"Time":"2026-09-17T15:24:21.692286119+03:00","Action":"pass","Package":"github.com/PRO-Robotech/kacho/internal/repohygiene","Test":"TestGRPCMountParity_AnAllowForAnUnownedPackageIsOutOfSubject/та_же_запись_СТАНОВИТСЯ_находкой,_как_только_пакетом_начинают_владеть","Elapsed":0}
{"Time":"2026-09-17T15:24:21.692290337+03:00","Action":"output","Package":"github.com/PRO-Robotech/kacho/internal/repohygiene","Test":"TestSubscriptionShapeHorizonCanFail/поля_горизонта_нет_—_находка","Output":"    subscriptionformshape_injection_test.go:526: перепись: proto/corelib/subscription/subscription.proto — строк 68, типов 5 (верхнего уровня 4), полей 16 (осей 3), значений перечислений 3; утверждений проверено 44; находок 1\n"}
{"Time":"2026-09-17T15:24:21.692816636+03:00","Action":"output","Package":"github.com/PRO-Robotech/kacho/internal/repohygiene","Test":"TestSubscriptionShapeAxisLedgerCanFail/поле,_добавленное_ВМЕСТЕ_с_записью,_—_молчание","Output":"--- PASS: TestSubscriptionShapeAxisLedgerCanFail/поле,_добавленное_ВМЕСТЕ_с_записью,_—_молчание (0.00s)\n"}
{"Time":"2026-09-17T15:24:21.692827326+03:00","Action":"pass","Package":"github.com/PRO-Robotech/kacho/internal/repohygiene","Test":"TestSubscriptionShapeAxisLedgerCanFail/поле,_добавленное_ВМЕСТЕ_с_записью,_—_молчание","Elapsed":0}
{"Time":"2026-09-17T15:24:21.692832575+03:00","Action":"run","Package":"github.com/PRO-Robotech/kacho/internal/repohygiene","Test":"TestSubscriptionShapeAxisLedgerCanFail/запись,_которой_нечего_исключать,_—_находка"}
{"Time":"2026-09-17T15:24:21.692836723+03:00","Action":"output","Package":"github.com/PRO-Robotech/kacho/internal/repohygiene","Test":"TestSubscriptionShapeAxisLedgerCanFail/запись,_которой_нечего_исключать,_—_находка","Output":"=== RUN   TestSubscriptionShapeAxisLedgerCanFail/запись,_которой_нечего_исключать,_—_находка\n"}
{"Time":"2026-09-17T15:24:21.692843195+03:00","Action":"output","Package":"github.com/PRO-Robotech/kacho/internal/repohygiene","Test":"TestSubscriptionShapeMissingMessageCanFail/все_три_сообщения_на_месте,_порядок_другой_—_молчание","Output":"--- PASS: TestSubscriptionShapeMissingMessageCanFail/все_три_сообщения_на_месте,_порядок_другой_—_молчание (0.00s)\n"}
{"Time":"2026-09-17T15:24:21.692849507+03:00","Action":"pass","Package":"github.com/PRO-Robotech/kacho/internal/repohygiene","Test":"TestSubscriptionShapeMissingMessageCanFail/все_три_сообщения_на_месте,_порядок_другой_—_молчание","Elapsed":0}
{"Time":"2026-09-17T15:24:21.692858384+03:00","Action":"output","Package":"github.com/PRO-Robotech/kacho/internal/repohygiene","Test":"TestSubscriptionShapeMissingMessageCanFail","Output":"--- PASS: TestSubscriptionShapeMissingMessageCanFail (0.00s)\n"}
{"Time":"2026-09-17T15:24:21.692864125+03:00","Action":"pass","Package":"github.com/PRO-Robotech/kacho/internal/repohygiene","Test":"TestSubscriptionShapeMissingMessageCanFail","Elapsed":0}
{"Time":"2026-09-17T15:24:21.692868263+03:00","Action":"output","Package":"github.com/PRO-Robotech/kacho/internal/repohygiene","Test":"TestGRPCMountParity_DoesNotReadThroughASymlinkOutOfTheAPIRoot","Output":"--- PASS: TestGRPCMountParity_DoesNotReadThroughASymlinkOutOfTheAPIRoot (0.01s)\n"}
{"Time":"2026-09-17T15:24:21.692876328+03:00","Action":"pass","Package":"github.com/PRO-Robotech/kacho/internal/repohygiene","Test":"TestGRPCMountParity_DoesNotReadThroughASymlinkOutOfTheAPIRoot","Elapsed":0.01}
{"Time":"2026-09-17T15:24:21.692881758+03:00","Action":"output","Package":"github.com/PRO-Robotech/kacho/internal/repohygiene","Test":"TestSubscriptionShapeAnchorCanFail/якорь_ветвью_ветвления_—_находка","Output":"    subscriptionformshape_injection_test.go:496: перепись: proto/corelib/subscription/subscription.proto — строк 69, типов 5 (верхнего уровня 4), полей 17 (осей 3), значений перечислений 3; утверждений проверено 44; находок 2\n"}
{"Time":"2026-09-17T15:24:21.692892879+03:00","Action":"output","Package":"github.com/PRO-Robotech/kacho/internal/repohygiene","Test":"TestSubscriptionShapeCategoryMarkCanFail/признак_переизложен_—_молчание","Output":"--- PASS: TestSubscriptionShapeCategoryMarkCanFail/признак_переизложен_—_молчание (0.00s)\n"}
{"Time":"2026-09-17T15:24:21.692898099+03:00","Action":"pass","Package":"github.com/PRO-Robotech/kacho/internal/repohygiene","Test":"TestSubscriptionShapeCategoryMarkCanFail/признак_переизложен_—_молчание","Elapsed":0}
{"Time":"2026-09-17T15:24:21.692902787+03:00","Action":"output","Package":"github.com/PRO-Robotech/kacho/internal/repohygiene","Test":"TestSubscriptionShapeCategoryMarkCanFail","Output":"--- PASS: TestSubscriptionShapeCategoryMarkCanFail (0.01s)\n"}
{"Time":"2026-09-17T15:24:21.692907196+03:00","Action":"pass","Package":"github.com/PRO-Robotech/kacho/internal/repohygiene","Test":"TestSubscriptionShapeCategoryMarkCanFail","Elapsed":0.01}
{"Time":"2026-09-17T15:24:21.692911634+03:00","Action":"output","Package":"github.com/PRO-Robotech/kacho/internal/repohygiene","Test":"TestSubscriptionShapeAbsentAxisCanFail/причина_отсутствия_НЕ_названа_—_находка","Output":"    subscriptionformshape_injection_test.go:360: перепись: proto/corelib/subscription/subscription.proto — строк 65, типов 5 (верхнего уровня 4), полей 17 (осей 3), значений перечислений 3; утверждений проверено 44; находок 2\n"}
{"Time":"2026-09-17T15:24:21.692922374+03:00","Action":"output","Package":"github.com/PRO-Robotech/kacho/internal/repohygiene","Test":"TestSubscriptionShapeAbsentAxisCanFail/причина_отсутствия_НЕ_названа_—_находка","Output":"    subscriptionformshape_injection_test.go:362: absent-axis-unexplained proto/corelib/subscription/subscription.proto:15 — ось `name` в форме отсутствует, но контракт об этом молчит: слова «ИМЯ» в описании запроса нет. Поле без записанной причины отсутствия заводит следующий «для удобства», и он будет прав по-своему — возразить ему будет нечем\n"}
{"Time":"2026-09-17T15:24:21.692933876+03:00","Action":"output","Package":"github.com/PRO-Robotech/kacho/internal/repohygiene","Test":"TestSubscriptionShapePerimeterCanFail/слова_`service`_и_`rpc`_В_ПРОЗЕ_—_молчание","Output":"--- PASS: TestSubscriptionShapePerimeterCanFail/слова_`service`_и_`rpc`_В_ПРОЗЕ_—_молчание (0.00s)\n"}
{"Time":"2026-09-17T15:24:21.692938605+03:00","Action":"pass","Package":"github.com/PRO-Robotech/kacho/internal/repohygiene","Test":"TestSubscriptionShapePerimeterCanFail/слова_`service`_и_`rpc`_В_ПРОЗЕ_—_молчание","Elapsed":0}
{"Time":"2026-09-17T15:24:21.692945157+03:00","Action":"output","Package":"github.com/PRO-Robotech/kacho/internal/repohygiene","Test":"TestSubscriptionShapeReasonContract/CI-DT-05-lawful","Output":"--- PASS: TestSubscriptionShapeReasonContract/CI-DT-05-lawful (0.00s)\n"}
{"Time":"2026-09-17T15:24:21.692950677+03:00","Action":"pass","Package":"github.com/PRO-Robotech/kacho/internal/repohygiene","Test":"TestSubscriptionShapeReasonContract/CI-DT-05-lawful","Elapsed":0}
{"Time":"2026-09-17T15:24:21.692954665+03:00","Action":"run","Package":"github.com/PRO-Robotech/kacho/internal/repohygiene","Test":"TestSubscriptionShapePerimeterCanFail/импорт_доменного_контракта_—_находка"}
{"Time":"2026-09-17T15:24:21.692958532+03:00","Action":"output","Package":"github.com/PRO-Robotech/kacho/internal/repohygiene","Test":"TestSubscriptionShapePerimeterCanFail/импорт_доменного_контракта_—_находка","Output":"=== RUN   TestSubscriptionShapePerimeterCanFail/импорт_доменного_контракта_—_находка\n"}
{"Time":"2026-09-17T15:24:21.692964754+03:00","Action":"output","Package":"github.com/PRO-Robotech/kacho/internal/repohygiene","Test":"TestSubscriptionShapeUnsetOutcomeCanFail/исход_назван,_но_не_называет_объявленного_значения_—_находка","Output":"    subscriptionformshape_injection_test.go:398: перепись: proto/corelib/subscription/subscription.proto — строк 69, типов 5 (верхнего уровня 4), полей 17 (осей 3), значений перечислений 3; утверждений проверено 44; находок 1\n"}
{"Time":"2026-09-17T15:24:21.692971687+03:00","Action":"run","Package":"github.com/PRO-Robotech/kacho/internal/repohygiene","Test":"TestSubscriptionShapeReasonContract/CI-DT-03-without-oneof"}
{"Time":"2026-09-17T15:24:21.692975193+03:00","Action":"output","Package":"github.com/PRO-Robotech/kacho/internal/repohygiene","Test":"TestSubscriptionShapeReasonContract/CI-DT-03-without-oneof","Output":"=== RUN   TestSubscriptionShapeReasonContract/CI-DT-03-without-oneof\n"}
{"Time":"2026-09-17T15:24:21.692979572+03:00","Action":"output","Package":"github.com/PRO-Robotech/kacho/internal/repohygiene","Test":"TestSubscriptionShapeRefusesAnEmptyRead/судится_не_тот_файл","Output":"--- PASS: TestSubscriptionShapeRefusesAnEmptyRead/судится_не_тот_файл (0.00s)\n"}
{"Time":"2026-09-17T15:24:21.692988048+03:00","Action":"pass","Package":"github.com/PRO-Robotech/kacho/internal/repohygiene","Test":"TestSubscriptionShapeRefusesAnEmptyRead/судится_не_тот_файл","Elapsed":0}
{"Time":"2026-09-17T15:24:21.692992686+03:00","Action":"output","Package":"github.com/PRO-Robotech/kacho/internal/repohygiene","Test":"TestSubscriptionShapeRefusesAnEmptyRead","Output":"--- PASS: TestSubscriptionShapeRefusesAnEmptyRead (0.01s)\n"}
{"Time":"2026-09-17T15:24:21.692996574+03:00","Action":"pass","Package":"github.com/PRO-Robotech/kacho/internal/repohygiene","Test":"TestSubscriptionShapeRefusesAnEmptyRead","Elapsed":0.01}
{"Time":"2026-09-17T15:24:21.693000731+03:00","Action":"output","Package":"github.com/PRO-Robotech/kacho/internal/repohygiene","Test":"TestSubscriptionShapeCarrierCanFail/состояние_свободной_структурой_—_находка","Output":"    subscriptionformshape_injection_test.go:448: перепись: proto/corelib/subscription/subscription.proto — строк 69, типов 5 (верхнего уровня 4), полей 17 (осей 3), значений перечислений 3; утверждений проверено 44; находок 1\n"}
{"Time":"2026-09-17T15:24:21.693007684+03:00","Action":"output","Package":"github.com/PRO-Robotech/kacho/internal/repohygiene","Test":"TestSubscriptionShapeHorizonCanFail/поля_горизонта_нет_—_находка","Output":"--- PASS: TestSubscriptionShapeHorizonCanFail/поля_горизонта_нет_—_находка (0.00s)\n"}
{"Time":"2026-09-17T15:24:21.693012644+03:00","Action":"pass","Package":"github.com/PRO-Robotech/kacho/internal/repohygiene","Test":"TestSubscriptionShapeHorizonCanFail/поля_горизонта_нет_—_находка","Elapsed":0}
{"Time":"2026-09-17T15:24:21.693016972+03:00","Action":"run","Package":"github.com/PRO-Robotech/kacho/internal/repohygiene","Test":"TestSubscriptionShapeHorizonCanFail/поля_горизонта_на_месте,_порядок_другой_—_молчание"}
{"Time":"2026-09-17T15:24:21.693020879+03:00","Action":"output","Package":"github.com/PRO-Robotech/kacho/internal/repohygiene","Test":"TestSubscriptionShapeHorizonCanFail/поля_горизонта_на_месте,_порядок_другой_—_молчание","Output":"=== RUN   TestSubscriptionShapeHorizonCanFail/поля_горизонта_на_месте,_порядок_другой_—_молчание\n"}
{"Time":"2026-09-17T15:24:21.693030527+03:00","Action":"output","Package":"github.com/PRO-Robotech/kacho/internal/repohygiene","Test":"TestSubscriptionShapeOwnerVocabularyCanFail/перечисление_рядом,_но_ось_строковая_—_молчание","Output":"    subscriptionformshape_injection_test.go:622: перепись: proto/corelib/subscription/subscription.proto — строк 75, типов 6 (верхнего уровня 5), полей 17 (осей 3), значений перечислений 5; утверждений проверено 44; находок 0\n"}
{"Time":"2026-09-17T15:24:21.693037701+03:00","Action":"output","Package":"github.com/PRO-Robotech/kacho/internal/repohygiene","Test":"TestSubscriptionShapeAnchorCanFail/якорь_ветвью_ветвления_—_находка","Output":"--- PASS: TestSubscriptionShapeAnchorCanFail/якорь_ветвью_ветвления_—_находка (0.00s)\n"}
{"Time":"2026-09-17T15:24:21.69304266+03:00","Action":"pass","Package":"github.com/PRO-Robotech/kacho/internal/repohygiene","Test":"TestSubscriptionShapeAnchorCanFail/якорь_ветвью_ветвления_—_находка","Elapsed":0}
{"Time":"2026-09-17T15:24:21.693046678+03:00","Action":"run","Package":"github.com/PRO-Robotech/kacho/internal/repohygiene","Test":"TestSubscriptionShapeAnchorCanFail/якорь_ВНУТРИ_нагрузки_—_находка"}
{"Time":"2026-09-17T15:24:21.693050144+03:00","Action":"output","Package":"github.com/PRO-Robotech/kacho/internal/repohygiene","Test":"TestSubscriptionShapeAnchorCanFail/якорь_ВНУТРИ_нагрузки_—_находка","Output":"=== RUN   TestSubscriptionShapeAnchorCanFail/якорь_ВНУТРИ_нагрузки_—_находка\n"}
{"Time":"2026-09-17T15:24:21.69305853+03:00","Action":"output","Package":"github.com/PRO-Robotech/kacho/internal/repohygiene","Test":"TestGRPCMountParity_SeesAnUnmountedServiceAsUnmounted","Output":"--- PASS: TestGRPCMountParity_SeesAnUnmountedServiceAsUnmounted (0.00s)\n"}
{"Time":"2026-09-17T15:24:21.693062698+03:00","Action":"pass","Package":"github.com/PRO-Robotech/kacho/internal/repohygiene","Test":"TestGRPCMountParity_SeesAnUnmountedServiceAsUnmounted","Elapsed":0}
{"Time":"2026-09-17T15:24:21.693066926+03:00","Action":"output","Package":"github.com/PRO-Robotech/kacho/internal/repohygiene","Test":"TestSubscriptionShapeAxisLedgerCanFail/запись,_которой_нечего_исключать,_—_находка","Output":"    subscriptionformshape_injection_test.go:290: перепись: proto/corelib/subscription/subscription.proto — строк 69, типов 5 (верхнего уровня 4), полей 17 (осей 3), значений перечислений 3; утверждений проверено 46; находок 1\n"}
{"Time":"2026-09-17T15:24:21.693074961+03:00","Action":"output","Package":"github.com/PRO-Robotech/kacho/internal/repohygiene","Test":"TestSubscriptionShapeUnsetOutcomeCanFail/исход_назван,_но_не_называет_объявленного_значения_—_находка","Output":"--- PASS: TestSubscriptionShapeUnsetOutcomeCanFail/исход_назван,_но_не_называет_объявленного_значения_—_находка (0.00s)\n"}
{"Time":"2026-09-17T15:24:21.693079439+03:00","Action":"pass","Package":"github.com/PRO-Robotech/kacho/internal/repohygiene","Test":"TestSubscriptionShapeUnsetOutcomeCanFail/исход_назван,_но_не_называет_объявленного_значения_—_находка","Elapsed":0}
{"Time":"2026-09-17T15:24:21.693083357+03:00","Action":"run","Package":"github.com/PRO-Robotech/kacho/internal/repohygiene","Test":"TestSubscriptionShapeUnsetOutcomeCanFail/исход_назван_ДРУГИМ_значением_и_другими_словами_—_молчание"}
{"Time":"2026-09-17T15:24:21.693086693+03:00","Action":"output","Package":"github.com/PRO-Robotech/kacho/internal/repohygiene","Test":"TestSubscriptionShapeUnsetOutcomeCanFail/исход_назван_ДРУГИМ_значением_и_другими_словами_—_молчание","Output":"=== RUN   TestSubscriptionShapeUnsetOutcomeCanFail/исход_назван_ДРУГИМ_значением_и_другими_словами_—_молчание\n"}
{"Time":"2026-09-17T15:24:21.693091462+03:00","Action":"output","Package":"github.com/PRO-Robotech/kacho/internal/repohygiene","Test":"TestSubscriptionShapeAbsentAxisCanFail/причина_отсутствия_НЕ_названа_—_находка","Output":"--- PASS: TestSubscriptionShapeAbsentAxisCanFail/причина_отсутствия_НЕ_названа_—_находка (0.00s)\n"}
{"Time":"2026-09-17T15:24:21.693096181+03:00","Action":"pass","Package":"github.com/PRO-Robotech/kacho/internal/repohygiene","Test":"TestSubscriptionShapeAbsentAxisCanFail/причина_отсутствия_НЕ_названа_—_находка","Elapsed":0}
{"Time":"2026-09-17T15:24:21.693099467+03:00","Action":"run","Package":"github.com/PRO-Robotech/kacho/internal/repohygiene","Test":"TestSubscriptionShapeAbsentAxisCanFail/причина_переизложена_—_молчание"}
{"Time":"2026-09-17T15:24:21.693102252+03:00","Action":"output","Package":"github.com/PRO-Robotech/kacho/internal/repohygiene","Test":"TestSubscriptionShapeAbsentAxisCanFail/причина_переизложена_—_молчание","Output":"=== RUN   TestSubscriptionShapeAbsentAxisCanFail/причина_переизложена_—_молчание\n"}
{"Time":"2026-09-17T15:24:21.693109796+03:00","Action":"output","Package":"github.com/PRO-Robotech/kacho/internal/repohygiene","Test":"TestSubscriptionShapeCarrierCanFail/состояние_свободной_структурой_—_находка","Output":"--- PASS: TestSubscriptionShapeCarrierCanFail/состояние_свободной_структурой_—_находка (0.00s)\n"}
{"Time":"2026-09-17T15:24:21.693113634+03:00","Action":"pass","Package":"github.com/PRO-Robotech/kacho/internal/repohygiene","Test":"TestSubscriptionShapeCarrierCanFail/состояние_свободной_структурой_—_находка","Elapsed":0}
{"Time":"2026-09-17T15:24:21.69311701+03:00","Action":"run","Package":"github.com/PRO-Robotech/kacho/internal/repohygiene","Test":"TestSubscriptionShapeCarrierCanFail/ветви_состояния_нет_вовсе_—_находка"}
{"Time":"2026-09-17T15:24:21.693123342+03:00","Action":"output","Package":"github.com/PRO-Robotech/kacho/internal/repohygiene","Test":"TestSubscriptionShapeCarrierCanFail/ветви_состояния_нет_вовсе_—_находка","Output":"=== RUN   TestSubscriptionShapeCarrierCanFail/ветви_состояния_нет_вовсе_—_находка\n"}
{"Time":"2026-09-17T15:24:21.693128021+03:00","Action":"output","Package":"github.com/PRO-Robotech/kacho/internal/repohygiene","Test":"TestSubscriptionShapeReasonContract/CI-DT-03-without-oneof","Output":"    subscriptionreason_test.go:70: перепись: proto/corelib/subscription/subscription.proto — строк 67, типов 5 (верхнего уровня 4), полей 17 (осей 3), значений перечислений 3; утверждений проверено 41; находок 1\n"}
{"Time":"2026-09-17T15:24:21.693146886+03:00","Action":"output","Package":"github.com/PRO-Robotech/kacho/internal/repohygiene","Test":"TestSubscriptionShapePerimeterCanFail/импорт_доменного_контракта_—_находка","Output":"    subscriptionformshape_injection_test.go:591: перепись: proto/corelib/subscription/subscription.proto — строк 70, типов 5 (верхнего уровня 4), полей 17 (осей 3), значений перечислений 3; утверждений проверено 45; находок 1\n"}
{"Time":"2026-09-17T15:24:21.69315415+03:00","Action":"output","Package":"github.com/PRO-Robotech/kacho/internal/repohygiene","Test":"TestSubscriptionShapeReasonContract/CI-DT-03-without-oneof","Output":"    subscriptionreason_test.go:71: дефектная форма:\n"}
{"Time":"2026-09-17T15:24:21.693158057+03:00","Action":"output","Package":"github.com/PRO-Robotech/kacho/internal/repohygiene","Test":"TestSubscriptionShapeReasonContract/CI-DT-03-without-oneof","Output":"        syntax = \"proto3\";\n"}
{"Time":"2026-09-17T15:24:21.693165301+03:00","Action":"output","Package":"github.com/PRO-Robotech/kacho/internal/repohygiene","Test":"TestSubscriptionShapeReasonContract/CI-DT-03-without-oneof","Output":"        \n"}
{"Time":"2026-09-17T15:24:21.693168376+03:00","Action":"output","Package":"github.com/PRO-Robotech/kacho/internal/repohygiene","Test":"TestSubscriptionShapeReasonContract/CI-DT-03-without-oneof","Output":"        package corelib.subscription;\n"}
{"Time":"2026-09-17T15:24:21.693171252+03:00","Action":"output","Package":"github.com/PRO-Robotech/kacho/internal/repohygiene","Test":"TestSubscriptionShapeReasonContract/CI-DT-03-without-oneof","Output":"        \n"}
{"Time":"2026-09-17T15:24:21.693176642+03:00","Action":"output","Package":"github.com/PRO-Robotech/kacho/internal/repohygiene","Test":"TestSubscriptionShapeReasonContract/CI-DT-03-without-oneof","Output":"        import \"google/protobuf/any.proto\";\n"}
{"Time":"2026-09-17T15:24:21.693189045+03:00","Action":"output","Package":"github.com/PRO-Robotech/kacho/internal/repohygiene","Test":"TestSubscriptionShapeReasonContract/CI-DT-03-without-oneof","Output":"        \n"}
{"Time":"2026-09-17T15:24:21.693193353+03:00","Action":"output","Package":"github.com/PRO-Robotech/kacho/internal/repohygiene","Test":"TestSubscriptionShapeReasonContract/CI-DT-03-without-oneof","Output":"        // SubscriptionAnchor — якорь начала.\n"}
{"Time":"2026-09-17T15:24:21.693197261+03:00","Action":"output","Package":"github.com/PRO-Robotech/kacho/internal/repohygiene","Test":"TestSubscriptionShapeReasonContract/CI-DT-03-without-oneof","Output":"        enum SubscriptionAnchor {\n"}
{"Time":"2026-09-17T15:24:21.693200777+03:00","Action":"output","Package":"github.com/PRO-Robotech/kacho/internal/repohygiene","Test":"TestSubscriptionShapeReasonContract/CI-DT-03-without-oneof","Output":"          SUBSCRIPTION_ANCHOR_UNSPECIFIED = 0;\n"}
{"Time":"2026-09-17T15:24:21.693204845+03:00","Action":"output","Package":"github.com/PRO-Robotech/kacho/internal/repohygiene","Test":"TestSubscriptionShapeReasonContract/CI-DT-03-without-oneof","Output":"          BEGINNING = 1;\n"}
{"Time":"2026-09-17T15:24:21.693208762+03:00","Action":"output","Package":"github.com/PRO-Robotech/kacho/internal/repohygiene","Test":"TestSubscriptionShapeReasonContract/CI-DT-03-without-oneof","Output":"          CURRENT_END = 2;\n"}
{"Time":"2026-09-17T15:24:21.693212069+03:00","Action":"output","Package":"github.com/PRO-Robotech/kacho/internal/repohygiene","Test":"TestSubscriptionShapeReasonContract/CI-DT-03-without-oneof","Output":"        }\n"}
{"Time":"2026-09-17T15:24:21.693215485+03:00","Action":"output","Package":"github.com/PRO-Robotech/kacho/internal/repohygiene","Test":"TestSubscriptionShapeReasonContract/CI-DT-03-without-oneof","Output":"        \n"}
{"Time":"2026-09-17T15:24:21.693226626+03:00","Action":"output","Package":"github.com/PRO-Robotech/kacho/internal/repohygiene","Test":"TestSubscriptionShapeReasonContract/CI-DT-03-without-oneof","Output":"        // SubscriptionRequest — запрос подписки.\n"}
{"Time":"2026-09-17T15:24:21.693230663+03:00","Action":"output","Package":"github.com/PRO-Robotech/kacho/internal/repohygiene","Test":"TestSubscriptionShapeReasonContract/CI-DT-03-without-oneof","Output":"        //\n"}
{"Time":"2026-09-17T15:24:21.693236995+03:00","Action":"output","Package":"github.com/PRO-Robotech/kacho/internal/repohygiene","Test":"TestSubscriptionShapeReasonContract/CI-DT-03-without-oneof","Output":"        // ИМЯ сюда не берётся: оно мутабельно, и подписка по нему молча перестанет\n"}
{"Time":"2026-09-17T15:24:21.693241925+03:00","Action":"output","Package":"github.com/PRO-Robotech/kacho/internal/repohygiene","Test":"TestSubscriptionShapeReasonContract/CI-DT-03-without-oneof","Output":"        // совпадать. МЕТКИ сюда не берутся: они мутабельны, и выход из выборки\n"}
{"Time":"2026-09-17T15:24:21.693247044+03:00","Action":"output","Package":"github.com/PRO-Robotech/kacho/internal/repohygiene","Test":"TestSubscriptionShapeReasonContract/CI-DT-03-without-oneof","Output":"        // неотличим от удаления.\n"}
{"Time":"2026-09-17T15:24:21.693251052+03:00","Action":"output","Package":"github.com/PRO-Robotech/kacho/internal/repohygiene","Test":"TestSubscriptionShapeReasonContract/CI-DT-03-without-oneof","Output":"        message SubscriptionRequest {\n"}
{"Time":"2026-09-17T15:24:21.693263615+03:00","Action":"output","Package":"github.com/PRO-Robotech/kacho/internal/repohygiene","Test":"TestSubscriptionShapeReasonContract/CI-DT-03-without-oneof","Output":"          // kinds — виды предметов. Категория: УДОБСТВА.\n"}
{"Time":"2026-09-17T15:24:21.693268755+03:00","Action":"output","Package":"github.com/PRO-Robotech/kacho/internal/repohygiene","Test":"TestSubscriptionShapeReasonContract/CI-DT-03-without-oneof","Output":"          repeated string kinds = 1;\n"}
{"Time":"2026-09-17T15:24:21.693272652+03:00","Action":"output","Package":"github.com/PRO-Robotech/kacho/internal/repohygiene","Test":"TestSubscriptionShapeReasonContract/CI-DT-03-without-oneof","Output":"        \n"}
{"Time":"2026-09-17T15:24:21.693277141+03:00","Action":"output","Package":"github.com/PRO-Robotech/kacho/internal/repohygiene","Test":"TestSubscriptionShapeReasonContract/CI-DT-03-without-oneof","Output":"          // project_id — проект. Категория: ЯКОРНАЯ.\n"}
{"Time":"2026-09-17T15:24:21.693281208+03:00","Action":"output","Package":"github.com/PRO-Robotech/kacho/internal/repohygiene","Test":"TestSubscriptionShapeReasonContract/CI-DT-03-without-oneof","Output":"          string project_id = 2;\n"}
{"Time":"2026-09-17T15:24:21.693284655+03:00","Action":"output","Package":"github.com/PRO-Robotech/kacho/internal/repohygiene","Test":"TestSubscriptionShapeReasonContract/CI-DT-03-without-oneof","Output":"        \n"}
{"Time":"2026-09-17T15:24:21.693288322+03:00","Action":"output","Package":"github.com/PRO-Robotech/kacho/internal/repohygiene","Test":"TestSubscriptionShapeReasonContract/CI-DT-03-without-oneof","Output":"          // ids — идентификаторы. Категория: УДОБСТВА.\n"}
{"Time":"2026-09-17T15:24:21.693292329+03:00","Action":"output","Package":"github.com/PRO-Robotech/kacho/internal/repohygiene","Test":"TestSubscriptionShapeReasonContract/CI-DT-03-without-oneof","Output":"          repeated string ids = 3;\n"}
{"Time":"2026-09-17T15:24:21.693295826+03:00","Action":"output","Package":"github.com/PRO-Robotech/kacho/internal/repohygiene","Test":"TestSubscriptionShapeReasonContract/CI-DT-03-without-oneof","Output":"          // start — с какого места отдавать.\n"}
{"Time":"2026-09-17T15:24:21.693299543+03:00","Action":"output","Package":"github.com/PRO-Robotech/kacho/internal/repohygiene","Test":"TestSubscriptionShapeReasonContract/CI-DT-03-without-oneof","Output":"          //\n"}
{"Time":"2026-09-17T15:24:21.693307388+03:00","Action":"output","Package":"github.com/PRO-Robotech/kacho/internal/repohygiene","Test":"TestSubscriptionShapeReasonContract/CI-DT-03-without-oneof","Output":"          // ИСХОД НЕЗАДАННОГО НАЗВАН: start не задан означает ровно CURRENT_END.\n"}
{"Time":"2026-09-17T15:24:21.693319641+03:00","Action":"output","Package":"github.com/PRO-Robotech/kacho/internal/repohygiene","Test":"TestSubscriptionShapeReasonContract/CI-DT-03-without-oneof","Output":"          oneof start {\n"}
{"Time":"2026-09-17T15:24:21.693323137+03:00","Action":"output","Package":"github.com/PRO-Robotech/kacho/internal/repohygiene","Test":"TestSubscriptionShapeReasonContract/CI-DT-03-without-oneof","Output":"            // anchor — назвать место словом.\n"}
{"Time":"2026-09-17T15:24:21.693329649+03:00","Action":"output","Package":"github.com/PRO-Robotech/kacho/internal/repohygiene","Test":"TestSubscriptionShapeReasonContract/CI-DT-03-without-oneof","Output":"            SubscriptionAnchor anchor = 10;\n"}
{"Time":"2026-09-17T15:24:21.693333617+03:00","Action":"output","Package":"github.com/PRO-Robotech/kacho/internal/repohygiene","Test":"TestSubscriptionShapeReasonContract/CI-DT-03-without-oneof","Output":"            // position — непрозрачный токен.\n"}
{"Time":"2026-09-17T15:24:21.693340109+03:00","Action":"output","Package":"github.com/PRO-Robotech/kacho/internal/repohygiene","Test":"TestSubscriptionShapeReasonContract/CI-DT-03-without-oneof","Output":"            string position = 11;\n"}
{"Time":"2026-09-17T15:24:21.693343455+03:00","Action":"output","Package":"github.com/PRO-Robotech/kacho/internal/repohygiene","Test":"TestSubscriptionShapeReasonContract/CI-DT-03-without-oneof","Output":"          }\n"}
{"Time":"2026-09-17T15:24:21.693346591+03:00","Action":"output","Package":"github.com/PRO-Robotech/kacho/internal/repohygiene","Test":"TestSubscriptionShapeReasonContract/CI-DT-03-without-oneof","Output":"        }\n"}
{"Time":"2026-09-17T15:24:21.693350258+03:00","Action":"output","Package":"github.com/PRO-Robotech/kacho/internal/repohygiene","Test":"TestSubscriptionShapeReasonContract/CI-DT-03-without-oneof","Output":"        \n"}
{"Time":"2026-09-17T15:24:21.693353624+03:00","Action":"output","Package":"github.com/PRO-Robotech/kacho/internal/repohygiene","Test":"TestSubscriptionShapeReasonContract/CI-DT-03-without-oneof","Output":"        // SubscriptionOpened — служебное первое сообщение.\n"}
{"Time":"2026-09-17T15:24:21.693357452+03:00","Action":"output","Package":"github.com/PRO-Robotech/kacho/internal/repohygiene","Test":"TestSubscriptionShapeReasonContract/CI-DT-03-without-oneof","Output":"        message SubscriptionOpened {\n"}
{"Time":"2026-09-17T15:24:21.693361159+03:00","Action":"output","Package":"github.com/PRO-Robotech/kacho/internal/repohygiene","Test":"TestSubscriptionShapeReasonContract/CI-DT-03-without-oneof","Output":"          string position = 1;\n"}
{"Time":"2026-09-17T15:24:21.693364685+03:00","Action":"output","Package":"github.com/PRO-Robotech/kacho/internal/repohygiene","Test":"TestSubscriptionShapeReasonContract/CI-DT-03-without-oneof","Output":"          bool caught_up = 2;\n"}
{"Time":"2026-09-17T15:24:21.693368222+03:00","Action":"output","Package":"github.com/PRO-Robotech/kacho/internal/repohygiene","Test":"TestSubscriptionShapeReasonContract/CI-DT-03-without-oneof","Output":"          repeated string honored_filters = 3;\n"}
{"Time":"2026-09-17T15:24:21.693373963+03:00","Action":"output","Package":"github.com/PRO-Robotech/kacho/internal/repohygiene","Test":"TestSubscriptionShapeReasonContract/CI-DT-03-without-oneof","Output":"          string earliest_resumable_position = 4;\n"}
{"Time":"2026-09-17T15:24:21.693377449+03:00","Action":"output","Package":"github.com/PRO-Robotech/kacho/internal/repohygiene","Test":"TestSubscriptionShapeReasonContract/CI-DT-03-without-oneof","Output":"          bool retains_everything = 5;\n"}
{"Time":"2026-09-17T15:24:21.693380866+03:00","Action":"output","Package":"github.com/PRO-Robotech/kacho/internal/repohygiene","Test":"TestSubscriptionShapeReasonContract/CI-DT-03-without-oneof","Output":"        }\n"}
{"Time":"2026-09-17T15:24:21.693384122+03:00","Action":"output","Package":"github.com/PRO-Robotech/kacho/internal/repohygiene","Test":"TestSubscriptionShapeReasonContract/CI-DT-03-without-oneof","Output":"        \n"}
{"Time":"2026-09-17T15:24:21.693387568+03:00","Action":"output","Package":"github.com/PRO-Robotech/kacho/internal/repohygiene","Test":"TestSubscriptionShapeReasonContract/CI-DT-03-without-oneof","Output":"        // SubscriptionEvent — оболочка события.\n"}
{"Time":"2026-09-17T15:24:21.693391305+03:00","Action":"output","Package":"github.com/PRO-Robotech/kacho/internal/repohygiene","Test":"TestSubscriptionShapeReasonContract/CI-DT-03-without-oneof","Output":"        message SubscriptionEvent {\n"}
{"Time":"2026-09-17T15:24:21.693394722+03:00","Action":"output","Package":"github.com/PRO-Robotech/kacho/internal/repohygiene","Test":"TestSubscriptionShapeReasonContract/CI-DT-03-without-oneof","Output":"          // StateUnavailable — вторая ветвь носителя.\n"}
{"Time":"2026-09-17T15:24:21.693398569+03:00","Action":"output","Package":"github.com/PRO-Robotech/kacho/internal/repohygiene","Test":"TestSubscriptionShapeReasonContract/CI-DT-03-without-oneof","Output":"          message StateUnavailable {\n"}
{"Time":"2026-09-17T15:24:21.693402296+03:00","Action":"output","Package":"github.com/PRO-Robotech/kacho/internal/repohygiene","Test":"TestSubscriptionShapeReasonContract/CI-DT-03-without-oneof","Output":"            // reason — почему состояния нет. Это НЕ причина остановки потока.\n"}
{"Time":"2026-09-17T15:24:21.693409359+03:00","Action":"output","Package":"github.com/PRO-Robotech/kacho/internal/repohygiene","Test":"TestSubscriptionShapeReasonContract/CI-DT-03-without-oneof","Output":"            string reason = 1;\n"}
{"Time":"2026-09-17T15:24:21.693412976+03:00","Action":"output","Package":"github.com/PRO-Robotech/kacho/internal/repohygiene","Test":"TestSubscriptionShapeReasonContract/CI-DT-03-without-oneof","Output":"          }\n"}
{"Time":"2026-09-17T15:24:21.693416773+03:00","Action":"output","Package":"github.com/PRO-Robotech/kacho/internal/repohygiene","Test":"TestSubscriptionShapeReasonContract/CI-DT-03-without-oneof","Output":"        \n"}
{"Time":"2026-09-17T15:24:21.693420049+03:00","Action":"output","Package":"github.com/PRO-Robotech/kacho/internal/repohygiene","Test":"TestSubscriptionShapeReasonContract/CI-DT-03-without-oneof","Output":"          string position = 1;\n"}
{"Time":"2026-09-17T15:24:21.693425289+03:00","Action":"output","Package":"github.com/PRO-Robotech/kacho/internal/repohygiene","Test":"TestSubscriptionShapeAxisLedgerCanFail/запись,_которой_нечего_исключать,_—_находка","Output":"--- PASS: TestSubscriptionShapeAxisLedgerCanFail/запись,_которой_нечего_исключать,_—_находка (0.00s)\n"}
{"Time":"2026-09-17T15:24:21.69343132+03:00","Action":"pass","Package":"github.com/PRO-Robotech/kacho/internal/repohygiene","Test":"TestSubscriptionShapeAxisLedgerCanFail/запись,_которой_нечего_исключать,_—_находка","Elapsed":0}
{"Time":"2026-09-17T15:24:21.693438444+03:00","Action":"run","Package":"github.com/PRO-Robotech/kacho/internal/repohygiene","Test":"TestSubscriptionShapeAxisLedgerCanFail/запись_без_причины_—_находка"}
{"Time":"2026-09-17T15:24:21.693442441+03:00","Action":"output","Package":"github.com/PRO-Robotech/kacho/internal/repohygiene","Test":"TestSubscriptionShapeAxisLedgerCanFail/запись_без_причины_—_находка","Output":"=== RUN   TestSubscriptionShapeAxisLedgerCanFail/запись_без_причины_—_находка\n"}
{"Time":"2026-09-17T15:24:21.693447411+03:00","Action":"output","Package":"github.com/PRO-Robotech/kacho/internal/repohygiene","Test":"TestSubscriptionShapeOwnerVocabularyCanFail/перечисление_рядом,_но_ось_строковая_—_молчание","Output":"--- PASS: TestSubscriptionShapeOwnerVocabularyCanFail/перечисление_рядом,_но_ось_строковая_—_молчание (0.00s)\n"}
{"Time":"2026-09-17T15:24:21.69345218+03:00","Action":"pass","Package":"github.com/PRO-Robotech/kacho/internal/repohygiene","Test":"TestSubscriptionShapeOwnerVocabularyCanFail/перечисление_рядом,_но_ось_строковая_—_молчание","Elapsed":0}
{"Time":"2026-09-17T15:24:21.693454915+03:00","Action":"output","Package":"github.com/PRO-Robotech/kacho/internal/repohygiene","Test":"TestSubscriptionShapeOwnerVocabularyCanFail","Output":"--- PASS: TestSubscriptionShapeOwnerVocabularyCanFail (0.00s)\n"}
{"Time":"2026-09-17T15:24:21.693457419+03:00","Action":"pass","Package":"github.com/PRO-Robotech/kacho/internal/repohygiene","Test":"TestSubscriptionShapeOwnerVocabularyCanFail","Elapsed":0}
{"Time":"2026-09-17T15:24:21.693461828+03:00","Action":"output","Package":"github.com/PRO-Robotech/kacho/internal/repohygiene","Test":"TestSubscriptionShapeReasonContract/CI-DT-03-without-oneof","Output":"          string kind = 2;\n"}
{"Time":"2026-09-17T15:24:21.693464914+03:00","Action":"output","Package":"github.com/PRO-Robotech/kacho/internal/repohygiene","Test":"TestSubscriptionShapeReasonContract/CI-DT-03-without-oneof","Output":"          string resource_id = 3;\n"}
{"Time":"2026-09-17T15:24:21.693467208+03:00","Action":"output","Package":"github.com/PRO-Robotech/kacho/internal/repohygiene","Test":"TestSubscriptionShapeReasonContract/CI-DT-03-without-oneof","Output":"          // project_id — авторизуемый якорь, поле ОБОЛОЧКИ.\n"}
{"Time":"2026-09-17T15:24:21.693472007+03:00","Action":"output","Package":"github.com/PRO-Robotech/kacho/internal/repohygiene","Test":"TestSubscriptionShapeReasonContract/CI-DT-03-without-oneof","Output":"          string project_id = 4;\n"}
{"Time":"2026-09-17T15:24:21.693474281+03:00","Action":"output","Package":"github.com/PRO-Robotech/kacho/internal/repohygiene","Test":"TestSubscriptionShapeReasonContract/CI-DT-03-without-oneof","Output":"        \n"}
{"Time":"2026-09-17T15:24:21.693477607+03:00","Action":"output","Package":"github.com/PRO-Robotech/kacho/internal/repohygiene","Test":"TestSubscriptionShapeReasonContract/CI-DT-03-without-oneof","Output":"          google.protobuf.Any state = 10;\n"}
{"Time":"2026-09-17T15:24:21.693481715+03:00","Action":"output","Package":"github.com/PRO-Robotech/kacho/internal/repohygiene","Test":"TestSubscriptionShapeReasonContract/CI-DT-03-without-oneof","Output":"          StateUnavailable state_unavailable = 11;\n"}
{"Time":"2026-09-17T15:24:21.693484951+03:00","Action":"output","Package":"github.com/PRO-Robotech/kacho/internal/repohygiene","Test":"TestSubscriptionShapeReasonContract/CI-DT-03-without-oneof","Output":"        }\n"}
{"Time":"2026-09-17T15:24:21.693488137+03:00","Action":"output","Package":"github.com/PRO-Robotech/kacho/internal/repohygiene","Test":"TestSubscriptionShapeReasonContract/CI-DT-03-without-oneof","Output":"        \n"}
{"Time":"2026-09-17T15:24:21.693492636+03:00","Action":"output","Package":"github.com/PRO-Robotech/kacho/internal/repohygiene","Test":"TestGRPCMountParity_AnAllowForAnUnownedPackageIsOutOfSubject","Output":"--- PASS: TestGRPCMountParity_AnAllowForAnUnownedPackageIsOutOfSubject (0.01s)\n"}
{"Time":"2026-09-17T15:24:21.693498617+03:00","Action":"pass","Package":"github.com/PRO-Robotech/kacho/internal/repohygiene","Test":"TestGRPCMountParity_AnAllowForAnUnownedPackageIsOutOfSubject","Elapsed":0.01}
{"Time":"2026-09-17T15:24:21.693502214+03:00","Action":"output","Package":"github.com/PRO-Robotech/kacho/internal/repohygiene","Test":"TestSubscriptionShapeReasonContract/CI-DT-03-without-oneof","Output":"        \n"}
{"Time":"2026-09-17T15:24:21.693507624+03:00","Action":"output","Package":"github.com/PRO-Robotech/kacho/internal/repohygiene","Test":"TestSubscriptionShapeHorizonCanFail/поля_горизонта_на_месте,_порядок_другой_—_молчание","Output":"    subscriptionformshape_injection_test.go:537: перепись: proto/corelib/subscription/subscription.proto — строк 69, типов 5 (верхнего уровня 4), полей 17 (осей 3), значений перечислений 3; утверждений проверено 44; находок 0\n"}
{"Time":"2026-09-17T15:24:21.693515729+03:00","Action":"output","Package":"github.com/PRO-Robotech/kacho/internal/repohygiene","Test":"TestSubscriptionShapeAnchorCanFail/якорь_ВНУТРИ_нагрузки_—_находка","Output":"    subscriptionformshape_injection_test.go:505: перепись: proto/corelib/subscription/subscription.proto — строк 73, типов 6 (верхнего уровня 4), полей 18 (осей 3), значений перечислений 3; утверждений проверено 45; находок 1\n"}
{"Time":"2026-09-17T15:24:21.693520097+03:00","Action":"output","Package":"github.com/PRO-Robotech/kacho/internal/repohygiene","Test":"TestSubscriptionShapeReasonContract/CI-DT-03-without-oneof","Output":"    subscriptionreason_test.go:83: carrier-not-a-choice proto/corelib/subscription/subscription.proto:49: Reason = \"носитель нагрузки не выражен ветвлением `carrier`. Запретить прозой значение, которое допускает собственный тип, невозможно: без ветвления пустая нагрузка остаётся представимой, и подписчик прочтёт её как «у предмета не осталось полей»\"; требуется \"носитель нагрузки не выражен ветвлением `carrier`. Форма обязана объявлять выбор: состояние ЛИБО признак, что состояния нет. Заполненность конкретного сообщения этот анализатор не проверяет\"\n"}
{"Time":"2026-09-17T15:24:21.693530336+03:00","Action":"output","Package":"github.com/PRO-Robotech/kacho/internal/repohygiene","Test":"TestSubscriptionShapeUnsetOutcomeCanFail/исход_назван_ДРУГИМ_значением_и_другими_словами_—_молчание","Output":"    subscriptionformshape_injection_test.go:408: перепись: proto/corelib/subscription/subscription.proto — строк 70, типов 5 (верхнего уровня 4), полей 17 (осей 3), значений перечислений 3; утверждений проверено 44; находок 0\n"}
{"Time":"2026-09-17T15:24:21.693542529+03:00","Action":"output","Package":"github.com/PRO-Robotech/kacho/internal/repohygiene","Test":"TestSubscriptionShapeCarrierCanFail/ветви_состояния_нет_вовсе_—_находка","Output":"    subscriptionformshape_injection_test.go:460: перепись: proto/corelib/subscription/subscription.proto — строк 69, типов 5 (верхнего уровня 4), полей 17 (осей 3), значений перечислений 3; утверждений проверено 43; находок 1\n"}
{"Time":"2026-09-17T15:24:21.693546417+03:00","Action":"output","Package":"github.com/PRO-Robotech/kacho/internal/repohygiene","Test":"TestSubscriptionShapePerimeterCanFail/импорт_доменного_контракта_—_находка","Output":"--- PASS: TestSubscriptionShapePerimeterCanFail/импорт_доменного_контракта_—_находка (0.00s)\n"}
{"Time":"2026-09-17T15:24:21.693551777+03:00","Action":"pass","Package":"github.com/PRO-Robotech/kacho/internal/repohygiene","Test":"TestSubscriptionShapePerimeterCanFail/импорт_доменного_контракта_—_находка","Elapsed":0}
{"Time":"2026-09-17T15:24:21.693554712+03:00","Action":"output","Package":"github.com/PRO-Robotech/kacho/internal/repohygiene","Test":"TestSubscriptionShapeAbsentAxisCanFail/причина_переизложена_—_молчание","Output":"    subscriptionformshape_injection_test.go:374: перепись: proto/corelib/subscription/subscription.proto — строк 70, типов 5 (верхнего уровня 4), полей 17 (осей 3), значений перечислений 3; утверждений проверено 44; находок 0\n"}
{"Time":"2026-09-17T15:24:21.693559822+03:00","Action":"output","Package":"github.com/PRO-Robotech/kacho/internal/repohygiene","Test":"TestSubscriptionShapeAnchorCanFail/якорь_ВНУТРИ_нагрузки_—_находка","Output":"--- PASS: TestSubscriptionShapeAnchorCanFail/якорь_ВНУТРИ_нагрузки_—_находка (0.00s)\n"}
{"Time":"2026-09-17T15:24:21.693564821+03:00","Action":"pass","Package":"github.com/PRO-Robotech/kacho/internal/repohygiene","Test":"TestSubscriptionShapeAnchorCanFail/якорь_ВНУТРИ_нагрузки_—_находка","Elapsed":0}
{"Time":"2026-09-17T15:24:21.693569159+03:00","Action":"run","Package":"github.com/PRO-Robotech/kacho/internal/repohygiene","Test":"TestSubscriptionShapeAnchorCanFail/якорь_на_верхнем_уровне,_но_иначе_записан_—_молчание"}
{"Time":"2026-09-17T15:24:21.693578968+03:00","Action":"output","Package":"github.com/PRO-Robotech/kacho/internal/repohygiene","Test":"TestSubscriptionShapeAnchorCanFail/якорь_на_верхнем_уровне,_но_иначе_записан_—_молчание","Output":"=== RUN   TestSubscriptionShapeAnchorCanFail/якорь_на_верхнем_уровне,_но_иначе_записан_—_молчание\n"}
{"Time":"2026-09-17T15:24:21.6935856+03:00","Action":"output","Package":"github.com/PRO-Robotech/kacho/internal/repohygiene","Test":"TestSubscriptionShapeHorizonCanFail/поля_горизонта_на_месте,_порядок_другой_—_молчание","Output":"--- PASS: TestSubscriptionShapeHorizonCanFail/поля_горизонта_на_месте,_порядок_другой_—_молчание (0.00s)\n"}
{"Time":"2026-09-17T15:24:21.693591171+03:00","Action":"pass","Package":"github.com/PRO-Robotech/kacho/internal/repohygiene","Test":"TestSubscriptionShapeHorizonCanFail/поля_горизонта_на_месте,_порядок_другой_—_молчание","Elapsed":0}
{"Time":"2026-09-17T15:24:21.693595208+03:00","Action":"run","Package":"github.com/PRO-Robotech/kacho/internal/repohygiene","Test":"TestSubscriptionShapePerimeterCanFail/импорт_стандартного_контракта_—_молчание"}
{"Time":"2026-09-17T15:24:21.69360152+03:00","Action":"output","Package":"github.com/PRO-Robotech/kacho/internal/repohygiene","Test":"TestSubscriptionShapePerimeterCanFail/импорт_стандартного_контракта_—_молчание","Output":"=== RUN   TestSubscriptionShapePerimeterCanFail/импорт_стандартного_контракта_—_молчание\n"}
{"Time":"2026-09-17T15:24:21.693606429+03:00","Action":"output","Package":"github.com/PRO-Robotech/kacho/internal/repohygiene","Test":"TestSubscriptionShapeHorizonCanFail","Output":"--- PASS: TestSubscriptionShapeHorizonCanFail (0.00s)\n"}
{"Time":"2026-09-17T15:24:21.693608914+03:00","Action":"pass","Package":"github.com/PRO-Robotech/kacho/internal/repohygiene","Test":"TestSubscriptionShapeHorizonCanFail","Elapsed":0}
{"Time":"2026-09-17T15:24:21.693610948+03:00","Action":"output","Package":"github.com/PRO-Robotech/kacho/internal/repohygiene","Test":"TestSubscriptionShapeReasonContract/CI-DT-03-without-oneof","Output":"--- FAIL: TestSubscriptionShapeReasonContract/CI-DT-03-without-oneof (0.00s)\n"}
{"Time":"2026-09-17T15:24:21.693616138+03:00","Action":"fail","Package":"github.com/PRO-Robotech/kacho/internal/repohygiene","Test":"TestSubscriptionShapeReasonContract/CI-DT-03-without-oneof","Elapsed":0}
{"Time":"2026-09-17T15:24:21.693618482+03:00","Action":"run","Package":"github.com/PRO-Robotech/kacho/internal/repohygiene","Test":"TestSubscriptionShapeReasonContract/CI-DT-04-third-branch"}
{"Time":"2026-09-17T15:24:21.693620997+03:00","Action":"output","Package":"github.com/PRO-Robotech/kacho/internal/repohygiene","Test":"TestSubscriptionShapeReasonContract/CI-DT-04-third-branch","Output":"=== RUN   TestSubscriptionShapeReasonContract/CI-DT-04-third-branch\n"}
{"Time":"2026-09-17T15:24:21.693624774+03:00","Action":"output","Package":"github.com/PRO-Robotech/kacho/internal/repohygiene","Test":"TestSubscriptionShapeCarrierCanFail/ветви_состояния_нет_вовсе_—_находка","Output":"--- PASS: TestSubscriptionShapeCarrierCanFail/ветви_состояния_нет_вовсе_—_находка (0.00s)\n"}
{"Time":"2026-09-17T15:24:21.69362807+03:00","Action":"pass","Package":"github.com/PRO-Robotech/kacho/internal/repohygiene","Test":"TestSubscriptionShapeCarrierCanFail/ветви_состояния_нет_вовсе_—_находка","Elapsed":0}
{"Time":"2026-09-17T15:24:21.693630695+03:00","Action":"output","Package":"github.com/PRO-Robotech/kacho/internal/repohygiene","Test":"TestSubscriptionShapeAxisLedgerCanFail/запись_без_причины_—_находка","Output":"    subscriptionformshape_injection_test.go:300: перепись: proto/corelib/subscription/subscription.proto — строк 69, типов 5 (верхнего уровня 4), полей 17 (осей 3), значений перечислений 3; утверждений проверено 44; находок 1\n"}
{"Time":"2026-09-17T15:24:21.693638379+03:00","Action":"run","Package":"github.com/PRO-Robotech/kacho/internal/repohygiene","Test":"TestSubscriptionShapeCarrierCanFail/состояние_ИМЕНОВАННЫМ_сообщением_—_молчание"}
{"Time":"2026-09-17T15:24:21.693640684+03:00","Action":"output","Package":"github.com/PRO-Robotech/kacho/internal/repohygiene","Test":"TestSubscriptionShapeCarrierCanFail/состояние_ИМЕНОВАННЫМ_сообщением_—_молчание","Output":"=== RUN   TestSubscriptionShapeCarrierCanFail/состояние_ИМЕНОВАННЫМ_сообщением_—_молчание\n"}
{"Time":"2026-09-17T15:24:21.693645082+03:00","Action":"output","Package":"github.com/PRO-Robotech/kacho/internal/repohygiene","Test":"TestGRPCMountParity_AStaleAllowIsItselfAFinding","Output":"--- PASS: TestGRPCMountParity_AStaleAllowIsItselfAFinding (0.01s)\n"}
{"Time":"2026-09-17T15:24:21.69364933+03:00","Action":"pass","Package":"github.com/PRO-Robotech/kacho/internal/repohygiene","Test":"TestGRPCMountParity_AStaleAllowIsItselfAFinding","Elapsed":0.01}
{"Time":"2026-09-17T15:24:21.693651724+03:00","Action":"output","Package":"github.com/PRO-Robotech/kacho/internal/repohygiene","Test":"TestSubscriptionShapeUnsetOutcomeCanFail/исход_назван_ДРУГИМ_значением_и_другими_словами_—_молчание","Output":"--- PASS: TestSubscriptionShapeUnsetOutcomeCanFail/исход_назван_ДРУГИМ_значением_и_другими_словами_—_молчание (0.00s)\n"}
{"Time":"2026-09-17T15:24:21.693659509+03:00","Action":"pass","Package":"github.com/PRO-Robotech/kacho/internal/repohygiene","Test":"TestSubscriptionShapeUnsetOutcomeCanFail/исход_назван_ДРУГИМ_значением_и_другими_словами_—_молчание","Elapsed":0}
{"Time":"2026-09-17T15:24:21.693667825+03:00","Action":"run","Package":"github.com/PRO-Robotech/kacho/internal/repohygiene","Test":"TestSubscriptionShapeUnsetOutcomeCanFail/начало_не_ветвление_—_находка"}
{"Time":"2026-09-17T15:24:21.693669989+03:00","Action":"output","Package":"github.com/PRO-Robotech/kacho/internal/repohygiene","Test":"TestSubscriptionShapeUnsetOutcomeCanFail/начало_не_ветвление_—_находка","Output":"=== RUN   TestSubscriptionShapeUnsetOutcomeCanFail/начало_не_ветвление_—_находка\n"}
{"Time":"2026-09-17T15:24:21.693754307+03:00","Action":"output","Package":"github.com/PRO-Robotech/kacho/internal/repohygiene","Test":"TestSubscriptionShapeAbsentAxisCanFail/причина_переизложена_—_молчание","Output":"--- PASS: TestSubscriptionShapeAbsentAxisCanFail/причина_переизложена_—_молчание (0.00s)\n"}
{"Time":"2026-09-17T15:24:21.693760008+03:00","Action":"pass","Package":"github.com/PRO-Robotech/kacho/internal/repohygiene","Test":"TestSubscriptionShapeAbsentAxisCanFail/причина_переизложена_—_молчание","Elapsed":0}
{"Time":"2026-09-17T15:24:21.693763114+03:00","Action":"output","Package":"github.com/PRO-Robotech/kacho/internal/repohygiene","Test":"TestSubscriptionShapeAbsentAxisCanFail","Output":"--- PASS: TestSubscriptionShapeAbsentAxisCanFail (0.00s)\n"}
{"Time":"2026-09-17T15:24:21.69381963+03:00","Action":"pass","Package":"github.com/PRO-Robotech/kacho/internal/repohygiene","Test":"TestSubscriptionShapeAbsentAxisCanFail","Elapsed":0}
{"Time":"2026-09-17T15:24:21.693828136+03:00","Action":"output","Package":"github.com/PRO-Robotech/kacho/internal/repohygiene","Test":"TestCatalogReachability_AllowExcusesAndThenExpires","Output":"--- PASS: TestCatalogReachability_AllowExcusesAndThenExpires (0.00s)\n"}
{"Time":"2026-09-17T15:24:21.693878551+03:00","Action":"pass","Package":"github.com/PRO-Robotech/kacho/internal/repohygiene","Test":"TestCatalogReachability_AllowExcusesAndThenExpires","Elapsed":0}
{"Time":"2026-09-17T15:24:21.693882127+03:00","Action":"output","Package":"github.com/PRO-Robotech/kacho/internal/repohygiene","Test":"TestSubscriptionShapePerimeterCanFail/импорт_стандартного_контракта_—_молчание","Output":"    subscriptionformshape_injection_test.go:599: перепись: proto/corelib/subscription/subscription.proto — строк 70, типов 5 (верхнего уровня 4), полей 17 (осей 3), значений перечислений 3; утверждений проверено 45; находок 0\n"}
{"Time":"2026-09-17T15:24:21.6938887+03:00","Action":"output","Package":"github.com/PRO-Robotech/kacho/internal/repohygiene","Test":"TestSubscriptionShapeAnchorCanFail/якорь_на_верхнем_уровне,_но_иначе_записан_—_молчание","Output":"    subscriptionformshape_injection_test.go:516: перепись: proto/corelib/subscription/subscription.proto — строк 69, типов 5 (верхнего уровня 4), полей 17 (осей 3), значений перечислений 3; утверждений проверено 44; находок 0\n"}
{"Time":"2026-09-17T15:24:21.693964021+03:00","Action":"output","Package":"github.com/PRO-Robotech/kacho/internal/repohygiene","Test":"TestSubscriptionShapeAxisLedgerCanFail/запись_без_причины_—_находка","Output":"--- PASS: TestSubscriptionShapeAxisLedgerCanFail/запись_без_причины_—_находка (0.00s)\n"}
{"Time":"2026-09-17T15:24:21.693967848+03:00","Action":"pass","Package":"github.com/PRO-Robotech/kacho/internal/repohygiene","Test":"TestSubscriptionShapeAxisLedgerCanFail/запись_без_причины_—_находка","Elapsed":0}
{"Time":"2026-09-17T15:24:21.693972207+03:00","Action":"output","Package":"github.com/PRO-Robotech/kacho/internal/repohygiene","Test":"TestSubscriptionShapeAxisLedgerCanFail","Output":"--- PASS: TestSubscriptionShapeAxisLedgerCanFail (0.01s)\n"}
{"Time":"2026-09-17T15:24:21.694010198+03:00","Action":"pass","Package":"github.com/PRO-Robotech/kacho/internal/repohygiene","Test":"TestSubscriptionShapeAxisLedgerCanFail","Elapsed":0.01}
{"Time":"2026-09-17T15:24:21.694018894+03:00","Action":"output","Package":"github.com/PRO-Robotech/kacho/internal/repohygiene","Test":"TestSubscriptionShapeCarrierCanFail/состояние_ИМЕНОВАННЫМ_сообщением_—_молчание","Output":"    subscriptionformshape_injection_test.go:474: перепись: proto/corelib/subscription/subscription.proto — строк 73, типов 6 (верхнего уровня 4), полей 18 (осей 3), значений перечислений 3; утверждений проверено 44; находок 0\n"}
{"Time":"2026-09-17T15:24:21.694026819+03:00","Action":"output","Package":"github.com/PRO-Robotech/kacho/internal/repohygiene","Test":"TestSubscriptionShapePerimeterCanFail/импорт_стандартного_контракта_—_молчание","Output":"--- PASS: TestSubscriptionShapePerimeterCanFail/импорт_стандартного_контракта_—_молчание (0.00s)\n"}
{"Time":"2026-09-17T15:24:21.694030817+03:00","Action":"pass","Package":"github.com/PRO-Robotech/kacho/internal/repohygiene","Test":"TestSubscriptionShapePerimeterCanFail/импорт_стандартного_контракта_—_молчание","Elapsed":0}
{"Time":"2026-09-17T15:24:21.694033802+03:00","Action":"output","Package":"github.com/PRO-Robotech/kacho/internal/repohygiene","Test":"TestSubscriptionShapeAnchorCanFail/якорь_на_верхнем_уровне,_но_иначе_записан_—_молчание","Output":"--- PASS: TestSubscriptionShapeAnchorCanFail/якорь_на_верхнем_уровне,_но_иначе_записан_—_молчание (0.00s)\n"}
{"Time":"2026-09-17T15:24:21.694037098+03:00","Action":"pass","Package":"github.com/PRO-Robotech/kacho/internal/repohygiene","Test":"TestSubscriptionShapeAnchorCanFail/якорь_на_верхнем_уровне,_но_иначе_записан_—_молчание","Elapsed":0}
{"Time":"2026-09-17T15:24:21.694041427+03:00","Action":"output","Package":"github.com/PRO-Robotech/kacho/internal/repohygiene","Test":"TestSubscriptionShapePerimeterCanFail","Output":"--- PASS: TestSubscriptionShapePerimeterCanFail (0.01s)\n"}
{"Time":"2026-09-17T15:24:21.694044021+03:00","Action":"pass","Package":"github.com/PRO-Robotech/kacho/internal/repohygiene","Test":"TestSubscriptionShapePerimeterCanFail","Elapsed":0.01}
{"Time":"2026-09-17T15:24:21.694046396+03:00","Action":"output","Package":"github.com/PRO-Robotech/kacho/internal/repohygiene","Test":"TestSubscriptionShapeAnchorCanFail","Output":"--- PASS: TestSubscriptionShapeAnchorCanFail (0.01s)\n"}
{"Time":"2026-09-17T15:24:21.694084097+03:00","Action":"pass","Package":"github.com/PRO-Robotech/kacho/internal/repohygiene","Test":"TestSubscriptionShapeAnchorCanFail","Elapsed":0.01}
{"Time":"2026-09-17T15:24:21.69409103+03:00","Action":"output","Package":"github.com/PRO-Robotech/kacho/internal/repohygiene","Test":"TestSubscriptionShapeUnsetOutcomeCanFail/начало_не_ветвление_—_находка","Output":"    subscriptionformshape_injection_test.go:416: перепись: proto/corelib/subscription/subscription.proto — строк 62, типов 5 (верхнего уровня 4), полей 16 (осей 3), значений перечислений 3; утверждений проверено 40; находок 1\n"}
{"Time":"2026-09-17T15:24:21.694138008+03:00","Action":"output","Package":"github.com/PRO-Robotech/kacho/internal/repohygiene","Test":"TestSubscriptionShapeReasonContract/CI-DT-04-third-branch","Output":"    subscriptionreason_test.go:70: перепись: proto/corelib/subscription/subscription.proto — строк 70, типов 5 (верхнего уровня 4), полей 18 (осей 3), значений перечислений 3; утверждений проверено 44; находок 1\n"}
{"Time":"2026-09-17T15:24:21.694357651+03:00","Action":"output","Package":"github.com/PRO-Robotech/kacho/internal/repohygiene","Test":"TestSubscriptionShapeCarrierCanFail/состояние_ИМЕНОВАННЫМ_сообщением_—_молчание","Output":"--- PASS: TestSubscriptionShapeCarrierCanFail/состояние_ИМЕНОВАННЫМ_сообщением_—_молчание (0.00s)\n"}
{"Time":"2026-09-17T15:24:21.694407564+03:00","Action":"pass","Package":"github.com/PRO-Robotech/kacho/internal/repohygiene","Test":"TestSubscriptionShapeCarrierCanFail/состояние_ИМЕНОВАННЫМ_сообщением_—_молчание","Elapsed":0}
{"Time":"2026-09-17T15:24:21.694414608+03:00","Action":"output","Package":"github.com/PRO-Robotech/kacho/internal/repohygiene","Test":"TestSubscriptionShapeReasonContract/CI-DT-04-third-branch","Output":"    subscriptionreason_test.go:71: дефектная форма:\n"}
{"Time":"2026-09-17T15:24:21.694417273+03:00","Action":"output","Package":"github.com/PRO-Robotech/kacho/internal/repohygiene","Test":"TestSubscriptionShapeReasonContract/CI-DT-04-third-branch","Output":"        syntax = \"proto3\";\n"}
{"Time":"2026-09-17T15:24:21.694423434+03:00","Action":"output","Package":"github.com/PRO-Robotech/kacho/internal/repohygiene","Test":"TestSubscriptionShapeReasonContract/CI-DT-04-third-branch","Output":"        \n"}
{"Time":"2026-09-17T15:24:21.694427612+03:00","Action":"output","Package":"github.com/PRO-Robotech/kacho/internal/repohygiene","Test":"TestSubscriptionShapeReasonContract/CI-DT-04-third-branch","Output":"        package corelib.subscription;\n"}
{"Time":"2026-09-17T15:24:21.694433293+03:00","Action":"output","Package":"github.com/PRO-Robotech/kacho/internal/repohygiene","Test":"TestSubscriptionShapeReasonContract/CI-DT-04-third-branch","Output":"        \n"}
{"Time":"2026-09-17T15:24:21.694440576+03:00","Action":"output","Package":"github.com/PRO-Robotech/kacho/internal/repohygiene","Test":"TestSubscriptionShapeReasonContract/CI-DT-04-third-branch","Output":"        import \"google/protobuf/any.proto\";\n"}
{"Time":"2026-09-17T15:24:21.694443342+03:00","Action":"output","Package":"github.com/PRO-Robotech/kacho/internal/repohygiene","Test":"TestSubscriptionShapeReasonContract/CI-DT-04-third-branch","Output":"        \n"}
{"Time":"2026-09-17T15:24:21.694445606+03:00","Action":"output","Package":"github.com/PRO-Robotech/kacho/internal/repohygiene","Test":"TestSubscriptionShapeReasonContract/CI-DT-04-third-branch","Output":"        // SubscriptionAnchor — якорь начала.\n"}
{"Time":"2026-09-17T15:24:21.694448101+03:00","Action":"output","Package":"github.com/PRO-Robotech/kacho/internal/repohygiene","Test":"TestSubscriptionShapeReasonContract/CI-DT-04-third-branch","Output":"        enum SubscriptionAnchor {\n"}
{"Time":"2026-09-17T15:24:21.694456336+03:00","Action":"output","Package":"github.com/PRO-Robotech/kacho/internal/repohygiene","Test":"TestSubscriptionShapeReasonContract/CI-DT-04-third-branch","Output":"          SUBSCRIPTION_ANCHOR_UNSPECIFIED = 0;\n"}
{"Time":"2026-09-17T15:24:21.694459973+03:00","Action":"output","Package":"github.com/PRO-Robotech/kacho/internal/repohygiene","Test":"TestSubscriptionShapeReasonContract/CI-DT-04-third-branch","Output":"          BEGINNING = 1;\n"}
{"Time":"2026-09-17T15:24:21.694463369+03:00","Action":"output","Package":"github.com/PRO-Robotech/kacho/internal/repohygiene","Test":"TestSubscriptionShapeReasonContract/CI-DT-04-third-branch","Output":"          CURRENT_END = 2;\n"}
{"Time":"2026-09-17T15:24:21.694469882+03:00","Action":"output","Package":"github.com/PRO-Robotech/kacho/internal/repohygiene","Test":"TestSubscriptionShapeReasonContract/CI-DT-04-third-branch","Output":"        }\n"}
{"Time":"2026-09-17T15:24:21.694473558+03:00","Action":"output","Package":"github.com/PRO-Robotech/kacho/internal/repohygiene","Test":"TestSubscriptionShapeReasonContract/CI-DT-04-third-branch","Output":"        \n"}
{"Time":"2026-09-17T15:24:21.694475803+03:00","Action":"output","Package":"github.com/PRO-Robotech/kacho/internal/repohygiene","Test":"TestSubscriptionShapeReasonContract/CI-DT-04-third-branch","Output":"        // SubscriptionRequest — запрос подписки.\n"}
{"Time":"2026-09-17T15:24:21.694478337+03:00","Action":"output","Package":"github.com/PRO-Robotech/kacho/internal/repohygiene","Test":"TestSubscriptionShapeReasonContract/CI-DT-04-third-branch","Output":"        //\n"}
{"Time":"2026-09-17T15:24:21.694480632+03:00","Action":"output","Package":"github.com/PRO-Robotech/kacho/internal/repohygiene","Test":"TestSubscriptionShapeReasonContract/CI-DT-04-third-branch","Output":"        // ИМЯ сюда не берётся: оно мутабельно, и подписка по нему молча перестанет\n"}
{"Time":"2026-09-17T15:24:21.694483768+03:00","Action":"output","Package":"github.com/PRO-Robotech/kacho/internal/repohygiene","Test":"TestSubscriptionShapeReasonContract/CI-DT-04-third-branch","Output":"        // совпадать. МЕТКИ сюда не берутся: они мутабельны, и выход из выборки\n"}
{"Time":"2026-09-17T15:24:21.694489398+03:00","Action":"output","Package":"github.com/PRO-Robotech/kacho/internal/repohygiene","Test":"TestSubscriptionShapeReasonContract/CI-DT-04-third-branch","Output":"        // неотличим от удаления.\n"}
{"Time":"2026-09-17T15:24:21.694491993+03:00","Action":"output","Package":"github.com/PRO-Robotech/kacho/internal/repohygiene","Test":"TestSubscriptionShapeReasonContract/CI-DT-04-third-branch","Output":"        message SubscriptionRequest {\n"}
{"Time":"2026-09-17T15:24:21.694502393+03:00","Action":"output","Package":"github.com/PRO-Robotech/kacho/internal/repohygiene","Test":"TestSubscriptionShapeReasonContract/CI-DT-04-third-branch","Output":"          // kinds — виды предметов. Категория: УДОБСТВА.\n"}
{"Time":"2026-09-17T15:24:21.694505689+03:00","Action":"output","Package":"github.com/PRO-Robotech/kacho/internal/repohygiene","Test":"TestSubscriptionShapeReasonContract/CI-DT-04-third-branch","Output":"          repeated string kinds = 1;\n"}
{"Time":"2026-09-17T15:24:21.694509987+03:00","Action":"output","Package":"github.com/PRO-Robotech/kacho/internal/repohygiene","Test":"TestSubscriptionShapeReasonContract/CI-DT-04-third-branch","Output":"        \n"}
{"Time":"2026-09-17T15:24:21.694513984+03:00","Action":"output","Package":"github.com/PRO-Robotech/kacho/internal/repohygiene","Test":"TestSubscriptionShapeReasonContract/CI-DT-04-third-branch","Output":"          // project_id — проект. Категория: ЯКОРНАЯ.\n"}
{"Time":"2026-09-17T15:24:21.694520637+03:00","Action":"output","Package":"github.com/PRO-Robotech/kacho/internal/repohygiene","Test":"TestSubscriptionShapeReasonContract/CI-DT-04-third-branch","Output":"          string project_id = 2;\n"}
{"Time":"2026-09-17T15:24:21.694524194+03:00","Action":"output","Package":"github.com/PRO-Robotech/kacho/internal/repohygiene","Test":"TestSubscriptionShapeReasonContract/CI-DT-04-third-branch","Output":"        \n"}
{"Time":"2026-09-17T15:24:21.694526718+03:00","Action":"output","Package":"github.com/PRO-Robotech/kacho/internal/repohygiene","Test":"TestSubscriptionShapeReasonContract/CI-DT-04-third-branch","Output":"          // ids — идентификаторы. Категория: УДОБСТВА.\n"}
{"Time":"2026-09-17T15:24:21.694529293+03:00","Action":"output","Package":"github.com/PRO-Robotech/kacho/internal/repohygiene","Test":"TestSubscriptionShapeReasonContract/CI-DT-04-third-branch","Output":"          repeated string ids = 3;\n"}
{"Time":"2026-09-17T15:24:21.694531427+03:00","Action":"output","Package":"github.com/PRO-Robotech/kacho/internal/repohygiene","Test":"TestSubscriptionShapeReasonContract/CI-DT-04-third-branch","Output":"          // start — с какого места отдавать.\n"}
{"Time":"2026-09-17T15:24:21.694533902+03:00","Action":"output","Package":"github.com/PRO-Robotech/kacho/internal/repohygiene","Test":"TestSubscriptionShapeReasonContract/CI-DT-04-third-branch","Output":"          //\n"}
{"Time":"2026-09-17T15:24:21.694536216+03:00","Action":"output","Package":"github.com/PRO-Robotech/kacho/internal/repohygiene","Test":"TestSubscriptionShapeReasonContract/CI-DT-04-third-branch","Output":"          // ИСХОД НЕЗАДАННОГО НАЗВАН: start не задан означает ровно CURRENT_END.\n"}
{"Time":"2026-09-17T15:24:21.694541135+03:00","Action":"output","Package":"github.com/PRO-Robotech/kacho/internal/repohygiene","Test":"TestSubscriptionShapeReasonContract/CI-DT-04-third-branch","Output":"          oneof start {\n"}
{"Time":"2026-09-17T15:24:21.694543299+03:00","Action":"output","Package":"github.com/PRO-Robotech/kacho/internal/repohygiene","Test":"TestSubscriptionShapeReasonContract/CI-DT-04-third-branch","Output":"            // anchor — назвать место словом.\n"}
{"Time":"2026-09-17T15:24:21.694545704+03:00","Action":"output","Package":"github.com/PRO-Robotech/kacho/internal/repohygiene","Test":"TestSubscriptionShapeReasonContract/CI-DT-04-third-branch","Output":"            SubscriptionAnchor anchor = 10;\n"}
{"Time":"2026-09-17T15:24:21.694548038+03:00","Action":"output","Package":"github.com/PRO-Robotech/kacho/internal/repohygiene","Test":"TestSubscriptionShapeReasonContract/CI-DT-04-third-branch","Output":"            // position — непрозрачный токен.\n"}
{"Time":"2026-09-17T15:24:21.694550543+03:00","Action":"output","Package":"github.com/PRO-Robotech/kacho/internal/repohygiene","Test":"TestSubscriptionShapeReasonContract/CI-DT-04-third-branch","Output":"            string position = 11;\n"}
{"Time":"2026-09-17T15:24:21.694552737+03:00","Action":"output","Package":"github.com/PRO-Robotech/kacho/internal/repohygiene","Test":"TestSubscriptionShapeReasonContract/CI-DT-04-third-branch","Output":"          }\n"}
{"Time":"2026-09-17T15:24:21.694554881+03:00","Action":"output","Package":"github.com/PRO-Robotech/kacho/internal/repohygiene","Test":"TestSubscriptionShapeReasonContract/CI-DT-04-third-branch","Output":"        }\n"}
{"Time":"2026-09-17T15:24:21.694557516+03:00","Action":"output","Package":"github.com/PRO-Robotech/kacho/internal/repohygiene","Test":"TestSubscriptionShapeReasonContract/CI-DT-04-third-branch","Output":"        \n"}
{"Time":"2026-09-17T15:24:21.69455975+03:00","Action":"output","Package":"github.com/PRO-Robotech/kacho/internal/repohygiene","Test":"TestSubscriptionShapeReasonContract/CI-DT-04-third-branch","Output":"        // SubscriptionOpened — служебное первое сообщение.\n"}
{"Time":"2026-09-17T15:24:21.694562185+03:00","Action":"output","Package":"github.com/PRO-Robotech/kacho/internal/repohygiene","Test":"TestSubscriptionShapeReasonContract/CI-DT-04-third-branch","Output":"        message SubscriptionOpened {\n"}
{"Time":"2026-09-17T15:24:21.694566563+03:00","Action":"output","Package":"github.com/PRO-Robotech/kacho/internal/repohygiene","Test":"TestSubscriptionShapeReasonContract/CI-DT-04-third-branch","Output":"          string position = 1;\n"}
{"Time":"2026-09-17T15:24:21.694569679+03:00","Action":"output","Package":"github.com/PRO-Robotech/kacho/internal/repohygiene","Test":"TestSubscriptionShapeReasonContract/CI-DT-04-third-branch","Output":"          bool caught_up = 2;\n"}
{"Time":"2026-09-17T15:24:21.694572074+03:00","Action":"output","Package":"github.com/PRO-Robotech/kacho/internal/repohygiene","Test":"TestSubscriptionShapeReasonContract/CI-DT-04-third-branch","Output":"          repeated string honored_filters = 3;\n"}
{"Time":"2026-09-17T15:24:21.694574208+03:00","Action":"output","Package":"github.com/PRO-Robotech/kacho/internal/repohygiene","Test":"TestSubscriptionShapeReasonContract/CI-DT-04-third-branch","Output":"          string earliest_resumable_position = 4;\n"}
{"Time":"2026-09-17T15:24:21.694576632+03:00","Action":"output","Package":"github.com/PRO-Robotech/kacho/internal/repohygiene","Test":"TestSubscriptionShapeReasonContract/CI-DT-04-third-branch","Output":"          bool retains_everything = 5;\n"}
{"Time":"2026-09-17T15:24:21.694578836+03:00","Action":"output","Package":"github.com/PRO-Robotech/kacho/internal/repohygiene","Test":"TestSubscriptionShapeReasonContract/CI-DT-04-third-branch","Output":"        }\n"}
{"Time":"2026-09-17T15:24:21.694582323+03:00","Action":"output","Package":"github.com/PRO-Robotech/kacho/internal/repohygiene","Test":"TestSubscriptionShapeCarrierCanFail","Output":"--- PASS: TestSubscriptionShapeCarrierCanFail (0.01s)\n"}
{"Time":"2026-09-17T15:24:21.694587673+03:00","Action":"pass","Package":"github.com/PRO-Robotech/kacho/internal/repohygiene","Test":"TestSubscriptionShapeCarrierCanFail","Elapsed":0.01}
{"Time":"2026-09-17T15:24:21.694591831+03:00","Action":"output","Package":"github.com/PRO-Robotech/kacho/internal/repohygiene","Test":"TestSubscriptionShapeReasonContract/CI-DT-04-third-branch","Output":"        \n"}
{"Time":"2026-09-17T15:24:21.694595968+03:00","Action":"output","Package":"github.com/PRO-Robotech/kacho/internal/repohygiene","Test":"TestSubscriptionShapeReasonContract/CI-DT-04-third-branch","Output":"        // SubscriptionEvent — оболочка события.\n"}
{"Time":"2026-09-17T15:24:21.694599836+03:00","Action":"output","Package":"github.com/PRO-Robotech/kacho/internal/repohygiene","Test":"TestSubscriptionShapeReasonContract/CI-DT-04-third-branch","Output":"        message SubscriptionEvent {\n"}
{"Time":"2026-09-17T15:24:21.69460197+03:00","Action":"output","Package":"github.com/PRO-Robotech/kacho/internal/repohygiene","Test":"TestSubscriptionShapeReasonContract/CI-DT-04-third-branch","Output":"          // StateUnavailable — вторая ветвь носителя.\n"}
{"Time":"2026-09-17T15:24:21.694604344+03:00","Action":"output","Package":"github.com/PRO-Robotech/kacho/internal/repohygiene","Test":"TestSubscriptionShapeReasonContract/CI-DT-04-third-branch","Output":"          message StateUnavailable {\n"}
{"Time":"2026-09-17T15:24:21.694606558+03:00","Action":"output","Package":"github.com/PRO-Robotech/kacho/internal/repohygiene","Test":"TestSubscriptionShapeReasonContract/CI-DT-04-third-branch","Output":"            // reason — почему состояния нет. Это НЕ причина остановки потока.\n"}
{"Time":"2026-09-17T15:24:21.694609213+03:00","Action":"output","Package":"github.com/PRO-Robotech/kacho/internal/repohygiene","Test":"TestSubscriptionShapeReasonContract/CI-DT-04-third-branch","Output":"            string reason = 1;\n"}
{"Time":"2026-09-17T15:24:21.694611367+03:00","Action":"output","Package":"github.com/PRO-Robotech/kacho/internal/repohygiene","Test":"TestSubscriptionShapeReasonContract/CI-DT-04-third-branch","Output":"          }\n"}
{"Time":"2026-09-17T15:24:21.694613551+03:00","Action":"output","Package":"github.com/PRO-Robotech/kacho/internal/repohygiene","Test":"TestSubscriptionShapeReasonContract/CI-DT-04-third-branch","Output":"        \n"}
{"Time":"2026-09-17T15:24:21.694615695+03:00","Action":"output","Package":"github.com/PRO-Robotech/kacho/internal/repohygiene","Test":"TestSubscriptionShapeReasonContract/CI-DT-04-third-branch","Output":"          string position = 1;\n"}
{"Time":"2026-09-17T15:24:21.694620264+03:00","Action":"output","Package":"github.com/PRO-Robotech/kacho/internal/repohygiene","Test":"TestSubscriptionShapeReasonContract/CI-DT-04-third-branch","Output":"          string kind = 2;\n"}
{"Time":"2026-09-17T15:24:21.694627758+03:00","Action":"output","Package":"github.com/PRO-Robotech/kacho/internal/repohygiene","Test":"TestSubscriptionShapeReasonContract/CI-DT-04-third-branch","Output":"          string resource_id = 3;\n"}
{"Time":"2026-09-17T15:24:21.694629952+03:00","Action":"output","Package":"github.com/PRO-Robotech/kacho/internal/repohygiene","Test":"TestSubscriptionShapeReasonContract/CI-DT-04-third-branch","Output":"          // project_id — авторизуемый якорь, поле ОБОЛОЧКИ.\n"}
{"Time":"2026-09-17T15:24:21.694632577+03:00","Action":"output","Package":"github.com/PRO-Robotech/kacho/internal/repohygiene","Test":"TestSubscriptionShapeReasonContract/CI-DT-04-third-branch","Output":"          string project_id = 4;\n"}
{"Time":"2026-09-17T15:24:21.694634661+03:00","Action":"output","Package":"github.com/PRO-Robotech/kacho/internal/repohygiene","Test":"TestSubscriptionShapeReasonContract/CI-DT-04-third-branch","Output":"        \n"}
{"Time":"2026-09-17T15:24:21.694636955+03:00","Action":"output","Package":"github.com/PRO-Robotech/kacho/internal/repohygiene","Test":"TestSubscriptionShapeReasonContract/CI-DT-04-third-branch","Output":"          oneof carrier {\n"}
{"Time":"2026-09-17T15:24:21.69463912+03:00","Action":"output","Package":"github.com/PRO-Robotech/kacho/internal/repohygiene","Test":"TestSubscriptionShapeReasonContract/CI-DT-04-third-branch","Output":"            google.protobuf.Any state = 10;\n"}
{"Time":"2026-09-17T15:24:21.694643949+03:00","Action":"output","Package":"github.com/PRO-Robotech/kacho/internal/repohygiene","Test":"TestSubscriptionShapeReasonContract/CI-DT-04-third-branch","Output":"            StateUnavailable state_unavailable = 11;\n"}
{"Time":"2026-09-17T15:24:21.694646183+03:00","Action":"output","Package":"github.com/PRO-Robotech/kacho/internal/repohygiene","Test":"TestSubscriptionShapeReasonContract/CI-DT-04-third-branch","Output":"            string state_summary = 12;\n"}
{"Time":"2026-09-17T15:24:21.694648207+03:00","Action":"output","Package":"github.com/PRO-Robotech/kacho/internal/repohygiene","Test":"TestSubscriptionShapeReasonContract/CI-DT-04-third-branch","Output":"          }\n"}
{"Time":"2026-09-17T15:24:21.694652695+03:00","Action":"output","Package":"github.com/PRO-Robotech/kacho/internal/repohygiene","Test":"TestSubscriptionShapeReasonContract/CI-DT-04-third-branch","Output":"        }\n"}
{"Time":"2026-09-17T15:24:21.694654929+03:00","Action":"output","Package":"github.com/PRO-Robotech/kacho/internal/repohygiene","Test":"TestSubscriptionShapeReasonContract/CI-DT-04-third-branch","Output":"        \n"}
{"Time":"2026-09-17T15:24:21.694662423+03:00","Action":"output","Package":"github.com/PRO-Robotech/kacho/internal/repohygiene","Test":"TestSubscriptionShapeReasonContract/CI-DT-04-third-branch","Output":"        \n"}
{"Time":"2026-09-17T15:24:21.694666892+03:00","Action":"output","Package":"github.com/PRO-Robotech/kacho/internal/repohygiene","Test":"TestSubscriptionShapeUnsetOutcomeCanFail/начало_не_ветвление_—_находка","Output":"--- PASS: TestSubscriptionShapeUnsetOutcomeCanFail/начало_не_ветвление_—_находка (0.00s)\n"}
{"Time":"2026-09-17T15:24:21.694678844+03:00","Action":"pass","Package":"github.com/PRO-Robotech/kacho/internal/repohygiene","Test":"TestSubscriptionShapeUnsetOutcomeCanFail/начало_не_ветвление_—_находка","Elapsed":0}
{"Time":"2026-09-17T15:24:21.694682231+03:00","Action":"output","Package":"github.com/PRO-Robotech/kacho/internal/repohygiene","Test":"TestSubscriptionShapeReasonContract/CI-DT-04-third-branch","Output":"    subscriptionreason_test.go:83: carrier-not-a-choice proto/corelib/subscription/subscription.proto:49: Reason = \"ветвление носителя несёт 3 ветв(ей), а обязано ровно две: состояние ЛИБО признак, что состояния нет. Одна ветвь возвращает представимость пустой нагрузки, третья — заводит исход, о котором подписчику не сказано, что с ним делать\"; требуется \"ветвление носителя несёт 3 ветв(ей), а обязано ровно две: состояние ЛИБО признак, что состояния нет. Здесь проверяется число объявленных ветвей, а не заполненность конкретного сообщения\"\n"}
{"Time":"2026-09-17T15:24:21.694689644+03:00","Action":"output","Package":"github.com/PRO-Robotech/kacho/internal/repohygiene","Test":"TestSubscriptionShapeUnsetOutcomeCanFail","Output":"--- PASS: TestSubscriptionShapeUnsetOutcomeCanFail (0.01s)\n"}
{"Time":"2026-09-17T15:24:21.694798439+03:00","Action":"pass","Package":"github.com/PRO-Robotech/kacho/internal/repohygiene","Test":"TestSubscriptionShapeUnsetOutcomeCanFail","Elapsed":0.01}
{"Time":"2026-09-17T15:24:21.694804801+03:00","Action":"output","Package":"github.com/PRO-Robotech/kacho/internal/repohygiene","Test":"TestSubscriptionShapeReasonContract/CI-DT-04-third-branch","Output":"--- FAIL: TestSubscriptionShapeReasonContract/CI-DT-04-third-branch (0.00s)\n"}
{"Time":"2026-09-17T15:24:21.694807937+03:00","Action":"fail","Package":"github.com/PRO-Robotech/kacho/internal/repohygiene","Test":"TestSubscriptionShapeReasonContract/CI-DT-04-third-branch","Elapsed":0}
{"Time":"2026-09-17T15:24:21.694812004+03:00","Action":"output","Package":"github.com/PRO-Robotech/kacho/internal/repohygiene","Test":"TestSubscriptionShapeReasonContract","Output":"--- FAIL: TestSubscriptionShapeReasonContract (0.01s)\n"}
{"Time":"2026-09-17T15:24:21.705849462+03:00","Action":"fail","Package":"github.com/PRO-Robotech/kacho/internal/repohygiene","Test":"TestSubscriptionShapeReasonContract","Elapsed":0.01}
{"Time":"2026-09-17T15:24:21.705862566+03:00","Action":"output","Package":"github.com/PRO-Robotech/kacho/internal/repohygiene","Test":"TestGRPCMountParity_ReadsTheImportAliasAndNotThePathTail","Output":"--- PASS: TestGRPCMountParity_ReadsTheImportAliasAndNotThePathTail (0.02s)\n"}
{"Time":"2026-09-17T15:24:21.737831029+03:00","Action":"pass","Package":"github.com/PRO-Robotech/kacho/internal/repohygiene","Test":"TestGRPCMountParity_ReadsTheImportAliasAndNotThePathTail","Elapsed":0.02}
{"Time":"2026-09-17T15:24:21.737850465+03:00","Action":"output","Package":"github.com/PRO-Robotech/kacho/internal/repohygiene","Test":"TestGRPCMountParity_EveryDeclaredServiceIsMounted","Output":"    grpcmountparity_test.go:133: перепись: стабов 66 файлов, proto-пакетов 9, сервисов объявлено 68; композиционных корней 22 (файлов 82), из них монтирующих 7; владеющих пакетов 18, смонтировано сервисов 56; исключений вне предмета (пакетом никто не владеет) 22; находок 0\n"}
{"Time":"2026-09-17T15:24:21.737868349+03:00","Action":"output","Package":"github.com/PRO-Robotech/kacho/internal/repohygiene","Test":"TestGRPCMountParity_EveryDeclaredServiceIsMounted","Output":"--- PASS: TestGRPCMountParity_EveryDeclaredServiceIsMounted (0.05s)\n"}
{"Time":"2026-09-17T15:24:21.764007399+03:00","Action":"pass","Package":"github.com/PRO-Robotech/kacho/internal/repohygiene","Test":"TestGRPCMountParity_EveryDeclaredServiceIsMounted","Elapsed":0.05}
{"Time":"2026-09-17T15:24:21.764027747+03:00","Action":"output","Package":"github.com/PRO-Robotech/kacho/internal/repohygiene","Test":"TestCatalogReachability_EveryRowResolvesToAServedMethod","Output":"    catalogreachability_test.go:231: перепись: строк каталога 341 (резолвится 233, исключено 108); стабов 66 файлов, сервисов 68, методов контракта 341; композиционных корней 22 (файлов 82), из них монтирующих 7, смонтировано сервисов 46; находок 0\n"}
{"Time":"2026-09-17T15:24:21.764037185+03:00","Action":"output","Package":"github.com/PRO-Robotech/kacho/internal/repohygiene","Test":"TestCatalogReachability_EveryRowResolvesToAServedMethod","Output":"--- PASS: TestCatalogReachability_EveryRowResolvesToAServedMethod (0.08s)\n"}
{"Time":"2026-09-17T15:24:21.764123547+03:00","Action":"pass","Package":"github.com/PRO-Robotech/kacho/internal/repohygiene","Test":"TestCatalogReachability_EveryRowResolvesToAServedMethod","Elapsed":0.08}
{"Time":"2026-09-17T15:24:21.764126873+03:00","Action":"output","Package":"github.com/PRO-Robotech/kacho/internal/repohygiene","Test":"TestCatalogReachability_InertRowsAreExactlyTheAllowedServices","Output":"    catalogreachability_test.go:328: перепись: строк каталога 341, методов контракта 341, модулей-владельцев 7; находок рода unmounted 108\n"}
{"Time":"2026-09-17T15:24:21.764131182+03:00","Action":"output","Package":"github.com/PRO-Robotech/kacho/internal/repohygiene","Test":"TestCatalogReachability_InertRowsAreExactlyTheAllowedServices","Output":"--- PASS: TestCatalogReachability_InertRowsAreExactlyTheAllowedServices (0.08s)\n"}
{"Time":"2026-09-17T15:24:21.764140058+03:00","Action":"pass","Package":"github.com/PRO-Robotech/kacho/internal/repohygiene","Test":"TestCatalogReachability_InertRowsAreExactlyTheAllowedServices","Elapsed":0.08}
{"Time":"2026-09-17T15:24:21.764142914+03:00","Action":"output","Package":"github.com/PRO-Robotech/kacho/internal/repohygiene","Output":"FAIL\n"}
{"Time":"2026-09-17T15:24:21.766952683+03:00","Action":"output","Package":"github.com/PRO-Robotech/kacho/internal/repohygiene","Output":"FAIL\tgithub.com/PRO-Robotech/kacho/internal/repohygiene\t0.098s\n"}
{"Time":"2026-09-17T15:24:21.766963874+03:00","Action":"fail","Package":"github.com/PRO-Robotech/kacho/internal/repohygiene","Elapsed":0.098}
