{"Time":"2026-09-17T15:41:00.338458019+03:00","Action":"start","Package":"github.com/PRO-Robotech/kacho/internal/repohygiene"}
{"Time":"2026-09-17T15:41:00.355239278+03:00","Action":"run","Package":"github.com/PRO-Robotech/kacho/internal/repohygiene","Test":"TestCatalogReachability_EveryRowResolvesToAServedMethod"}
{"Time":"2026-09-17T15:41:00.35528289+03:00","Action":"output","Package":"github.com/PRO-Robotech/kacho/internal/repohygiene","Test":"TestCatalogReachability_EveryRowResolvesToAServedMethod","Output":"=== RUN   TestCatalogReachability_EveryRowResolvesToAServedMethod\n"}
{"Time":"2026-09-17T15:41:00.355322404+03:00","Action":"output","Package":"github.com/PRO-Robotech/kacho/internal/repohygiene","Test":"TestCatalogReachability_EveryRowResolvesToAServedMethod","Output":"=== PAUSE TestCatalogReachability_EveryRowResolvesToAServedMethod\n"}
{"Time":"2026-09-17T15:41:00.355326222+03:00","Action":"pause","Package":"github.com/PRO-Robotech/kacho/internal/repohygiene","Test":"TestCatalogReachability_EveryRowResolvesToAServedMethod"}
{"Time":"2026-09-17T15:41:00.355330339+03:00","Action":"run","Package":"github.com/PRO-Robotech/kacho/internal/repohygiene","Test":"TestCatalogReachability_InertRowsAreExactlyTheAllowedServices"}
{"Time":"2026-09-17T15:41:00.355334798+03:00","Action":"output","Package":"github.com/PRO-Robotech/kacho/internal/repohygiene","Test":"TestCatalogReachability_InertRowsAreExactlyTheAllowedServices","Output":"=== RUN   TestCatalogReachability_InertRowsAreExactlyTheAllowedServices\n"}
{"Time":"2026-09-17T15:41:00.355345798+03:00","Action":"output","Package":"github.com/PRO-Robotech/kacho/internal/repohygiene","Test":"TestCatalogReachability_InertRowsAreExactlyTheAllowedServices","Output":"=== PAUSE TestCatalogReachability_InertRowsAreExactlyTheAllowedServices\n"}
{"Time":"2026-09-17T15:41:00.355349736+03:00","Action":"pause","Package":"github.com/PRO-Robotech/kacho/internal/repohygiene","Test":"TestCatalogReachability_InertRowsAreExactlyTheAllowedServices"}
{"Time":"2026-09-17T15:41:00.355375975+03:00","Action":"run","Package":"github.com/PRO-Robotech/kacho/internal/repohygiene","Test":"TestCatalogReachability_SilentOnAServedMethod"}
{"Time":"2026-09-17T15:41:00.355396173+03:00","Action":"output","Package":"github.com/PRO-Robotech/kacho/internal/repohygiene","Test":"TestCatalogReachability_SilentOnAServedMethod","Output":"=== RUN   TestCatalogReachability_SilentOnAServedMethod\n"}
{"Time":"2026-09-17T15:41:00.355403667+03:00","Action":"output","Package":"github.com/PRO-Robotech/kacho/internal/repohygiene","Test":"TestCatalogReachability_SilentOnAServedMethod","Output":"=== PAUSE TestCatalogReachability_SilentOnAServedMethod\n"}
{"Time":"2026-09-17T15:41:00.355406933+03:00","Action":"pause","Package":"github.com/PRO-Robotech/kacho/internal/repohygiene","Test":"TestCatalogReachability_SilentOnAServedMethod"}
{"Time":"2026-09-17T15:41:00.355410219+03:00","Action":"run","Package":"github.com/PRO-Robotech/kacho/internal/repohygiene","Test":"TestCatalogReachability_RedOnAnUnmountedService"}
{"Time":"2026-09-17T15:41:00.355412694+03:00","Action":"output","Package":"github.com/PRO-Robotech/kacho/internal/repohygiene","Test":"TestCatalogReachability_RedOnAnUnmountedService","Output":"=== RUN   TestCatalogReachability_RedOnAnUnmountedService\n"}
{"Time":"2026-09-17T15:41:00.355423244+03:00","Action":"output","Package":"github.com/PRO-Robotech/kacho/internal/repohygiene","Test":"TestCatalogReachability_RedOnAnUnmountedService","Output":"=== PAUSE TestCatalogReachability_RedOnAnUnmountedService\n"}
{"Time":"2026-09-17T15:41:00.355425648+03:00","Action":"pause","Package":"github.com/PRO-Robotech/kacho/internal/repohygiene","Test":"TestCatalogReachability_RedOnAnUnmountedService"}
{"Time":"2026-09-17T15:41:00.355429235+03:00","Action":"run","Package":"github.com/PRO-Robotech/kacho/internal/repohygiene","Test":"TestCatalogReachability_RedOnAMethodTheContractDoesNotHave"}
{"Time":"2026-09-17T15:41:00.355436519+03:00","Action":"output","Package":"github.com/PRO-Robotech/kacho/internal/repohygiene","Test":"TestCatalogReachability_RedOnAMethodTheContractDoesNotHave","Output":"=== RUN   TestCatalogReachability_RedOnAMethodTheContractDoesNotHave\n"}
{"Time":"2026-09-17T15:41:00.355439384+03:00","Action":"output","Package":"github.com/PRO-Robotech/kacho/internal/repohygiene","Test":"TestCatalogReachability_RedOnAMethodTheContractDoesNotHave","Output":"=== PAUSE TestCatalogReachability_RedOnAMethodTheContractDoesNotHave\n"}
{"Time":"2026-09-17T15:41:00.355441538+03:00","Action":"pause","Package":"github.com/PRO-Robotech/kacho/internal/repohygiene","Test":"TestCatalogReachability_RedOnAMethodTheContractDoesNotHave"}
{"Time":"2026-09-17T15:41:00.355443993+03:00","Action":"run","Package":"github.com/PRO-Robotech/kacho/internal/repohygiene","Test":"TestCatalogReachability_RedOnAServiceTheContractDoesNotHave"}
{"Time":"2026-09-17T15:41:00.355446017+03:00","Action":"output","Package":"github.com/PRO-Robotech/kacho/internal/repohygiene","Test":"TestCatalogReachability_RedOnAServiceTheContractDoesNotHave","Output":"=== RUN   TestCatalogReachability_RedOnAServiceTheContractDoesNotHave\n"}
{"Time":"2026-09-17T15:41:00.355448481+03:00","Action":"output","Package":"github.com/PRO-Robotech/kacho/internal/repohygiene","Test":"TestCatalogReachability_RedOnAServiceTheContractDoesNotHave","Output":"=== PAUSE TestCatalogReachability_RedOnAServiceTheContractDoesNotHave\n"}
{"Time":"2026-09-17T15:41:00.355453831+03:00","Action":"pause","Package":"github.com/PRO-Robotech/kacho/internal/repohygiene","Test":"TestCatalogReachability_RedOnAServiceTheContractDoesNotHave"}
{"Time":"2026-09-17T15:41:00.355457468+03:00","Action":"run","Package":"github.com/PRO-Robotech/kacho/internal/repohygiene","Test":"TestCatalogReachability_MethodsAreNotBorrowedBetweenDescriptors"}
{"Time":"2026-09-17T15:41:00.355459462+03:00","Action":"output","Package":"github.com/PRO-Robotech/kacho/internal/repohygiene","Test":"TestCatalogReachability_MethodsAreNotBorrowedBetweenDescriptors","Output":"=== RUN   TestCatalogReachability_MethodsAreNotBorrowedBetweenDescriptors\n"}
{"Time":"2026-09-17T15:41:00.355465533+03:00","Action":"output","Package":"github.com/PRO-Robotech/kacho/internal/repohygiene","Test":"TestCatalogReachability_MethodsAreNotBorrowedBetweenDescriptors","Output":"=== PAUSE TestCatalogReachability_MethodsAreNotBorrowedBetweenDescriptors\n"}
{"Time":"2026-09-17T15:41:00.355467577+03:00","Action":"pause","Package":"github.com/PRO-Robotech/kacho/internal/repohygiene","Test":"TestCatalogReachability_MethodsAreNotBorrowedBetweenDescriptors"}
{"Time":"2026-09-17T15:41:00.355469911+03:00","Action":"run","Package":"github.com/PRO-Robotech/kacho/internal/repohygiene","Test":"TestCatalogReachability_AllowExcusesAndThenExpires"}
{"Time":"2026-09-17T15:41:00.355471915+03:00","Action":"output","Package":"github.com/PRO-Robotech/kacho/internal/repohygiene","Test":"TestCatalogReachability_AllowExcusesAndThenExpires","Output":"=== RUN   TestCatalogReachability_AllowExcusesAndThenExpires\n"}
{"Time":"2026-09-17T15:41:00.3554744+03:00","Action":"output","Package":"github.com/PRO-Robotech/kacho/internal/repohygiene","Test":"TestCatalogReachability_AllowExcusesAndThenExpires","Output":"=== PAUSE TestCatalogReachability_AllowExcusesAndThenExpires\n"}
{"Time":"2026-09-17T15:41:00.355477335+03:00","Action":"pause","Package":"github.com/PRO-Robotech/kacho/internal/repohygiene","Test":"TestCatalogReachability_AllowExcusesAndThenExpires"}
{"Time":"2026-09-17T15:41:00.3554799+03:00","Action":"run","Package":"github.com/PRO-Robotech/kacho/internal/repohygiene","Test":"TestCatalogReachability_EmptyCatalogIsAnError"}
{"Time":"2026-09-17T15:41:00.355482034+03:00","Action":"output","Package":"github.com/PRO-Robotech/kacho/internal/repohygiene","Test":"TestCatalogReachability_EmptyCatalogIsAnError","Output":"=== RUN   TestCatalogReachability_EmptyCatalogIsAnError\n"}
{"Time":"2026-09-17T15:41:00.355484539+03:00","Action":"output","Package":"github.com/PRO-Robotech/kacho/internal/repohygiene","Test":"TestCatalogReachability_EmptyCatalogIsAnError","Output":"=== PAUSE TestCatalogReachability_EmptyCatalogIsAnError\n"}
{"Time":"2026-09-17T15:41:00.355486773+03:00","Action":"pause","Package":"github.com/PRO-Robotech/kacho/internal/repohygiene","Test":"TestCatalogReachability_EmptyCatalogIsAnError"}
{"Time":"2026-09-17T15:41:00.355573256+03:00","Action":"run","Package":"github.com/PRO-Robotech/kacho/internal/repohygiene","Test":"TestGRPCMountParity_EveryDeclaredServiceIsMounted"}
{"Time":"2026-09-17T15:41:00.355578255+03:00","Action":"output","Package":"github.com/PRO-Robotech/kacho/internal/repohygiene","Test":"TestGRPCMountParity_EveryDeclaredServiceIsMounted","Output":"=== RUN   TestGRPCMountParity_EveryDeclaredServiceIsMounted\n"}
{"Time":"2026-09-17T15:41:00.355592011+03:00","Action":"output","Package":"github.com/PRO-Robotech/kacho/internal/repohygiene","Test":"TestGRPCMountParity_EveryDeclaredServiceIsMounted","Output":"=== PAUSE TestGRPCMountParity_EveryDeclaredServiceIsMounted\n"}
{"Time":"2026-09-17T15:41:00.355595648+03:00","Action":"pause","Package":"github.com/PRO-Robotech/kacho/internal/repohygiene","Test":"TestGRPCMountParity_EveryDeclaredServiceIsMounted"}
{"Time":"2026-09-17T15:41:00.355605156+03:00","Action":"run","Package":"github.com/PRO-Robotech/kacho/internal/repohygiene","Test":"TestGRPCMountParity_SeesAnUnmountedServiceAsUnmounted"}
{"Time":"2026-09-17T15:41:00.355609043+03:00","Action":"output","Package":"github.com/PRO-Robotech/kacho/internal/repohygiene","Test":"TestGRPCMountParity_SeesAnUnmountedServiceAsUnmounted","Output":"=== RUN   TestGRPCMountParity_SeesAnUnmountedServiceAsUnmounted\n"}
{"Time":"2026-09-17T15:41:00.35561294+03:00","Action":"output","Package":"github.com/PRO-Robotech/kacho/internal/repohygiene","Test":"TestGRPCMountParity_SeesAnUnmountedServiceAsUnmounted","Output":"=== PAUSE TestGRPCMountParity_SeesAnUnmountedServiceAsUnmounted\n"}
{"Time":"2026-09-17T15:41:00.355616377+03:00","Action":"pause","Package":"github.com/PRO-Robotech/kacho/internal/repohygiene","Test":"TestGRPCMountParity_SeesAnUnmountedServiceAsUnmounted"}
{"Time":"2026-09-17T15:41:00.355621727+03:00","Action":"run","Package":"github.com/PRO-Robotech/kacho/internal/repohygiene","Test":"TestGRPCMountParity_ReadsTheImportAliasAndNotThePathTail"}
{"Time":"2026-09-17T15:41:00.355625454+03:00","Action":"output","Package":"github.com/PRO-Robotech/kacho/internal/repohygiene","Test":"TestGRPCMountParity_ReadsTheImportAliasAndNotThePathTail","Output":"=== RUN   TestGRPCMountParity_ReadsTheImportAliasAndNotThePathTail\n"}
{"Time":"2026-09-17T15:41:00.355629441+03:00","Action":"output","Package":"github.com/PRO-Robotech/kacho/internal/repohygiene","Test":"TestGRPCMountParity_ReadsTheImportAliasAndNotThePathTail","Output":"=== PAUSE TestGRPCMountParity_ReadsTheImportAliasAndNotThePathTail\n"}
{"Time":"2026-09-17T15:41:00.355632988+03:00","Action":"pause","Package":"github.com/PRO-Robotech/kacho/internal/repohygiene","Test":"TestGRPCMountParity_ReadsTheImportAliasAndNotThePathTail"}
{"Time":"2026-09-17T15:41:00.355641534+03:00","Action":"run","Package":"github.com/PRO-Robotech/kacho/internal/repohygiene","Test":"TestGRPCMountParity_AStaleAllowIsItselfAFinding"}
{"Time":"2026-09-17T15:41:00.35564462+03:00","Action":"output","Package":"github.com/PRO-Robotech/kacho/internal/repohygiene","Test":"TestGRPCMountParity_AStaleAllowIsItselfAFinding","Output":"=== RUN   TestGRPCMountParity_AStaleAllowIsItselfAFinding\n"}
{"Time":"2026-09-17T15:41:00.355653206+03:00","Action":"output","Package":"github.com/PRO-Robotech/kacho/internal/repohygiene","Test":"TestGRPCMountParity_AStaleAllowIsItselfAFinding","Output":"=== PAUSE TestGRPCMountParity_AStaleAllowIsItselfAFinding\n"}
{"Time":"2026-09-17T15:41:00.355657023+03:00","Action":"pause","Package":"github.com/PRO-Robotech/kacho/internal/repohygiene","Test":"TestGRPCMountParity_AStaleAllowIsItselfAFinding"}
{"Time":"2026-09-17T15:41:00.35566089+03:00","Action":"run","Package":"github.com/PRO-Robotech/kacho/internal/repohygiene","Test":"TestGRPCMountParity_EmptySubjectIsAnError"}
{"Time":"2026-09-17T15:41:00.355664707+03:00","Action":"output","Package":"github.com/PRO-Robotech/kacho/internal/repohygiene","Test":"TestGRPCMountParity_EmptySubjectIsAnError","Output":"=== RUN   TestGRPCMountParity_EmptySubjectIsAnError\n"}
{"Time":"2026-09-17T15:41:00.355668905+03:00","Action":"output","Package":"github.com/PRO-Robotech/kacho/internal/repohygiene","Test":"TestGRPCMountParity_EmptySubjectIsAnError","Output":"=== PAUSE TestGRPCMountParity_EmptySubjectIsAnError\n"}
{"Time":"2026-09-17T15:41:00.355672512+03:00","Action":"pause","Package":"github.com/PRO-Robotech/kacho/internal/repohygiene","Test":"TestGRPCMountParity_EmptySubjectIsAnError"}
{"Time":"2026-09-17T15:41:00.35567674+03:00","Action":"run","Package":"github.com/PRO-Robotech/kacho/internal/repohygiene","Test":"TestGRPCMountParity_AnAllowForAnUnownedPackageIsOutOfSubject"}
{"Time":"2026-09-17T15:41:00.355680237+03:00","Action":"output","Package":"github.com/PRO-Robotech/kacho/internal/repohygiene","Test":"TestGRPCMountParity_AnAllowForAnUnownedPackageIsOutOfSubject","Output":"=== RUN   TestGRPCMountParity_AnAllowForAnUnownedPackageIsOutOfSubject\n"}
{"Time":"2026-09-17T15:41:00.355684535+03:00","Action":"output","Package":"github.com/PRO-Robotech/kacho/internal/repohygiene","Test":"TestGRPCMountParity_AnAllowForAnUnownedPackageIsOutOfSubject","Output":"=== PAUSE TestGRPCMountParity_AnAllowForAnUnownedPackageIsOutOfSubject\n"}
{"Time":"2026-09-17T15:41:00.355688212+03:00","Action":"pause","Package":"github.com/PRO-Robotech/kacho/internal/repohygiene","Test":"TestGRPCMountParity_AnAllowForAnUnownedPackageIsOutOfSubject"}
{"Time":"2026-09-17T15:41:00.355845247+03:00","Action":"run","Package":"github.com/PRO-Robotech/kacho/internal/repohygiene","Test":"TestGRPCMountParity_DoesNotReadThroughASymlinkOutOfTheAPIRoot"}
{"Time":"2026-09-17T15:41:00.355848633+03:00","Action":"output","Package":"github.com/PRO-Robotech/kacho/internal/repohygiene","Test":"TestGRPCMountParity_DoesNotReadThroughASymlinkOutOfTheAPIRoot","Output":"=== RUN   TestGRPCMountParity_DoesNotReadThroughASymlinkOutOfTheAPIRoot\n"}
{"Time":"2026-09-17T15:41:00.355865214+03:00","Action":"output","Package":"github.com/PRO-Robotech/kacho/internal/repohygiene","Test":"TestGRPCMountParity_DoesNotReadThroughASymlinkOutOfTheAPIRoot","Output":"=== PAUSE TestGRPCMountParity_DoesNotReadThroughASymlinkOutOfTheAPIRoot\n"}
{"Time":"2026-09-17T15:41:00.35586823+03:00","Action":"pause","Package":"github.com/PRO-Robotech/kacho/internal/repohygiene","Test":"TestGRPCMountParity_DoesNotReadThroughASymlinkOutOfTheAPIRoot"}
{"Time":"2026-09-17T15:41:00.355902153+03:00","Action":"run","Package":"github.com/PRO-Robotech/kacho/internal/repohygiene","Test":"TestSubscriptionShapeStandIsCleanBeforeInjection"}
{"Time":"2026-09-17T15:41:00.355906261+03:00","Action":"output","Package":"github.com/PRO-Robotech/kacho/internal/repohygiene","Test":"TestSubscriptionShapeStandIsCleanBeforeInjection","Output":"=== RUN   TestSubscriptionShapeStandIsCleanBeforeInjection\n"}
{"Time":"2026-09-17T15:41:00.355925668+03:00","Action":"output","Package":"github.com/PRO-Robotech/kacho/internal/repohygiene","Test":"TestSubscriptionShapeStandIsCleanBeforeInjection","Output":"=== PAUSE TestSubscriptionShapeStandIsCleanBeforeInjection\n"}
{"Time":"2026-09-17T15:41:00.355928783+03:00","Action":"pause","Package":"github.com/PRO-Robotech/kacho/internal/repohygiene","Test":"TestSubscriptionShapeStandIsCleanBeforeInjection"}
{"Time":"2026-09-17T15:41:00.355934134+03:00","Action":"run","Package":"github.com/PRO-Robotech/kacho/internal/repohygiene","Test":"TestSubscriptionShapeAxisLedgerCanFail"}
{"Time":"2026-09-17T15:41:00.35593744+03:00","Action":"output","Package":"github.com/PRO-Robotech/kacho/internal/repohygiene","Test":"TestSubscriptionShapeAxisLedgerCanFail","Output":"=== RUN   TestSubscriptionShapeAxisLedgerCanFail\n"}
{"Time":"2026-09-17T15:41:00.355945365+03:00","Action":"output","Package":"github.com/PRO-Robotech/kacho/internal/repohygiene","Test":"TestSubscriptionShapeAxisLedgerCanFail","Output":"=== PAUSE TestSubscriptionShapeAxisLedgerCanFail\n"}
{"Time":"2026-09-17T15:41:00.355948711+03:00","Action":"pause","Package":"github.com/PRO-Robotech/kacho/internal/repohygiene","Test":"TestSubscriptionShapeAxisLedgerCanFail"}
{"Time":"2026-09-17T15:41:00.355953871+03:00","Action":"run","Package":"github.com/PRO-Robotech/kacho/internal/repohygiene","Test":"TestSubscriptionShapeCategoryMarkCanFail"}
{"Time":"2026-09-17T15:41:00.355957407+03:00","Action":"output","Package":"github.com/PRO-Robotech/kacho/internal/repohygiene","Test":"TestSubscriptionShapeCategoryMarkCanFail","Output":"=== RUN   TestSubscriptionShapeCategoryMarkCanFail\n"}
{"Time":"2026-09-17T15:41:00.355965743+03:00","Action":"output","Package":"github.com/PRO-Robotech/kacho/internal/repohygiene","Test":"TestSubscriptionShapeCategoryMarkCanFail","Output":"=== PAUSE TestSubscriptionShapeCategoryMarkCanFail\n"}
{"Time":"2026-09-17T15:41:00.35596928+03:00","Action":"pause","Package":"github.com/PRO-Robotech/kacho/internal/repohygiene","Test":"TestSubscriptionShapeCategoryMarkCanFail"}
{"Time":"2026-09-17T15:41:00.356020816+03:00","Action":"run","Package":"github.com/PRO-Robotech/kacho/internal/repohygiene","Test":"TestSubscriptionShapeAbsentAxisCanFail"}
{"Time":"2026-09-17T15:41:00.356024263+03:00","Action":"output","Package":"github.com/PRO-Robotech/kacho/internal/repohygiene","Test":"TestSubscriptionShapeAbsentAxisCanFail","Output":"=== RUN   TestSubscriptionShapeAbsentAxisCanFail\n"}
{"Time":"2026-09-17T15:41:00.356028521+03:00","Action":"output","Package":"github.com/PRO-Robotech/kacho/internal/repohygiene","Test":"TestSubscriptionShapeAbsentAxisCanFail","Output":"=== PAUSE TestSubscriptionShapeAbsentAxisCanFail\n"}
{"Time":"2026-09-17T15:41:00.356031857+03:00","Action":"pause","Package":"github.com/PRO-Robotech/kacho/internal/repohygiene","Test":"TestSubscriptionShapeAbsentAxisCanFail"}
{"Time":"2026-09-17T15:41:00.356035965+03:00","Action":"run","Package":"github.com/PRO-Robotech/kacho/internal/repohygiene","Test":"TestSubscriptionShapeUnsetOutcomeCanFail"}
{"Time":"2026-09-17T15:41:00.356039552+03:00","Action":"output","Package":"github.com/PRO-Robotech/kacho/internal/repohygiene","Test":"TestSubscriptionShapeUnsetOutcomeCanFail","Output":"=== RUN   TestSubscriptionShapeUnsetOutcomeCanFail\n"}
{"Time":"2026-09-17T15:41:00.356043379+03:00","Action":"output","Package":"github.com/PRO-Robotech/kacho/internal/repohygiene","Test":"TestSubscriptionShapeUnsetOutcomeCanFail","Output":"=== PAUSE TestSubscriptionShapeUnsetOutcomeCanFail\n"}
{"Time":"2026-09-17T15:41:00.356049851+03:00","Action":"pause","Package":"github.com/PRO-Robotech/kacho/internal/repohygiene","Test":"TestSubscriptionShapeUnsetOutcomeCanFail"}
{"Time":"2026-09-17T15:41:00.356055131+03:00","Action":"run","Package":"github.com/PRO-Robotech/kacho/internal/repohygiene","Test":"TestSubscriptionShapeCarrierCanFail"}
{"Time":"2026-09-17T15:41:00.356058697+03:00","Action":"output","Package":"github.com/PRO-Robotech/kacho/internal/repohygiene","Test":"TestSubscriptionShapeCarrierCanFail","Output":"=== RUN   TestSubscriptionShapeCarrierCanFail\n"}
{"Time":"2026-09-17T15:41:00.356063036+03:00","Action":"output","Package":"github.com/PRO-Robotech/kacho/internal/repohygiene","Test":"TestSubscriptionShapeCarrierCanFail","Output":"=== PAUSE TestSubscriptionShapeCarrierCanFail\n"}
{"Time":"2026-09-17T15:41:00.356066693+03:00","Action":"pause","Package":"github.com/PRO-Robotech/kacho/internal/repohygiene","Test":"TestSubscriptionShapeCarrierCanFail"}
{"Time":"2026-09-17T15:41:00.3560707+03:00","Action":"run","Package":"github.com/PRO-Robotech/kacho/internal/repohygiene","Test":"TestSubscriptionShapeAnchorCanFail"}
{"Time":"2026-09-17T15:41:00.356074327+03:00","Action":"output","Package":"github.com/PRO-Robotech/kacho/internal/repohygiene","Test":"TestSubscriptionShapeAnchorCanFail","Output":"=== RUN   TestSubscriptionShapeAnchorCanFail\n"}
{"Time":"2026-09-17T15:41:00.356078445+03:00","Action":"output","Package":"github.com/PRO-Robotech/kacho/internal/repohygiene","Test":"TestSubscriptionShapeAnchorCanFail","Output":"=== PAUSE TestSubscriptionShapeAnchorCanFail\n"}
{"Time":"2026-09-17T15:41:00.356081701+03:00","Action":"pause","Package":"github.com/PRO-Robotech/kacho/internal/repohygiene","Test":"TestSubscriptionShapeAnchorCanFail"}
{"Time":"2026-09-17T15:41:00.356085628+03:00","Action":"run","Package":"github.com/PRO-Robotech/kacho/internal/repohygiene","Test":"TestSubscriptionShapeHorizonCanFail"}
{"Time":"2026-09-17T15:41:00.356089135+03:00","Action":"output","Package":"github.com/PRO-Robotech/kacho/internal/repohygiene","Test":"TestSubscriptionShapeHorizonCanFail","Output":"=== RUN   TestSubscriptionShapeHorizonCanFail\n"}
{"Time":"2026-09-17T15:41:00.356092932+03:00","Action":"output","Package":"github.com/PRO-Robotech/kacho/internal/repohygiene","Test":"TestSubscriptionShapeHorizonCanFail","Output":"=== PAUSE TestSubscriptionShapeHorizonCanFail\n"}
{"Time":"2026-09-17T15:41:00.356096398+03:00","Action":"pause","Package":"github.com/PRO-Robotech/kacho/internal/repohygiene","Test":"TestSubscriptionShapeHorizonCanFail"}
{"Time":"2026-09-17T15:41:00.356100907+03:00","Action":"run","Package":"github.com/PRO-Robotech/kacho/internal/repohygiene","Test":"TestSubscriptionShapeStopReasonCanFail"}
{"Time":"2026-09-17T15:41:00.356104624+03:00","Action":"output","Package":"github.com/PRO-Robotech/kacho/internal/repohygiene","Test":"TestSubscriptionShapeStopReasonCanFail","Output":"=== RUN   TestSubscriptionShapeStopReasonCanFail\n"}
{"Time":"2026-09-17T15:41:00.356112539+03:00","Action":"output","Package":"github.com/PRO-Robotech/kacho/internal/repohygiene","Test":"TestSubscriptionShapeStopReasonCanFail","Output":"=== PAUSE TestSubscriptionShapeStopReasonCanFail\n"}
{"Time":"2026-09-17T15:41:00.356116406+03:00","Action":"pause","Package":"github.com/PRO-Robotech/kacho/internal/repohygiene","Test":"TestSubscriptionShapeStopReasonCanFail"}
{"Time":"2026-09-17T15:41:00.356120213+03:00","Action":"run","Package":"github.com/PRO-Robotech/kacho/internal/repohygiene","Test":"TestSubscriptionShapePerimeterCanFail"}
{"Time":"2026-09-17T15:41:00.356126214+03:00","Action":"output","Package":"github.com/PRO-Robotech/kacho/internal/repohygiene","Test":"TestSubscriptionShapePerimeterCanFail","Output":"=== RUN   TestSubscriptionShapePerimeterCanFail\n"}
{"Time":"2026-09-17T15:41:00.356130172+03:00","Action":"output","Package":"github.com/PRO-Robotech/kacho/internal/repohygiene","Test":"TestSubscriptionShapePerimeterCanFail","Output":"=== PAUSE TestSubscriptionShapePerimeterCanFail\n"}
{"Time":"2026-09-17T15:41:00.356133658+03:00","Action":"pause","Package":"github.com/PRO-Robotech/kacho/internal/repohygiene","Test":"TestSubscriptionShapePerimeterCanFail"}
{"Time":"2026-09-17T15:41:00.356138387+03:00","Action":"run","Package":"github.com/PRO-Robotech/kacho/internal/repohygiene","Test":"TestSubscriptionShapeOwnerVocabularyCanFail"}
{"Time":"2026-09-17T15:41:00.356141904+03:00","Action":"output","Package":"github.com/PRO-Robotech/kacho/internal/repohygiene","Test":"TestSubscriptionShapeOwnerVocabularyCanFail","Output":"=== RUN   TestSubscriptionShapeOwnerVocabularyCanFail\n"}
{"Time":"2026-09-17T15:41:00.356146382+03:00","Action":"output","Package":"github.com/PRO-Robotech/kacho/internal/repohygiene","Test":"TestSubscriptionShapeOwnerVocabularyCanFail","Output":"=== PAUSE TestSubscriptionShapeOwnerVocabularyCanFail\n"}
{"Time":"2026-09-17T15:41:00.356152434+03:00","Action":"pause","Package":"github.com/PRO-Robotech/kacho/internal/repohygiene","Test":"TestSubscriptionShapeOwnerVocabularyCanFail"}
{"Time":"2026-09-17T15:41:00.356156221+03:00","Action":"run","Package":"github.com/PRO-Robotech/kacho/internal/repohygiene","Test":"TestSubscriptionShapeRefusesAnEmptyRead"}
{"Time":"2026-09-17T15:41:00.356159457+03:00","Action":"output","Package":"github.com/PRO-Robotech/kacho/internal/repohygiene","Test":"TestSubscriptionShapeRefusesAnEmptyRead","Output":"=== RUN   TestSubscriptionShapeRefusesAnEmptyRead\n"}
{"Time":"2026-09-17T15:41:00.356163494+03:00","Action":"output","Package":"github.com/PRO-Robotech/kacho/internal/repohygiene","Test":"TestSubscriptionShapeRefusesAnEmptyRead","Output":"=== PAUSE TestSubscriptionShapeRefusesAnEmptyRead\n"}
{"Time":"2026-09-17T15:41:00.356166781+03:00","Action":"pause","Package":"github.com/PRO-Robotech/kacho/internal/repohygiene","Test":"TestSubscriptionShapeRefusesAnEmptyRead"}
{"Time":"2026-09-17T15:41:00.356170498+03:00","Action":"run","Package":"github.com/PRO-Robotech/kacho/internal/repohygiene","Test":"TestSubscriptionShapeMissingMessageCanFail"}
{"Time":"2026-09-17T15:41:00.356173864+03:00","Action":"output","Package":"github.com/PRO-Robotech/kacho/internal/repohygiene","Test":"TestSubscriptionShapeMissingMessageCanFail","Output":"=== RUN   TestSubscriptionShapeMissingMessageCanFail\n"}
{"Time":"2026-09-17T15:41:00.356177871+03:00","Action":"output","Package":"github.com/PRO-Robotech/kacho/internal/repohygiene","Test":"TestSubscriptionShapeMissingMessageCanFail","Output":"=== PAUSE TestSubscriptionShapeMissingMessageCanFail\n"}
{"Time":"2026-09-17T15:41:00.356181368+03:00","Action":"pause","Package":"github.com/PRO-Robotech/kacho/internal/repohygiene","Test":"TestSubscriptionShapeMissingMessageCanFail"}
{"Time":"2026-09-17T15:41:00.35618784+03:00","Action":"run","Package":"github.com/PRO-Robotech/kacho/internal/repohygiene","Test":"TestSubscriptionFormShape"}
{"Time":"2026-09-17T15:41:00.356192599+03:00","Action":"output","Package":"github.com/PRO-Robotech/kacho/internal/repohygiene","Test":"TestSubscriptionFormShape","Output":"=== RUN   TestSubscriptionFormShape\n"}
{"Time":"2026-09-17T15:41:00.356197699+03:00","Action":"output","Package":"github.com/PRO-Robotech/kacho/internal/repohygiene","Test":"TestSubscriptionFormShape","Output":"=== PAUSE TestSubscriptionFormShape\n"}
{"Time":"2026-09-17T15:41:00.356201055+03:00","Action":"pause","Package":"github.com/PRO-Robotech/kacho/internal/repohygiene","Test":"TestSubscriptionFormShape"}
{"Time":"2026-09-17T15:41:00.356204982+03:00","Action":"run","Package":"github.com/PRO-Robotech/kacho/internal/repohygiene","Test":"TestSubscriptionShapeReasonContract"}
{"Time":"2026-09-17T15:41:00.356208519+03:00","Action":"output","Package":"github.com/PRO-Robotech/kacho/internal/repohygiene","Test":"TestSubscriptionShapeReasonContract","Output":"=== RUN   TestSubscriptionShapeReasonContract\n"}
{"Time":"2026-09-17T15:41:00.356214671+03:00","Action":"output","Package":"github.com/PRO-Robotech/kacho/internal/repohygiene","Test":"TestSubscriptionShapeReasonContract","Output":"=== PAUSE TestSubscriptionShapeReasonContract\n"}
{"Time":"2026-09-17T15:41:00.356220481+03:00","Action":"pause","Package":"github.com/PRO-Robotech/kacho/internal/repohygiene","Test":"TestSubscriptionShapeReasonContract"}
{"Time":"2026-09-17T15:41:00.356224489+03:00","Action":"cont","Package":"github.com/PRO-Robotech/kacho/internal/repohygiene","Test":"TestCatalogReachability_EveryRowResolvesToAServedMethod"}
{"Time":"2026-09-17T15:41:00.356228156+03:00","Action":"output","Package":"github.com/PRO-Robotech/kacho/internal/repohygiene","Test":"TestCatalogReachability_EveryRowResolvesToAServedMethod","Output":"=== CONT  TestCatalogReachability_EveryRowResolvesToAServedMethod\n"}
{"Time":"2026-09-17T15:41:00.356232264+03:00","Action":"cont","Package":"github.com/PRO-Robotech/kacho/internal/repohygiene","Test":"TestCatalogReachability_EmptyCatalogIsAnError"}
{"Time":"2026-09-17T15:41:00.35623588+03:00","Action":"output","Package":"github.com/PRO-Robotech/kacho/internal/repohygiene","Test":"TestCatalogReachability_EmptyCatalogIsAnError","Output":"=== CONT  TestCatalogReachability_EmptyCatalogIsAnError\n"}
{"Time":"2026-09-17T15:41:00.356240289+03:00","Action":"cont","Package":"github.com/PRO-Robotech/kacho/internal/repohygiene","Test":"TestGRPCMountParity_AStaleAllowIsItselfAFinding"}
{"Time":"2026-09-17T15:41:00.356243835+03:00","Action":"output","Package":"github.com/PRO-Robotech/kacho/internal/repohygiene","Test":"TestGRPCMountParity_AStaleAllowIsItselfAFinding","Output":"=== CONT  TestGRPCMountParity_AStaleAllowIsItselfAFinding\n"}
{"Time":"2026-09-17T15:41:00.356247773+03:00","Action":"cont","Package":"github.com/PRO-Robotech/kacho/internal/repohygiene","Test":"TestSubscriptionFormShape"}
{"Time":"2026-09-17T15:41:00.356271056+03:00","Action":"output","Package":"github.com/PRO-Robotech/kacho/internal/repohygiene","Test":"TestSubscriptionFormShape","Output":"=== CONT  TestSubscriptionFormShape\n"}
{"Time":"2026-09-17T15:41:00.356387826+03:00","Action":"cont","Package":"github.com/PRO-Robotech/kacho/internal/repohygiene","Test":"TestCatalogReachability_SilentOnAServedMethod"}
{"Time":"2026-09-17T15:41:00.356397484+03:00","Action":"output","Package":"github.com/PRO-Robotech/kacho/internal/repohygiene","Test":"TestCatalogReachability_SilentOnAServedMethod","Output":"=== CONT  TestCatalogReachability_SilentOnAServedMethod\n"}
{"Time":"2026-09-17T15:41:00.356402824+03:00","Action":"cont","Package":"github.com/PRO-Robotech/kacho/internal/repohygiene","Test":"TestGRPCMountParity_EveryDeclaredServiceIsMounted"}
{"Time":"2026-09-17T15:41:00.356405178+03:00","Action":"output","Package":"github.com/PRO-Robotech/kacho/internal/repohygiene","Test":"TestGRPCMountParity_EveryDeclaredServiceIsMounted","Output":"=== CONT  TestGRPCMountParity_EveryDeclaredServiceIsMounted\n"}
{"Time":"2026-09-17T15:41:00.356420587+03:00","Action":"cont","Package":"github.com/PRO-Robotech/kacho/internal/repohygiene","Test":"TestGRPCMountParity_DoesNotReadThroughASymlinkOutOfTheAPIRoot"}
{"Time":"2026-09-17T15:41:00.356423092+03:00","Action":"output","Package":"github.com/PRO-Robotech/kacho/internal/repohygiene","Test":"TestGRPCMountParity_DoesNotReadThroughASymlinkOutOfTheAPIRoot","Output":"=== CONT  TestGRPCMountParity_DoesNotReadThroughASymlinkOutOfTheAPIRoot\n"}
{"Time":"2026-09-17T15:41:00.356454912+03:00","Action":"cont","Package":"github.com/PRO-Robotech/kacho/internal/repohygiene","Test":"TestCatalogReachability_MethodsAreNotBorrowedBetweenDescriptors"}
{"Time":"2026-09-17T15:41:00.35645937+03:00","Action":"output","Package":"github.com/PRO-Robotech/kacho/internal/repohygiene","Test":"TestCatalogReachability_MethodsAreNotBorrowedBetweenDescriptors","Output":"=== CONT  TestCatalogReachability_MethodsAreNotBorrowedBetweenDescriptors\n"}
{"Time":"2026-09-17T15:41:00.356545432+03:00","Action":"cont","Package":"github.com/PRO-Robotech/kacho/internal/repohygiene","Test":"TestGRPCMountParity_SeesAnUnmountedServiceAsUnmounted"}
{"Time":"2026-09-17T15:41:00.356550542+03:00","Action":"output","Package":"github.com/PRO-Robotech/kacho/internal/repohygiene","Test":"TestGRPCMountParity_SeesAnUnmountedServiceAsUnmounted","Output":"=== CONT  TestGRPCMountParity_SeesAnUnmountedServiceAsUnmounted\n"}
{"Time":"2026-09-17T15:41:00.356634509+03:00","Action":"cont","Package":"github.com/PRO-Robotech/kacho/internal/repohygiene","Test":"TestCatalogReachability_RedOnAMethodTheContractDoesNotHave"}
{"Time":"2026-09-17T15:41:00.356640501+03:00","Action":"output","Package":"github.com/PRO-Robotech/kacho/internal/repohygiene","Test":"TestCatalogReachability_RedOnAMethodTheContractDoesNotHave","Output":"=== CONT  TestCatalogReachability_RedOnAMethodTheContractDoesNotHave\n"}
{"Time":"2026-09-17T15:41:00.356714379+03:00","Action":"cont","Package":"github.com/PRO-Robotech/kacho/internal/repohygiene","Test":"TestSubscriptionShapeReasonContract"}
{"Time":"2026-09-17T15:41:00.35671999+03:00","Action":"output","Package":"github.com/PRO-Robotech/kacho/internal/repohygiene","Test":"TestSubscriptionShapeReasonContract","Output":"=== CONT  TestSubscriptionShapeReasonContract\n"}
{"Time":"2026-09-17T15:41:00.356764784+03:00","Action":"output","Package":"github.com/PRO-Robotech/kacho/internal/repohygiene","Test":"TestSubscriptionFormShape","Output":"    subscriptionformshape_test.go:127: перепись: proto/corelib/subscription/subscription.proto — строк 480, типов 7 (верхнего уровня 4), полей 19 (осей 3), значений перечислений 12; утверждений проверено 46; находок 0\n"}
{"Time":"2026-09-17T15:41:00.356777107+03:00","Action":"output","Package":"github.com/PRO-Robotech/kacho/internal/repohygiene","Test":"TestSubscriptionFormShape","Output":"--- PASS: TestSubscriptionFormShape (0.00s)\n"}
{"Time":"2026-09-17T15:41:00.356833453+03:00","Action":"pass","Package":"github.com/PRO-Robotech/kacho/internal/repohygiene","Test":"TestSubscriptionFormShape","Elapsed":0}
{"Time":"2026-09-17T15:41:00.356841148+03:00","Action":"cont","Package":"github.com/PRO-Robotech/kacho/internal/repohygiene","Test":"TestCatalogReachability_AllowExcusesAndThenExpires"}
{"Time":"2026-09-17T15:41:00.356844915+03:00","Action":"output","Package":"github.com/PRO-Robotech/kacho/internal/repohygiene","Test":"TestCatalogReachability_AllowExcusesAndThenExpires","Output":"=== CONT  TestCatalogReachability_AllowExcusesAndThenExpires\n"}
{"Time":"2026-09-17T15:41:00.356852329+03:00","Action":"run","Package":"github.com/PRO-Robotech/kacho/internal/repohygiene","Test":"TestGRPCMountParity_AStaleAllowIsItselfAFinding/сервис_смонтирован"}
{"Time":"2026-09-17T15:41:00.356855815+03:00","Action":"output","Package":"github.com/PRO-Robotech/kacho/internal/repohygiene","Test":"TestGRPCMountParity_AStaleAllowIsItselfAFinding/сервис_смонтирован","Output":"=== RUN   TestGRPCMountParity_AStaleAllowIsItselfAFinding/сервис_смонтирован\n"}
{"Time":"2026-09-17T15:41:00.356929454+03:00","Action":"cont","Package":"github.com/PRO-Robotech/kacho/internal/repohygiene","Test":"TestCatalogReachability_RedOnAServiceTheContractDoesNotHave"}
{"Time":"2026-09-17T15:41:00.35693845+03:00","Action":"output","Package":"github.com/PRO-Robotech/kacho/internal/repohygiene","Test":"TestCatalogReachability_RedOnAServiceTheContractDoesNotHave","Output":"=== CONT  TestCatalogReachability_RedOnAServiceTheContractDoesNotHave\n"}
{"Time":"2026-09-17T15:41:00.35699143+03:00","Action":"cont","Package":"github.com/PRO-Robotech/kacho/internal/repohygiene","Test":"TestGRPCMountParity_ReadsTheImportAliasAndNotThePathTail"}
{"Time":"2026-09-17T15:41:00.35699668+03:00","Action":"output","Package":"github.com/PRO-Robotech/kacho/internal/repohygiene","Test":"TestGRPCMountParity_ReadsTheImportAliasAndNotThePathTail","Output":"=== CONT  TestGRPCMountParity_ReadsTheImportAliasAndNotThePathTail\n"}
{"Time":"2026-09-17T15:41:00.357467795+03:00","Action":"cont","Package":"github.com/PRO-Robotech/kacho/internal/repohygiene","Test":"TestGRPCMountParity_EmptySubjectIsAnError"}
{"Time":"2026-09-17T15:41:00.357487823+03:00","Action":"output","Package":"github.com/PRO-Robotech/kacho/internal/repohygiene","Test":"TestGRPCMountParity_EmptySubjectIsAnError","Output":"=== CONT  TestGRPCMountParity_EmptySubjectIsAnError\n"}
{"Time":"2026-09-17T15:41:00.357495537+03:00","Action":"cont","Package":"github.com/PRO-Robotech/kacho/internal/repohygiene","Test":"TestCatalogReachability_RedOnAnUnmountedService"}
{"Time":"2026-09-17T15:41:00.357499985+03:00","Action":"output","Package":"github.com/PRO-Robotech/kacho/internal/repohygiene","Test":"TestCatalogReachability_RedOnAnUnmountedService","Output":"=== CONT  TestCatalogReachability_RedOnAnUnmountedService\n"}
{"Time":"2026-09-17T15:41:00.357586458+03:00","Action":"cont","Package":"github.com/PRO-Robotech/kacho/internal/repohygiene","Test":"TestSubscriptionShapeUnsetOutcomeCanFail"}
{"Time":"2026-09-17T15:41:00.357596687+03:00","Action":"output","Package":"github.com/PRO-Robotech/kacho/internal/repohygiene","Test":"TestSubscriptionShapeUnsetOutcomeCanFail","Output":"=== CONT  TestSubscriptionShapeUnsetOutcomeCanFail\n"}
{"Time":"2026-09-17T15:41:00.357640179+03:00","Action":"run","Package":"github.com/PRO-Robotech/kacho/internal/repohygiene","Test":"TestSubscriptionShapeUnsetOutcomeCanFail/исход_не_назван_—_находка"}
{"Time":"2026-09-17T15:41:00.357645288+03:00","Action":"output","Package":"github.com/PRO-Robotech/kacho/internal/repohygiene","Test":"TestSubscriptionShapeUnsetOutcomeCanFail/исход_не_назван_—_находка","Output":"=== RUN   TestSubscriptionShapeUnsetOutcomeCanFail/исход_не_назван_—_находка\n"}
{"Time":"2026-09-17T15:41:00.35785369+03:00","Action":"cont","Package":"github.com/PRO-Robotech/kacho/internal/repohygiene","Test":"TestSubscriptionShapeAnchorCanFail"}
{"Time":"2026-09-17T15:41:00.35785895+03:00","Action":"output","Package":"github.com/PRO-Robotech/kacho/internal/repohygiene","Test":"TestSubscriptionShapeAnchorCanFail","Output":"=== CONT  TestSubscriptionShapeAnchorCanFail\n"}
{"Time":"2026-09-17T15:41:00.357863579+03:00","Action":"run","Package":"github.com/PRO-Robotech/kacho/internal/repohygiene","Test":"TestSubscriptionShapeAnchorCanFail/якоря_в_оболочке_нет_—_находка"}
{"Time":"2026-09-17T15:41:00.357866604+03:00","Action":"output","Package":"github.com/PRO-Robotech/kacho/internal/repohygiene","Test":"TestSubscriptionShapeAnchorCanFail/якоря_в_оболочке_нет_—_находка","Output":"=== RUN   TestSubscriptionShapeAnchorCanFail/якоря_в_оболочке_нет_—_находка\n"}
{"Time":"2026-09-17T15:41:00.357944921+03:00","Action":"output","Package":"github.com/PRO-Robotech/kacho/internal/repohygiene","Test":"TestCatalogReachability_EmptyCatalogIsAnError","Output":"--- PASS: TestCatalogReachability_EmptyCatalogIsAnError (0.00s)\n"}
{"Time":"2026-09-17T15:41:00.35821012+03:00","Action":"pass","Package":"github.com/PRO-Robotech/kacho/internal/repohygiene","Test":"TestCatalogReachability_EmptyCatalogIsAnError","Elapsed":0}
{"Time":"2026-09-17T15:41:00.358216271+03:00","Action":"cont","Package":"github.com/PRO-Robotech/kacho/internal/repohygiene","Test":"TestSubscriptionShapeCarrierCanFail"}
{"Time":"2026-09-17T15:41:00.358219667+03:00","Action":"output","Package":"github.com/PRO-Robotech/kacho/internal/repohygiene","Test":"TestSubscriptionShapeCarrierCanFail","Output":"=== CONT  TestSubscriptionShapeCarrierCanFail\n"}
{"Time":"2026-09-17T15:41:00.358223955+03:00","Action":"cont","Package":"github.com/PRO-Robotech/kacho/internal/repohygiene","Test":"TestSubscriptionShapeCategoryMarkCanFail"}
{"Time":"2026-09-17T15:41:00.358227121+03:00","Action":"output","Package":"github.com/PRO-Robotech/kacho/internal/repohygiene","Test":"TestSubscriptionShapeCategoryMarkCanFail","Output":"=== CONT  TestSubscriptionShapeCategoryMarkCanFail\n"}
{"Time":"2026-09-17T15:41:00.358230748+03:00","Action":"cont","Package":"github.com/PRO-Robotech/kacho/internal/repohygiene","Test":"TestSubscriptionShapeAbsentAxisCanFail"}
{"Time":"2026-09-17T15:41:00.358233724+03:00","Action":"output","Package":"github.com/PRO-Robotech/kacho/internal/repohygiene","Test":"TestSubscriptionShapeAbsentAxisCanFail","Output":"=== CONT  TestSubscriptionShapeAbsentAxisCanFail\n"}
{"Time":"2026-09-17T15:41:00.358239244+03:00","Action":"cont","Package":"github.com/PRO-Robotech/kacho/internal/repohygiene","Test":"TestSubscriptionShapePerimeterCanFail"}
{"Time":"2026-09-17T15:41:00.358244043+03:00","Action":"output","Package":"github.com/PRO-Robotech/kacho/internal/repohygiene","Test":"TestSubscriptionShapePerimeterCanFail","Output":"=== CONT  TestSubscriptionShapePerimeterCanFail\n"}
{"Time":"2026-09-17T15:41:00.358247239+03:00","Action":"cont","Package":"github.com/PRO-Robotech/kacho/internal/repohygiene","Test":"TestSubscriptionShapeAxisLedgerCanFail"}
{"Time":"2026-09-17T15:41:00.358250255+03:00","Action":"output","Package":"github.com/PRO-Robotech/kacho/internal/repohygiene","Test":"TestSubscriptionShapeAxisLedgerCanFail","Output":"=== CONT  TestSubscriptionShapeAxisLedgerCanFail\n"}
{"Time":"2026-09-17T15:41:00.358272667+03:00","Action":"cont","Package":"github.com/PRO-Robotech/kacho/internal/repohygiene","Test":"TestSubscriptionShapeRefusesAnEmptyRead"}
{"Time":"2026-09-17T15:41:00.358276484+03:00","Action":"output","Package":"github.com/PRO-Robotech/kacho/internal/repohygiene","Test":"TestSubscriptionShapeRefusesAnEmptyRead","Output":"=== CONT  TestSubscriptionShapeRefusesAnEmptyRead\n"}
{"Time":"2026-09-17T15:41:00.358280642+03:00","Action":"cont","Package":"github.com/PRO-Robotech/kacho/internal/repohygiene","Test":"TestGRPCMountParity_AnAllowForAnUnownedPackageIsOutOfSubject"}
{"Time":"2026-09-17T15:41:00.358288036+03:00","Action":"output","Package":"github.com/PRO-Robotech/kacho/internal/repohygiene","Test":"TestGRPCMountParity_AnAllowForAnUnownedPackageIsOutOfSubject","Output":"=== CONT  TestGRPCMountParity_AnAllowForAnUnownedPackageIsOutOfSubject\n"}
{"Time":"2026-09-17T15:41:00.358291492+03:00","Action":"cont","Package":"github.com/PRO-Robotech/kacho/internal/repohygiene","Test":"TestSubscriptionShapeStopReasonCanFail"}
{"Time":"2026-09-17T15:41:00.358294548+03:00","Action":"output","Package":"github.com/PRO-Robotech/kacho/internal/repohygiene","Test":"TestSubscriptionShapeStopReasonCanFail","Output":"=== CONT  TestSubscriptionShapeStopReasonCanFail\n"}
{"Time":"2026-09-17T15:41:00.35830064+03:00","Action":"cont","Package":"github.com/PRO-Robotech/kacho/internal/repohygiene","Test":"TestSubscriptionShapeHorizonCanFail"}
{"Time":"2026-09-17T15:41:00.358303675+03:00","Action":"output","Package":"github.com/PRO-Robotech/kacho/internal/repohygiene","Test":"TestSubscriptionShapeHorizonCanFail","Output":"=== CONT  TestSubscriptionShapeHorizonCanFail\n"}
{"Time":"2026-09-17T15:41:00.358307122+03:00","Action":"cont","Package":"github.com/PRO-Robotech/kacho/internal/repohygiene","Test":"TestSubscriptionShapeStandIsCleanBeforeInjection"}
{"Time":"2026-09-17T15:41:00.358313614+03:00","Action":"output","Package":"github.com/PRO-Robotech/kacho/internal/repohygiene","Test":"TestSubscriptionShapeStandIsCleanBeforeInjection","Output":"=== CONT  TestSubscriptionShapeStandIsCleanBeforeInjection\n"}
{"Time":"2026-09-17T15:41:00.358317551+03:00","Action":"cont","Package":"github.com/PRO-Robotech/kacho/internal/repohygiene","Test":"TestSubscriptionShapeMissingMessageCanFail"}
{"Time":"2026-09-17T15:41:00.358322962+03:00","Action":"output","Package":"github.com/PRO-Robotech/kacho/internal/repohygiene","Test":"TestSubscriptionShapeMissingMessageCanFail","Output":"=== CONT  TestSubscriptionShapeMissingMessageCanFail\n"}
{"Time":"2026-09-17T15:41:00.358326729+03:00","Action":"cont","Package":"github.com/PRO-Robotech/kacho/internal/repohygiene","Test":"TestCatalogReachability_InertRowsAreExactlyTheAllowedServices"}
{"Time":"2026-09-17T15:41:00.358330075+03:00","Action":"output","Package":"github.com/PRO-Robotech/kacho/internal/repohygiene","Test":"TestCatalogReachability_InertRowsAreExactlyTheAllowedServices","Output":"=== CONT  TestCatalogReachability_InertRowsAreExactlyTheAllowedServices\n"}
{"Time":"2026-09-17T15:41:00.358336507+03:00","Action":"cont","Package":"github.com/PRO-Robotech/kacho/internal/repohygiene","Test":"TestSubscriptionShapeOwnerVocabularyCanFail"}
{"Time":"2026-09-17T15:41:00.358339743+03:00","Action":"output","Package":"github.com/PRO-Robotech/kacho/internal/repohygiene","Test":"TestSubscriptionShapeOwnerVocabularyCanFail","Output":"=== CONT  TestSubscriptionShapeOwnerVocabularyCanFail\n"}
{"Time":"2026-09-17T15:41:00.358345514+03:00","Action":"run","Package":"github.com/PRO-Robotech/kacho/internal/repohygiene","Test":"TestSubscriptionShapeReasonContract/CI-DT-05-lawful"}
{"Time":"2026-09-17T15:41:00.35834878+03:00","Action":"output","Package":"github.com/PRO-Robotech/kacho/internal/repohygiene","Test":"TestSubscriptionShapeReasonContract/CI-DT-05-lawful","Output":"=== RUN   TestSubscriptionShapeReasonContract/CI-DT-05-lawful\n"}
{"Time":"2026-09-17T15:41:00.358363668+03:00","Action":"output","Package":"github.com/PRO-Robotech/kacho/internal/repohygiene","Test":"TestGRPCMountParity_AStaleAllowIsItselfAFinding/сервис_смонтирован","Output":"--- PASS: TestGRPCMountParity_AStaleAllowIsItselfAFinding/сервис_смонтирован (0.00s)\n"}
{"Time":"2026-09-17T15:41:00.35837019+03:00","Action":"pass","Package":"github.com/PRO-Robotech/kacho/internal/repohygiene","Test":"TestGRPCMountParity_AStaleAllowIsItselfAFinding/сервис_смонтирован","Elapsed":0}
{"Time":"2026-09-17T15:41:00.358373887+03:00","Action":"output","Package":"github.com/PRO-Robotech/kacho/internal/repohygiene","Test":"TestGRPCMountParity_EmptySubjectIsAnError","Output":"--- PASS: TestGRPCMountParity_EmptySubjectIsAnError (0.00s)\n"}
{"Time":"2026-09-17T15:41:00.358378626+03:00","Action":"pass","Package":"github.com/PRO-Robotech/kacho/internal/repohygiene","Test":"TestGRPCMountParity_EmptySubjectIsAnError","Elapsed":0}
{"Time":"2026-09-17T15:41:00.358382914+03:00","Action":"run","Package":"github.com/PRO-Robotech/kacho/internal/repohygiene","Test":"TestSubscriptionShapeCarrierCanFail/носитель_не_ветвление_—_находка"}
{"Time":"2026-09-17T15:41:00.358386832+03:00","Action":"output","Package":"github.com/PRO-Robotech/kacho/internal/repohygiene","Test":"TestSubscriptionShapeCarrierCanFail/носитель_не_ветвление_—_находка","Output":"=== RUN   TestSubscriptionShapeCarrierCanFail/носитель_не_ветвление_—_находка\n"}
{"Time":"2026-09-17T15:41:00.358393314+03:00","Action":"run","Package":"github.com/PRO-Robotech/kacho/internal/repohygiene","Test":"TestSubscriptionShapeStopReasonCanFail/причина_остановки_полем_события_—_находка"}
{"Time":"2026-09-17T15:41:00.358396941+03:00","Action":"output","Package":"github.com/PRO-Robotech/kacho/internal/repohygiene","Test":"TestSubscriptionShapeStopReasonCanFail/причина_остановки_полем_события_—_находка","Output":"=== RUN   TestSubscriptionShapeStopReasonCanFail/причина_остановки_полем_события_—_находка\n"}
{"Time":"2026-09-17T15:41:00.358406559+03:00","Action":"run","Package":"github.com/PRO-Robotech/kacho/internal/repohygiene","Test":"TestSubscriptionShapeAbsentAxisCanFail/объявленная_отсутствующей_ось_ЗАВЕДЕНА_—_находка"}
{"Time":"2026-09-17T15:41:00.35841288+03:00","Action":"output","Package":"github.com/PRO-Robotech/kacho/internal/repohygiene","Test":"TestSubscriptionShapeAbsentAxisCanFail/объявленная_отсутствующей_ось_ЗАВЕДЕНА_—_находка","Output":"=== RUN   TestSubscriptionShapeAbsentAxisCanFail/объявленная_отсутствующей_ось_ЗАВЕДЕНА_—_находка\n"}
{"Time":"2026-09-17T15:41:00.358422529+03:00","Action":"run","Package":"github.com/PRO-Robotech/kacho/internal/repohygiene","Test":"TestGRPCMountParity_AStaleAllowIsItselfAFinding/сервиса_нет_в_контракте"}
{"Time":"2026-09-17T15:41:00.358426185+03:00","Action":"output","Package":"github.com/PRO-Robotech/kacho/internal/repohygiene","Test":"TestGRPCMountParity_AStaleAllowIsItselfAFinding/сервиса_нет_в_контракте","Output":"=== RUN   TestGRPCMountParity_AStaleAllowIsItselfAFinding/сервиса_нет_в_контракте\n"}
{"Time":"2026-09-17T15:41:00.358709768+03:00","Action":"run","Package":"github.com/PRO-Robotech/kacho/internal/repohygiene","Test":"TestSubscriptionShapeCategoryMarkCanFail/признак_не_проставлен_—_краснеет_с_координатой"}
{"Time":"2026-09-17T15:41:00.358720498+03:00","Action":"output","Package":"github.com/PRO-Robotech/kacho/internal/repohygiene","Test":"TestSubscriptionShapeCategoryMarkCanFail/признак_не_проставлен_—_краснеет_с_координатой","Output":"=== RUN   TestSubscriptionShapeCategoryMarkCanFail/признак_не_проставлен_—_краснеет_с_координатой\n"}
{"Time":"2026-09-17T15:41:00.358725458+03:00","Action":"run","Package":"github.com/PRO-Robotech/kacho/internal/repohygiene","Test":"TestSubscriptionShapeRefusesAnEmptyRead/контракта_нет"}
{"Time":"2026-09-17T15:41:00.358728033+03:00","Action":"output","Package":"github.com/PRO-Robotech/kacho/internal/repohygiene","Test":"TestSubscriptionShapeRefusesAnEmptyRead/контракта_нет","Output":"=== RUN   TestSubscriptionShapeRefusesAnEmptyRead/контракта_нет\n"}
{"Time":"2026-09-17T15:41:00.358733894+03:00","Action":"output","Package":"github.com/PRO-Robotech/kacho/internal/repohygiene","Test":"TestSubscriptionShapeUnsetOutcomeCanFail/исход_не_назван_—_находка","Output":"    subscriptionformshape_injection_test.go:385: перепись: proto/corelib/subscription/subscription.proto — строк 69, типов 5 (верхнего уровня 4), полей 17 (осей 3), значений перечислений 3; утверждений проверено 44; находок 1\n"}
{"Time":"2026-09-17T15:41:00.359144736+03:00","Action":"run","Package":"github.com/PRO-Robotech/kacho/internal/repohygiene","Test":"TestSubscriptionShapeAxisLedgerCanFail/поле_вне_перечня_—_краснеет_и_называет_ПОЛЕ"}
{"Time":"2026-09-17T15:41:00.359155556+03:00","Action":"output","Package":"github.com/PRO-Robotech/kacho/internal/repohygiene","Test":"TestSubscriptionShapeAxisLedgerCanFail/поле_вне_перечня_—_краснеет_и_называет_ПОЛЕ","Output":"=== RUN   TestSubscriptionShapeAxisLedgerCanFail/поле_вне_перечня_—_краснеет_и_называет_ПОЛЕ\n"}
{"Time":"2026-09-17T15:41:00.359178209+03:00","Action":"run","Package":"github.com/PRO-Robotech/kacho/internal/repohygiene","Test":"TestSubscriptionShapePerimeterCanFail/объявлен_глагол_—_находка"}
{"Time":"2026-09-17T15:41:00.359181645+03:00","Action":"output","Package":"github.com/PRO-Robotech/kacho/internal/repohygiene","Test":"TestSubscriptionShapePerimeterCanFail/объявлен_глагол_—_находка","Output":"=== RUN   TestSubscriptionShapePerimeterCanFail/объявлен_глагол_—_находка\n"}
{"Time":"2026-09-17T15:41:00.359457754+03:00","Action":"run","Package":"github.com/PRO-Robotech/kacho/internal/repohygiene","Test":"TestSubscriptionShapeOwnerVocabularyCanFail/словарь_закрыт_контрактом_—_находка"}
{"Time":"2026-09-17T15:41:00.359463986+03:00","Action":"output","Package":"github.com/PRO-Robotech/kacho/internal/repohygiene","Test":"TestSubscriptionShapeOwnerVocabularyCanFail/словарь_закрыт_контрактом_—_находка","Output":"=== RUN   TestSubscriptionShapeOwnerVocabularyCanFail/словарь_закрыт_контрактом_—_находка\n"}
{"Time":"2026-09-17T15:41:00.359472622+03:00","Action":"output","Package":"github.com/PRO-Robotech/kacho/internal/repohygiene","Test":"TestGRPCMountParity_AStaleAllowIsItselfAFinding/сервиса_нет_в_контракте","Output":"--- PASS: TestGRPCMountParity_AStaleAllowIsItselfAFinding/сервиса_нет_в_контракте (0.00s)\n"}
{"Time":"2026-09-17T15:41:00.359477992+03:00","Action":"pass","Package":"github.com/PRO-Robotech/kacho/internal/repohygiene","Test":"TestGRPCMountParity_AStaleAllowIsItselfAFinding/сервиса_нет_в_контракте","Elapsed":0}
{"Time":"2026-09-17T15:41:00.359513819+03:00","Action":"output","Package":"github.com/PRO-Robotech/kacho/internal/repohygiene","Test":"TestSubscriptionShapeUnsetOutcomeCanFail/исход_не_назван_—_находка","Output":"--- PASS: TestSubscriptionShapeUnsetOutcomeCanFail/исход_не_назван_—_находка (0.00s)\n"}
{"Time":"2026-09-17T15:41:00.359520933+03:00","Action":"pass","Package":"github.com/PRO-Robotech/kacho/internal/repohygiene","Test":"TestSubscriptionShapeUnsetOutcomeCanFail/исход_не_назван_—_находка","Elapsed":0}
{"Time":"2026-09-17T15:41:00.359774108+03:00","Action":"output","Package":"github.com/PRO-Robotech/kacho/internal/repohygiene","Test":"TestSubscriptionShapeCarrierCanFail/носитель_не_ветвление_—_находка","Output":"    subscriptionformshape_injection_test.go:428: перепись: proto/corelib/subscription/subscription.proto — строк 67, типов 5 (верхнего уровня 4), полей 17 (осей 3), значений перечислений 3; утверждений проверено 41; находок 1\n"}
{"Time":"2026-09-17T15:41:00.359787243+03:00","Action":"run","Package":"github.com/PRO-Robotech/kacho/internal/repohygiene","Test":"TestSubscriptionShapeHorizonCanFail/поля_горизонта_нет_—_находка"}
{"Time":"2026-09-17T15:41:00.35979082+03:00","Action":"output","Package":"github.com/PRO-Robotech/kacho/internal/repohygiene","Test":"TestSubscriptionShapeHorizonCanFail/поля_горизонта_нет_—_находка","Output":"=== RUN   TestSubscriptionShapeHorizonCanFail/поля_горизонта_нет_—_находка\n"}
{"Time":"2026-09-17T15:41:00.360303403+03:00","Action":"run","Package":"github.com/PRO-Robotech/kacho/internal/repohygiene","Test":"TestSubscriptionShapeUnsetOutcomeCanFail/исход_назван,_но_не_называет_объявленного_значения_—_находка"}
{"Time":"2026-09-17T15:41:00.360311668+03:00","Action":"output","Package":"github.com/PRO-Robotech/kacho/internal/repohygiene","Test":"TestSubscriptionShapeUnsetOutcomeCanFail/исход_назван,_но_не_называет_объявленного_значения_—_находка","Output":"=== RUN   TestSubscriptionShapeUnsetOutcomeCanFail/исход_назван,_но_не_называет_объявленного_значения_—_находка\n"}
{"Time":"2026-09-17T15:41:00.360321206+03:00","Action":"output","Package":"github.com/PRO-Robotech/kacho/internal/repohygiene","Test":"TestSubscriptionShapeStopReasonCanFail/причина_остановки_полем_события_—_находка","Output":"    subscriptionformshape_injection_test.go:547: перепись: proto/corelib/subscription/subscription.proto — строк 70, типов 5 (верхнего уровня 4), полей 18 (осей 3), значений перечислений 3; утверждений проверено 44; находок 1\n"}
{"Time":"2026-09-17T15:41:00.360327718+03:00","Action":"output","Package":"github.com/PRO-Robotech/kacho/internal/repohygiene","Test":"TestSubscriptionShapeCategoryMarkCanFail/признак_не_проставлен_—_краснеет_с_координатой","Output":"    subscriptionformshape_injection_test.go:312: перепись: proto/corelib/subscription/subscription.proto — строк 69, типов 5 (верхнего уровня 4), полей 17 (осей 3), значений перечислений 3; утверждений проверено 44; находок 1\n"}
{"Time":"2026-09-17T15:41:00.360331916+03:00","Action":"output","Package":"github.com/PRO-Robotech/kacho/internal/repohygiene","Test":"TestSubscriptionShapePerimeterCanFail/объявлен_глагол_—_находка","Output":"    subscriptionformshape_injection_test.go:571: перепись: proto/corelib/subscription/subscription.proto — строк 71, типов 5 (верхнего уровня 4), полей 17 (осей 3), значений перечислений 3; утверждений проверено 44; находок 1\n"}
{"Time":"2026-09-17T15:41:00.360335994+03:00","Action":"run","Package":"github.com/PRO-Robotech/kacho/internal/repohygiene","Test":"TestSubscriptionShapeMissingMessageCanFail/служебного_сообщения_нет_—_находка"}
{"Time":"2026-09-17T15:41:00.360338228+03:00","Action":"output","Package":"github.com/PRO-Robotech/kacho/internal/repohygiene","Test":"TestSubscriptionShapeMissingMessageCanFail/служебного_сообщения_нет_—_находка","Output":"=== RUN   TestSubscriptionShapeMissingMessageCanFail/служебного_сообщения_нет_—_находка\n"}
{"Time":"2026-09-17T15:41:00.360342045+03:00","Action":"output","Package":"github.com/PRO-Robotech/kacho/internal/repohygiene","Test":"TestSubscriptionShapeCategoryMarkCanFail/признак_не_проставлен_—_краснеет_с_координатой","Output":"    subscriptionformshape_injection_test.go:317: axis-without-category proto/corelib/subscription/subscription.proto:24 — у оси `project_id` не проставлен признак категории. Категорий две: ЯКОРНАЯ — по ней принимается решение о показе, и исхода «названа, но не применена» у неё не существует; УДОБСТВА — доотбор на клиенте законен. Гейт требует, чтобы признак СТОЯЛ; верен ли выбор — смысл, а не синтаксис, и решается обзором\n"}
{"Time":"2026-09-17T15:41:00.360348197+03:00","Action":"output","Package":"github.com/PRO-Robotech/kacho/internal/repohygiene","Test":"TestCatalogReachability_SilentOnAServedMethod","Output":"--- PASS: TestCatalogReachability_SilentOnAServedMethod (0.00s)\n"}
{"Time":"2026-09-17T15:41:00.36035532+03:00","Action":"pass","Package":"github.com/PRO-Robotech/kacho/internal/repohygiene","Test":"TestCatalogReachability_SilentOnAServedMethod","Elapsed":0}
{"Time":"2026-09-17T15:41:00.360358346+03:00","Action":"output","Package":"github.com/PRO-Robotech/kacho/internal/repohygiene","Test":"TestSubscriptionShapeStopReasonCanFail/причина_остановки_полем_события_—_находка","Output":"--- PASS: TestSubscriptionShapeStopReasonCanFail/причина_остановки_полем_события_—_находка (0.00s)\n"}
{"Time":"2026-09-17T15:41:00.360362925+03:00","Action":"pass","Package":"github.com/PRO-Robotech/kacho/internal/repohygiene","Test":"TestSubscriptionShapeStopReasonCanFail/причина_остановки_полем_события_—_находка","Elapsed":0}
{"Time":"2026-09-17T15:41:00.360408691+03:00","Action":"run","Package":"github.com/PRO-Robotech/kacho/internal/repohygiene","Test":"TestSubscriptionShapeStopReasonCanFail/то_же_имя_ВНУТРИ_вложенного_сообщения_—_молчание"}
{"Time":"2026-09-17T15:41:00.360419741+03:00","Action":"output","Package":"github.com/PRO-Robotech/kacho/internal/repohygiene","Test":"TestSubscriptionShapeStopReasonCanFail/то_же_имя_ВНУТРИ_вложенного_сообщения_—_молчание","Output":"=== RUN   TestSubscriptionShapeStopReasonCanFail/то_же_имя_ВНУТРИ_вложенного_сообщения_—_молчание\n"}
{"Time":"2026-09-17T15:41:00.360427827+03:00","Action":"output","Package":"github.com/PRO-Robotech/kacho/internal/repohygiene","Test":"TestSubscriptionShapeCarrierCanFail/носитель_не_ветвление_—_находка","Output":"--- PASS: TestSubscriptionShapeCarrierCanFail/носитель_не_ветвление_—_находка (0.00s)\n"}
{"Time":"2026-09-17T15:41:00.360432996+03:00","Action":"pass","Package":"github.com/PRO-Robotech/kacho/internal/repohygiene","Test":"TestSubscriptionShapeCarrierCanFail/носитель_не_ветвление_—_находка","Elapsed":0}
{"Time":"2026-09-17T15:41:00.360441182+03:00","Action":"run","Package":"github.com/PRO-Robotech/kacho/internal/repohygiene","Test":"TestGRPCMountParity_AnAllowForAnUnownedPackageIsOutOfSubject/запись_про_сервис_невладеемого_пакета_—_молчание_и_перепись"}
{"Time":"2026-09-17T15:41:00.360452443+03:00","Action":"output","Package":"github.com/PRO-Robotech/kacho/internal/repohygiene","Test":"TestGRPCMountParity_AnAllowForAnUnownedPackageIsOutOfSubject/запись_про_сервис_невладеемого_пакета_—_молчание_и_перепись","Output":"=== RUN   TestGRPCMountParity_AnAllowForAnUnownedPackageIsOutOfSubject/запись_про_сервис_невладеемого_пакета_—_молчание_и_перепись\n"}
{"Time":"2026-09-17T15:41:00.360867553+03:00","Action":"output","Package":"github.com/PRO-Robotech/kacho/internal/repohygiene","Test":"TestSubscriptionShapeOwnerVocabularyCanFail/словарь_закрыт_контрактом_—_находка","Output":"    subscriptionformshape_injection_test.go:611: перепись: proto/corelib/subscription/subscription.proto — строк 75, типов 6 (верхнего уровня 5), полей 17 (осей 3), значений перечислений 5; утверждений проверено 44; находок 1\n"}
{"Time":"2026-09-17T15:41:00.360881098+03:00","Action":"run","Package":"github.com/PRO-Robotech/kacho/internal/repohygiene","Test":"TestSubscriptionShapeCarrierCanFail/ветвей_три_—_находка"}
{"Time":"2026-09-17T15:41:00.360884224+03:00","Action":"output","Package":"github.com/PRO-Robotech/kacho/internal/repohygiene","Test":"TestSubscriptionShapeCarrierCanFail/ветвей_три_—_находка","Output":"=== RUN   TestSubscriptionShapeCarrierCanFail/ветвей_три_—_находка\n"}
{"Time":"2026-09-17T15:41:00.360937594+03:00","Action":"output","Package":"github.com/PRO-Robotech/kacho/internal/repohygiene","Test":"TestCatalogReachability_RedOnAMethodTheContractDoesNotHave","Output":"--- PASS: TestCatalogReachability_RedOnAMethodTheContractDoesNotHave (0.00s)\n"}
{"Time":"2026-09-17T15:41:00.360998529+03:00","Action":"pass","Package":"github.com/PRO-Robotech/kacho/internal/repohygiene","Test":"TestCatalogReachability_RedOnAMethodTheContractDoesNotHave","Elapsed":0}
{"Time":"2026-09-17T15:41:00.361006694+03:00","Action":"output","Package":"github.com/PRO-Robotech/kacho/internal/repohygiene","Test":"TestCatalogReachability_MethodsAreNotBorrowedBetweenDescriptors","Output":"--- PASS: TestCatalogReachability_MethodsAreNotBorrowedBetweenDescriptors (0.00s)\n"}
{"Time":"2026-09-17T15:41:00.361040858+03:00","Action":"pass","Package":"github.com/PRO-Robotech/kacho/internal/repohygiene","Test":"TestCatalogReachability_MethodsAreNotBorrowedBetweenDescriptors","Elapsed":0}
{"Time":"2026-09-17T15:41:00.361048512+03:00","Action":"output","Package":"github.com/PRO-Robotech/kacho/internal/repohygiene","Test":"TestSubscriptionShapeAnchorCanFail/якоря_в_оболочке_нет_—_находка","Output":"    subscriptionformshape_injection_test.go:484: перепись: proto/corelib/subscription/subscription.proto — строк 68, типов 5 (верхнего уровня 4), полей 16 (осей 3), значений перечислений 3; утверждений проверено 44; находок 1\n"}
{"Time":"2026-09-17T15:41:00.36105788+03:00","Action":"output","Package":"github.com/PRO-Robotech/kacho/internal/repohygiene","Test":"TestSubscriptionShapeHorizonCanFail/поля_горизонта_нет_—_находка","Output":"    subscriptionformshape_injection_test.go:525: перепись: proto/corelib/subscription/subscription.proto — строк 68, типов 5 (верхнего уровня 4), полей 16 (осей 3), значений перечислений 3; утверждений проверено 44; находок 1\n"}
{"Time":"2026-09-17T15:41:00.361107153+03:00","Action":"output","Package":"github.com/PRO-Robotech/kacho/internal/repohygiene","Test":"TestSubscriptionShapeReasonContract/CI-DT-05-lawful","Output":"    subscriptionreason_test.go:19: перепись: proto/corelib/subscription/subscription.proto — строк 69, типов 5 (верхнего уровня 4), полей 17 (осей 3), значений перечислений 3; утверждений проверено 44; находок 0\n"}
{"Time":"2026-09-17T15:41:00.361122161+03:00","Action":"output","Package":"github.com/PRO-Robotech/kacho/internal/repohygiene","Test":"TestSubscriptionShapeReasonContract/CI-DT-05-lawful","Output":"    subscriptionreason_test.go:20: законная форма:\n"}
{"Time":"2026-09-17T15:41:00.36112692+03:00","Action":"output","Package":"github.com/PRO-Robotech/kacho/internal/repohygiene","Test":"TestSubscriptionShapeReasonContract/CI-DT-05-lawful","Output":"        syntax = \"proto3\";\n"}
{"Time":"2026-09-17T15:41:00.361130997+03:00","Action":"output","Package":"github.com/PRO-Robotech/kacho/internal/repohygiene","Test":"TestSubscriptionShapeReasonContract/CI-DT-05-lawful","Output":"        \n"}
{"Time":"2026-09-17T15:41:00.361136297+03:00","Action":"output","Package":"github.com/PRO-Robotech/kacho/internal/repohygiene","Test":"TestSubscriptionShapeReasonContract/CI-DT-05-lawful","Output":"        package corelib.subscription;\n"}
{"Time":"2026-09-17T15:41:00.361140185+03:00","Action":"output","Package":"github.com/PRO-Robotech/kacho/internal/repohygiene","Test":"TestSubscriptionShapeReasonContract/CI-DT-05-lawful","Output":"        \n"}
{"Time":"2026-09-17T15:41:00.361144302+03:00","Action":"output","Package":"github.com/PRO-Robotech/kacho/internal/repohygiene","Test":"TestSubscriptionShapeReasonContract/CI-DT-05-lawful","Output":"        import \"google/protobuf/any.proto\";\n"}
{"Time":"2026-09-17T15:41:00.36114859+03:00","Action":"output","Package":"github.com/PRO-Robotech/kacho/internal/repohygiene","Test":"TestSubscriptionShapeReasonContract/CI-DT-05-lawful","Output":"        \n"}
{"Time":"2026-09-17T15:41:00.36115382+03:00","Action":"output","Package":"github.com/PRO-Robotech/kacho/internal/repohygiene","Test":"TestSubscriptionShapeReasonContract/CI-DT-05-lawful","Output":"        // SubscriptionAnchor — якорь начала.\n"}
{"Time":"2026-09-17T15:41:00.361157277+03:00","Action":"output","Package":"github.com/PRO-Robotech/kacho/internal/repohygiene","Test":"TestSubscriptionShapeReasonContract/CI-DT-05-lawful","Output":"        enum SubscriptionAnchor {\n"}
{"Time":"2026-09-17T15:41:00.361160433+03:00","Action":"output","Package":"github.com/PRO-Robotech/kacho/internal/repohygiene","Test":"TestSubscriptionShapeReasonContract/CI-DT-05-lawful","Output":"          SUBSCRIPTION_ANCHOR_UNSPECIFIED = 0;\n"}
{"Time":"2026-09-17T15:41:00.361165122+03:00","Action":"output","Package":"github.com/PRO-Robotech/kacho/internal/repohygiene","Test":"TestSubscriptionShapeReasonContract/CI-DT-05-lawful","Output":"          BEGINNING = 1;\n"}
{"Time":"2026-09-17T15:41:00.361168287+03:00","Action":"output","Package":"github.com/PRO-Robotech/kacho/internal/repohygiene","Test":"TestSubscriptionShapeReasonContract/CI-DT-05-lawful","Output":"          CURRENT_END = 2;\n"}
{"Time":"2026-09-17T15:41:00.361171473+03:00","Action":"output","Package":"github.com/PRO-Robotech/kacho/internal/repohygiene","Test":"TestSubscriptionShapeReasonContract/CI-DT-05-lawful","Output":"        }\n"}
{"Time":"2026-09-17T15:41:00.361175822+03:00","Action":"output","Package":"github.com/PRO-Robotech/kacho/internal/repohygiene","Test":"TestSubscriptionShapeReasonContract/CI-DT-05-lawful","Output":"        \n"}
{"Time":"2026-09-17T15:41:00.361178757+03:00","Action":"output","Package":"github.com/PRO-Robotech/kacho/internal/repohygiene","Test":"TestSubscriptionShapeReasonContract/CI-DT-05-lawful","Output":"        // SubscriptionRequest — запрос подписки.\n"}
{"Time":"2026-09-17T15:41:00.361181843+03:00","Action":"output","Package":"github.com/PRO-Robotech/kacho/internal/repohygiene","Test":"TestSubscriptionShapeReasonContract/CI-DT-05-lawful","Output":"        //\n"}
{"Time":"2026-09-17T15:41:00.361186161+03:00","Action":"output","Package":"github.com/PRO-Robotech/kacho/internal/repohygiene","Test":"TestSubscriptionShapeReasonContract/CI-DT-05-lawful","Output":"        // ИМЯ сюда не берётся: оно мутабельно, и подписка по нему молча перестанет\n"}
{"Time":"2026-09-17T15:41:00.36119085+03:00","Action":"output","Package":"github.com/PRO-Robotech/kacho/internal/repohygiene","Test":"TestSubscriptionShapeReasonContract/CI-DT-05-lawful","Output":"        // совпадать. МЕТКИ сюда не берутся: они мутабельны, и выход из выборки\n"}
{"Time":"2026-09-17T15:41:00.361195188+03:00","Action":"output","Package":"github.com/PRO-Robotech/kacho/internal/repohygiene","Test":"TestSubscriptionShapeReasonContract/CI-DT-05-lawful","Output":"        // неотличим от удаления.\n"}
{"Time":"2026-09-17T15:41:00.361199326+03:00","Action":"output","Package":"github.com/PRO-Robotech/kacho/internal/repohygiene","Test":"TestSubscriptionShapeReasonContract/CI-DT-05-lawful","Output":"        message SubscriptionRequest {\n"}
{"Time":"2026-09-17T15:41:00.361202131+03:00","Action":"output","Package":"github.com/PRO-Robotech/kacho/internal/repohygiene","Test":"TestSubscriptionShapeReasonContract/CI-DT-05-lawful","Output":"          // kinds — виды предметов. Категория: УДОБСТВА.\n"}
{"Time":"2026-09-17T15:41:00.361206349+03:00","Action":"output","Package":"github.com/PRO-Robotech/kacho/internal/repohygiene","Test":"TestSubscriptionShapeReasonContract/CI-DT-05-lawful","Output":"          repeated string kinds = 1;\n"}
{"Time":"2026-09-17T15:41:00.361209906+03:00","Action":"output","Package":"github.com/PRO-Robotech/kacho/internal/repohygiene","Test":"TestSubscriptionShapeReasonContract/CI-DT-05-lawful","Output":"        \n"}
{"Time":"2026-09-17T15:41:00.361214274+03:00","Action":"output","Package":"github.com/PRO-Robotech/kacho/internal/repohygiene","Test":"TestSubscriptionShapeReasonContract/CI-DT-05-lawful","Output":"          // project_id — проект. Категория: ЯКОРНАЯ.\n"}
{"Time":"2026-09-17T15:41:00.361217901+03:00","Action":"output","Package":"github.com/PRO-Robotech/kacho/internal/repohygiene","Test":"TestSubscriptionShapeReasonContract/CI-DT-05-lawful","Output":"          string project_id = 2;\n"}
{"Time":"2026-09-17T15:41:00.361221528+03:00","Action":"output","Package":"github.com/PRO-Robotech/kacho/internal/repohygiene","Test":"TestSubscriptionShapeReasonContract/CI-DT-05-lawful","Output":"        \n"}
{"Time":"2026-09-17T15:41:00.361230615+03:00","Action":"output","Package":"github.com/PRO-Robotech/kacho/internal/repohygiene","Test":"TestSubscriptionShapeReasonContract/CI-DT-05-lawful","Output":"          // ids — идентификаторы. Категория: УДОБСТВА.\n"}
{"Time":"2026-09-17T15:41:00.361235213+03:00","Action":"output","Package":"github.com/PRO-Robotech/kacho/internal/repohygiene","Test":"TestSubscriptionShapeReasonContract/CI-DT-05-lawful","Output":"          repeated string ids = 3;\n"}
{"Time":"2026-09-17T15:41:00.361240393+03:00","Action":"output","Package":"github.com/PRO-Robotech/kacho/internal/repohygiene","Test":"TestSubscriptionShapeStandIsCleanBeforeInjection","Output":"    subscriptionformshape_injection_test.go:246: перепись: proto/corelib/subscription/subscription.proto — строк 69, типов 5 (верхнего уровня 4), полей 17 (осей 3), значений перечислений 3; утверждений проверено 44; находок 0\n"}
{"Time":"2026-09-17T15:41:00.361249169+03:00","Action":"output","Package":"github.com/PRO-Robotech/kacho/internal/repohygiene","Test":"TestSubscriptionShapeAbsentAxisCanFail/объявленная_отсутствующей_ось_ЗАВЕДЕНА_—_находка","Output":"    subscriptionformshape_injection_test.go:352: перепись: proto/corelib/subscription/subscription.proto — строк 72, типов 5 (верхнего уровня 4), полей 18 (осей 4), значений перечислений 3; утверждений проверено 47; находок 1\n"}
{"Time":"2026-09-17T15:41:00.361274908+03:00","Action":"output","Package":"github.com/PRO-Robotech/kacho/internal/repohygiene","Test":"TestSubscriptionShapeOwnerVocabularyCanFail/словарь_закрыт_контрактом_—_находка","Output":"--- PASS: TestSubscriptionShapeOwnerVocabularyCanFail/словарь_закрыт_контрактом_—_находка (0.00s)\n"}
{"Time":"2026-09-17T15:41:00.361288313+03:00","Action":"pass","Package":"github.com/PRO-Robotech/kacho/internal/repohygiene","Test":"TestSubscriptionShapeOwnerVocabularyCanFail/словарь_закрыт_контрактом_—_находка","Elapsed":0}
{"Time":"2026-09-17T15:41:00.361293553+03:00","Action":"output","Package":"github.com/PRO-Robotech/kacho/internal/repohygiene","Test":"TestSubscriptionShapeReasonContract/CI-DT-05-lawful","Output":"          // start — с какого места отдавать.\n"}
{"Time":"2026-09-17T15:41:00.361297871+03:00","Action":"output","Package":"github.com/PRO-Robotech/kacho/internal/repohygiene","Test":"TestSubscriptionShapeReasonContract/CI-DT-05-lawful","Output":"          //\n"}
{"Time":"2026-09-17T15:41:00.36130251+03:00","Action":"output","Package":"github.com/PRO-Robotech/kacho/internal/repohygiene","Test":"TestSubscriptionShapeReasonContract/CI-DT-05-lawful","Output":"          // ИСХОД НЕЗАДАННОГО НАЗВАН: start не задан означает ровно CURRENT_END.\n"}
{"Time":"2026-09-17T15:41:00.361307078+03:00","Action":"output","Package":"github.com/PRO-Robotech/kacho/internal/repohygiene","Test":"TestSubscriptionShapeReasonContract/CI-DT-05-lawful","Output":"          oneof start {\n"}
{"Time":"2026-09-17T15:41:00.361310966+03:00","Action":"output","Package":"github.com/PRO-Robotech/kacho/internal/repohygiene","Test":"TestSubscriptionShapeReasonContract/CI-DT-05-lawful","Output":"            // anchor — назвать место словом.\n"}
{"Time":"2026-09-17T15:41:00.361314943+03:00","Action":"output","Package":"github.com/PRO-Robotech/kacho/internal/repohygiene","Test":"TestSubscriptionShapeReasonContract/CI-DT-05-lawful","Output":"            SubscriptionAnchor anchor = 10;\n"}
{"Time":"2026-09-17T15:41:00.36131892+03:00","Action":"run","Package":"github.com/PRO-Robotech/kacho/internal/repohygiene","Test":"TestSubscriptionShapeOwnerVocabularyCanFail/перечисление_рядом,_но_ось_строковая_—_молчание"}
{"Time":"2026-09-17T15:41:00.361322928+03:00","Action":"output","Package":"github.com/PRO-Robotech/kacho/internal/repohygiene","Test":"TestSubscriptionShapeOwnerVocabularyCanFail/перечисление_рядом,_но_ось_строковая_—_молчание","Output":"=== RUN   TestSubscriptionShapeOwnerVocabularyCanFail/перечисление_рядом,_но_ось_строковая_—_молчание\n"}
{"Time":"2026-09-17T15:41:00.361328739+03:00","Action":"output","Package":"github.com/PRO-Robotech/kacho/internal/repohygiene","Test":"TestSubscriptionShapeReasonContract/CI-DT-05-lawful","Output":"            // position — непрозрачный токен.\n"}
{"Time":"2026-09-17T15:41:00.361332656+03:00","Action":"output","Package":"github.com/PRO-Robotech/kacho/internal/repohygiene","Test":"TestSubscriptionShapeReasonContract/CI-DT-05-lawful","Output":"            string position = 11;\n"}
{"Time":"2026-09-17T15:41:00.361336514+03:00","Action":"output","Package":"github.com/PRO-Robotech/kacho/internal/repohygiene","Test":"TestSubscriptionShapeReasonContract/CI-DT-05-lawful","Output":"          }\n"}
{"Time":"2026-09-17T15:41:00.36133987+03:00","Action":"output","Package":"github.com/PRO-Robotech/kacho/internal/repohygiene","Test":"TestSubscriptionShapeReasonContract/CI-DT-05-lawful","Output":"        }\n"}
{"Time":"2026-09-17T15:41:00.361343376+03:00","Action":"output","Package":"github.com/PRO-Robotech/kacho/internal/repohygiene","Test":"TestSubscriptionShapeReasonContract/CI-DT-05-lawful","Output":"        \n"}
{"Time":"2026-09-17T15:41:00.361347795+03:00","Action":"output","Package":"github.com/PRO-Robotech/kacho/internal/repohygiene","Test":"TestSubscriptionShapeReasonContract/CI-DT-05-lawful","Output":"        // SubscriptionOpened — служебное первое сообщение.\n"}
{"Time":"2026-09-17T15:41:00.361351923+03:00","Action":"output","Package":"github.com/PRO-Robotech/kacho/internal/repohygiene","Test":"TestSubscriptionShapeReasonContract/CI-DT-05-lawful","Output":"        message SubscriptionOpened {\n"}
{"Time":"2026-09-17T15:41:00.361355018+03:00","Action":"output","Package":"github.com/PRO-Robotech/kacho/internal/repohygiene","Test":"TestSubscriptionShapeReasonContract/CI-DT-05-lawful","Output":"          string position = 1;\n"}
{"Time":"2026-09-17T15:41:00.361357984+03:00","Action":"output","Package":"github.com/PRO-Robotech/kacho/internal/repohygiene","Test":"TestSubscriptionShapeReasonContract/CI-DT-05-lawful","Output":"          bool caught_up = 2;\n"}
{"Time":"2026-09-17T15:41:00.361360749+03:00","Action":"output","Package":"github.com/PRO-Robotech/kacho/internal/repohygiene","Test":"TestSubscriptionShapeReasonContract/CI-DT-05-lawful","Output":"          repeated string honored_filters = 3;\n"}
{"Time":"2026-09-17T15:41:00.361363635+03:00","Action":"output","Package":"github.com/PRO-Robotech/kacho/internal/repohygiene","Test":"TestSubscriptionShapeReasonContract/CI-DT-05-lawful","Output":"          string earliest_resumable_position = 4;\n"}
{"Time":"2026-09-17T15:41:00.36136668+03:00","Action":"output","Package":"github.com/PRO-Robotech/kacho/internal/repohygiene","Test":"TestSubscriptionShapeReasonContract/CI-DT-05-lawful","Output":"          bool retains_everything = 5;\n"}
{"Time":"2026-09-17T15:41:00.361369385+03:00","Action":"output","Package":"github.com/PRO-Robotech/kacho/internal/repohygiene","Test":"TestSubscriptionShapeReasonContract/CI-DT-05-lawful","Output":"        }\n"}
{"Time":"2026-09-17T15:41:00.36137206+03:00","Action":"output","Package":"github.com/PRO-Robotech/kacho/internal/repohygiene","Test":"TestSubscriptionShapeReasonContract/CI-DT-05-lawful","Output":"        \n"}
{"Time":"2026-09-17T15:41:00.361375767+03:00","Action":"output","Package":"github.com/PRO-Robotech/kacho/internal/repohygiene","Test":"TestSubscriptionShapeReasonContract/CI-DT-05-lawful","Output":"        // SubscriptionEvent — оболочка события.\n"}
{"Time":"2026-09-17T15:41:00.361379234+03:00","Action":"output","Package":"github.com/PRO-Robotech/kacho/internal/repohygiene","Test":"TestSubscriptionShapeReasonContract/CI-DT-05-lawful","Output":"        message SubscriptionEvent {\n"}
{"Time":"2026-09-17T15:41:00.361382079+03:00","Action":"output","Package":"github.com/PRO-Robotech/kacho/internal/repohygiene","Test":"TestSubscriptionShapeReasonContract/CI-DT-05-lawful","Output":"          // StateUnavailable — вторая ветвь носителя.\n"}
{"Time":"2026-09-17T15:41:00.361385185+03:00","Action":"output","Package":"github.com/PRO-Robotech/kacho/internal/repohygiene","Test":"TestSubscriptionShapeReasonContract/CI-DT-05-lawful","Output":"          message StateUnavailable {\n"}
{"Time":"2026-09-17T15:41:00.361388221+03:00","Action":"output","Package":"github.com/PRO-Robotech/kacho/internal/repohygiene","Test":"TestSubscriptionShapeReasonContract/CI-DT-05-lawful","Output":"            // reason — почему состояния нет. Это НЕ причина остановки потока.\n"}
{"Time":"2026-09-17T15:41:00.361392318+03:00","Action":"output","Package":"github.com/PRO-Robotech/kacho/internal/repohygiene","Test":"TestSubscriptionShapeReasonContract/CI-DT-05-lawful","Output":"            string reason = 1;\n"}
{"Time":"2026-09-17T15:41:00.361396136+03:00","Action":"output","Package":"github.com/PRO-Robotech/kacho/internal/repohygiene","Test":"TestSubscriptionShapeReasonContract/CI-DT-05-lawful","Output":"          }\n"}
{"Time":"2026-09-17T15:41:00.361399873+03:00","Action":"output","Package":"github.com/PRO-Robotech/kacho/internal/repohygiene","Test":"TestSubscriptionShapeReasonContract/CI-DT-05-lawful","Output":"        \n"}
{"Time":"2026-09-17T15:41:00.361403469+03:00","Action":"output","Package":"github.com/PRO-Robotech/kacho/internal/repohygiene","Test":"TestSubscriptionShapeReasonContract/CI-DT-05-lawful","Output":"          string position = 1;\n"}
{"Time":"2026-09-17T15:41:00.361409821+03:00","Action":"output","Package":"github.com/PRO-Robotech/kacho/internal/repohygiene","Test":"TestSubscriptionShapeReasonContract/CI-DT-05-lawful","Output":"          string kind = 2;\n"}
{"Time":"2026-09-17T15:41:00.361415372+03:00","Action":"output","Package":"github.com/PRO-Robotech/kacho/internal/repohygiene","Test":"TestSubscriptionShapeReasonContract/CI-DT-05-lawful","Output":"          string resource_id = 3;\n"}
{"Time":"2026-09-17T15:41:00.361419499+03:00","Action":"output","Package":"github.com/PRO-Robotech/kacho/internal/repohygiene","Test":"TestSubscriptionShapeReasonContract/CI-DT-05-lawful","Output":"          // project_id — авторизуемый якорь, поле ОБОЛОЧКИ.\n"}
{"Time":"2026-09-17T15:41:00.361424399+03:00","Action":"output","Package":"github.com/PRO-Robotech/kacho/internal/repohygiene","Test":"TestSubscriptionShapeReasonContract/CI-DT-05-lawful","Output":"          string project_id = 4;\n"}
{"Time":"2026-09-17T15:41:00.361428546+03:00","Action":"output","Package":"github.com/PRO-Robotech/kacho/internal/repohygiene","Test":"TestSubscriptionShapeReasonContract/CI-DT-05-lawful","Output":"        \n"}
{"Time":"2026-09-17T15:41:00.361432193+03:00","Action":"output","Package":"github.com/PRO-Robotech/kacho/internal/repohygiene","Test":"TestSubscriptionShapeReasonContract/CI-DT-05-lawful","Output":"          oneof carrier {\n"}
{"Time":"2026-09-17T15:41:00.36143595+03:00","Action":"output","Package":"github.com/PRO-Robotech/kacho/internal/repohygiene","Test":"TestSubscriptionShapeReasonContract/CI-DT-05-lawful","Output":"            google.protobuf.Any state = 10;\n"}
{"Time":"2026-09-17T15:41:00.36144108+03:00","Action":"output","Package":"github.com/PRO-Robotech/kacho/internal/repohygiene","Test":"TestSubscriptionShapeHorizonCanFail/поля_горизонта_нет_—_находка","Output":"--- PASS: TestSubscriptionShapeHorizonCanFail/поля_горизонта_нет_—_находка (0.00s)\n"}
{"Time":"2026-09-17T15:41:00.361452431+03:00","Action":"pass","Package":"github.com/PRO-Robotech/kacho/internal/repohygiene","Test":"TestSubscriptionShapeHorizonCanFail/поля_горизонта_нет_—_находка","Elapsed":0}
{"Time":"2026-09-17T15:41:00.36145705+03:00","Action":"run","Package":"github.com/PRO-Robotech/kacho/internal/repohygiene","Test":"TestSubscriptionShapeHorizonCanFail/поля_горизонта_на_месте,_порядок_другой_—_молчание"}
{"Time":"2026-09-17T15:41:00.361461328+03:00","Action":"output","Package":"github.com/PRO-Robotech/kacho/internal/repohygiene","Test":"TestSubscriptionShapeHorizonCanFail/поля_горизонта_на_месте,_порядок_другой_—_молчание","Output":"=== RUN   TestSubscriptionShapeHorizonCanFail/поля_горизонта_на_месте,_порядок_другой_—_молчание\n"}
{"Time":"2026-09-17T15:41:00.361469063+03:00","Action":"output","Package":"github.com/PRO-Robotech/kacho/internal/repohygiene","Test":"TestGRPCMountParity_AnAllowForAnUnownedPackageIsOutOfSubject/запись_про_сервис_невладеемого_пакета_—_молчание_и_перепись","Output":"--- PASS: TestGRPCMountParity_AnAllowForAnUnownedPackageIsOutOfSubject/запись_про_сервис_невладеемого_пакета_—_молчание_и_перепись (0.00s)\n"}
{"Time":"2026-09-17T15:41:00.361474944+03:00","Action":"pass","Package":"github.com/PRO-Robotech/kacho/internal/repohygiene","Test":"TestGRPCMountParity_AnAllowForAnUnownedPackageIsOutOfSubject/запись_про_сервис_невладеемого_пакета_—_молчание_и_перепись","Elapsed":0}
{"Time":"2026-09-17T15:41:00.361480524+03:00","Action":"output","Package":"github.com/PRO-Robotech/kacho/internal/repohygiene","Test":"TestSubscriptionShapeAnchorCanFail/якоря_в_оболочке_нет_—_находка","Output":"--- PASS: TestSubscriptionShapeAnchorCanFail/якоря_в_оболочке_нет_—_находка (0.00s)\n"}
{"Time":"2026-09-17T15:41:00.361491154+03:00","Action":"pass","Package":"github.com/PRO-Robotech/kacho/internal/repohygiene","Test":"TestSubscriptionShapeAnchorCanFail/якоря_в_оболочке_нет_—_находка","Elapsed":0}
{"Time":"2026-09-17T15:41:00.361494651+03:00","Action":"run","Package":"github.com/PRO-Robotech/kacho/internal/repohygiene","Test":"TestGRPCMountParity_AnAllowForAnUnownedPackageIsOutOfSubject/та_же_запись_СТАНОВИТСЯ_находкой,_как_только_пакетом_начинают_владеть"}
{"Time":"2026-09-17T15:41:00.361498117+03:00","Action":"output","Package":"github.com/PRO-Robotech/kacho/internal/repohygiene","Test":"TestGRPCMountParity_AnAllowForAnUnownedPackageIsOutOfSubject/та_же_запись_СТАНОВИТСЯ_находкой,_как_только_пакетом_начинают_владеть","Output":"=== RUN   TestGRPCMountParity_AnAllowForAnUnownedPackageIsOutOfSubject/та_же_запись_СТАНОВИТСЯ_находкой,_как_только_пакетом_начинают_владеть\n"}
{"Time":"2026-09-17T15:41:00.361503397+03:00","Action":"output","Package":"github.com/PRO-Robotech/kacho/internal/repohygiene","Test":"TestSubscriptionShapeCarrierCanFail/ветвей_три_—_находка","Output":"    subscriptionformshape_injection_test.go:437: перепись: proto/corelib/subscription/subscription.proto — строк 70, типов 5 (верхнего уровня 4), полей 18 (осей 3), значений перечислений 3; утверждений проверено 44; находок 1\n"}
{"Time":"2026-09-17T15:41:00.36151012+03:00","Action":"run","Package":"github.com/PRO-Robotech/kacho/internal/repohygiene","Test":"TestSubscriptionShapeAnchorCanFail/якорь_ветвью_ветвления_—_находка"}
{"Time":"2026-09-17T15:41:00.361513236+03:00","Action":"output","Package":"github.com/PRO-Robotech/kacho/internal/repohygiene","Test":"TestSubscriptionShapeAnchorCanFail/якорь_ветвью_ветвления_—_находка","Output":"=== RUN   TestSubscriptionShapeAnchorCanFail/якорь_ветвью_ветвления_—_находка\n"}
{"Time":"2026-09-17T15:41:00.361517383+03:00","Action":"output","Package":"github.com/PRO-Robotech/kacho/internal/repohygiene","Test":"TestSubscriptionShapeReasonContract/CI-DT-05-lawful","Output":"            StateUnavailable state_unavailable = 11;\n"}
{"Time":"2026-09-17T15:41:00.361522583+03:00","Action":"output","Package":"github.com/PRO-Robotech/kacho/internal/repohygiene","Test":"TestSubscriptionShapeReasonContract/CI-DT-05-lawful","Output":"          }\n"}
{"Time":"2026-09-17T15:41:00.361525479+03:00","Action":"output","Package":"github.com/PRO-Robotech/kacho/internal/repohygiene","Test":"TestSubscriptionShapeReasonContract/CI-DT-05-lawful","Output":"        }\n"}
{"Time":"2026-09-17T15:41:00.361528835+03:00","Action":"output","Package":"github.com/PRO-Robotech/kacho/internal/repohygiene","Test":"TestSubscriptionShapeReasonContract/CI-DT-05-lawful","Output":"        \n"}
{"Time":"2026-09-17T15:41:00.36153156+03:00","Action":"output","Package":"github.com/PRO-Robotech/kacho/internal/repohygiene","Test":"TestSubscriptionShapeReasonContract/CI-DT-05-lawful","Output":"        \n"}
{"Time":"2026-09-17T15:41:00.361537411+03:00","Action":"output","Package":"github.com/PRO-Robotech/kacho/internal/repohygiene","Test":"TestSubscriptionShapeRefusesAnEmptyRead/контракта_нет","Output":"--- PASS: TestSubscriptionShapeRefusesAnEmptyRead/контракта_нет (0.00s)\n"}
{"Time":"2026-09-17T15:41:00.36154204+03:00","Action":"pass","Package":"github.com/PRO-Robotech/kacho/internal/repohygiene","Test":"TestSubscriptionShapeRefusesAnEmptyRead/контракта_нет","Elapsed":0}
{"Time":"2026-09-17T15:41:00.361546338+03:00","Action":"output","Package":"github.com/PRO-Robotech/kacho/internal/repohygiene","Test":"TestSubscriptionShapeUnsetOutcomeCanFail/исход_назван,_но_не_называет_объявленного_значения_—_находка","Output":"    subscriptionformshape_injection_test.go:397: перепись: proto/corelib/subscription/subscription.proto — строк 69, типов 5 (верхнего уровня 4), полей 17 (осей 3), значений перечислений 3; утверждений проверено 44; находок 1\n"}
{"Time":"2026-09-17T15:41:00.361552079+03:00","Action":"run","Package":"github.com/PRO-Robotech/kacho/internal/repohygiene","Test":"TestSubscriptionShapeRefusesAnEmptyRead/файл_есть,_объявлений_нет"}
{"Time":"2026-09-17T15:41:00.361555024+03:00","Action":"output","Package":"github.com/PRO-Robotech/kacho/internal/repohygiene","Test":"TestSubscriptionShapeRefusesAnEmptyRead/файл_есть,_объявлений_нет","Output":"=== RUN   TestSubscriptionShapeRefusesAnEmptyRead/файл_есть,_объявлений_нет\n"}
{"Time":"2026-09-17T15:41:00.361559382+03:00","Action":"output","Package":"github.com/PRO-Robotech/kacho/internal/repohygiene","Test":"TestSubscriptionShapeStopReasonCanFail/то_же_имя_ВНУТРИ_вложенного_сообщения_—_молчание","Output":"    subscriptionformshape_injection_test.go:560: перепись: proto/corelib/subscription/subscription.proto — строк 71, типов 5 (верхнего уровня 4), полей 18 (осей 3), значений перечислений 3; утверждений проверено 44; находок 0\n"}
{"Time":"2026-09-17T15:41:00.361565253+03:00","Action":"output","Package":"github.com/PRO-Robotech/kacho/internal/repohygiene","Test":"TestSubscriptionShapeAxisLedgerCanFail/поле_вне_перечня_—_краснеет_и_называет_ПОЛЕ","Output":"    subscriptionformshape_injection_test.go:265: перепись: proto/corelib/subscription/subscription.proto — строк 72, типов 5 (верхнего уровня 4), полей 18 (осей 3), значений перечислений 3; утверждений проверено 45; находок 1\n"}
{"Time":"2026-09-17T15:41:00.361571124+03:00","Action":"output","Package":"github.com/PRO-Robotech/kacho/internal/repohygiene","Test":"TestSubscriptionShapeAxisLedgerCanFail/поле_вне_перечня_—_краснеет_и_называет_ПОЛЕ","Output":"    subscriptionformshape_injection_test.go:270: field-outside-the-ledger proto/corelib/subscription/subscription.proto:30 — поле `label_selector` запроса подписки не значится в закрытом перечне. Ось заводится не злым умыслом — «для удобства», — и следующий заведёт вторую. Перечень закрыт: добавь поле ВМЕСТЕ с записью, называющей роль и причину, и решение станет видимым на обзоре\n"}
{"Time":"2026-09-17T15:41:00.3615796+03:00","Action":"output","Package":"github.com/PRO-Robotech/kacho/internal/repohygiene","Test":"TestSubscriptionShapePerimeterCanFail/объявлен_глагол_—_находка","Output":"--- PASS: TestSubscriptionShapePerimeterCanFail/объявлен_глагол_—_находка (0.00s)\n"}
{"Time":"2026-09-17T15:41:00.361583828+03:00","Action":"pass","Package":"github.com/PRO-Robotech/kacho/internal/repohygiene","Test":"TestSubscriptionShapePerimeterCanFail/объявлен_глагол_—_находка","Elapsed":0}
{"Time":"2026-09-17T15:41:00.361587575+03:00","Action":"output","Package":"github.com/PRO-Robotech/kacho/internal/repohygiene","Test":"TestCatalogReachability_RedOnAnUnmountedService","Output":"--- PASS: TestCatalogReachability_RedOnAnUnmountedService (0.00s)\n"}
{"Time":"2026-09-17T15:41:00.361591493+03:00","Action":"pass","Package":"github.com/PRO-Robotech/kacho/internal/repohygiene","Test":"TestCatalogReachability_RedOnAnUnmountedService","Elapsed":0}
{"Time":"2026-09-17T15:41:00.361596272+03:00","Action":"output","Package":"github.com/PRO-Robotech/kacho/internal/repohygiene","Test":"TestSubscriptionShapeMissingMessageCanFail/служебного_сообщения_нет_—_находка","Output":"    subscriptionformshape_injection_test.go:729: missing-message proto/corelib/subscription/subscription.proto — форма обязана объявлять сообщение SubscriptionOpened, а его в контракте нет: часть утверждений ниже проверить не на чем\n"}
{"Time":"2026-09-17T15:41:00.361603365+03:00","Action":"run","Package":"github.com/PRO-Robotech/kacho/internal/repohygiene","Test":"TestSubscriptionShapePerimeterCanFail/слова_`service`_и_`rpc`_В_ПРОЗЕ_—_молчание"}
{"Time":"2026-09-17T15:41:00.361607132+03:00","Action":"output","Package":"github.com/PRO-Robotech/kacho/internal/repohygiene","Test":"TestSubscriptionShapePerimeterCanFail/слова_`service`_и_`rpc`_В_ПРОЗЕ_—_молчание","Output":"=== RUN   TestSubscriptionShapePerimeterCanFail/слова_`service`_и_`rpc`_В_ПРОЗЕ_—_молчание\n"}
{"Time":"2026-09-17T15:41:00.361614316+03:00","Action":"output","Package":"github.com/PRO-Robotech/kacho/internal/repohygiene","Test":"TestSubscriptionShapeCategoryMarkCanFail/признак_не_проставлен_—_краснеет_с_координатой","Output":"--- PASS: TestSubscriptionShapeCategoryMarkCanFail/признак_не_проставлен_—_краснеет_с_координатой (0.00s)\n"}
{"Time":"2026-09-17T15:41:00.361619275+03:00","Action":"pass","Package":"github.com/PRO-Robotech/kacho/internal/repohygiene","Test":"TestSubscriptionShapeCategoryMarkCanFail/признак_не_проставлен_—_краснеет_с_координатой","Elapsed":0}
{"Time":"2026-09-17T15:41:00.361623743+03:00","Action":"run","Package":"github.com/PRO-Robotech/kacho/internal/repohygiene","Test":"TestSubscriptionShapeCategoryMarkCanFail/признак_переизложен_—_молчание"}
{"Time":"2026-09-17T15:41:00.36162753+03:00","Action":"output","Package":"github.com/PRO-Robotech/kacho/internal/repohygiene","Test":"TestSubscriptionShapeCategoryMarkCanFail/признак_переизложен_—_молчание","Output":"=== RUN   TestSubscriptionShapeCategoryMarkCanFail/признак_переизложен_—_молчание\n"}
{"Time":"2026-09-17T15:41:00.36163291+03:00","Action":"output","Package":"github.com/PRO-Robotech/kacho/internal/repohygiene","Test":"TestSubscriptionShapeStandIsCleanBeforeInjection","Output":"--- PASS: TestSubscriptionShapeStandIsCleanBeforeInjection (0.00s)\n"}
{"Time":"2026-09-17T15:41:00.361699816+03:00","Action":"pass","Package":"github.com/PRO-Robotech/kacho/internal/repohygiene","Test":"TestSubscriptionShapeStandIsCleanBeforeInjection","Elapsed":0}
{"Time":"2026-09-17T15:41:00.361706379+03:00","Action":"output","Package":"github.com/PRO-Robotech/kacho/internal/repohygiene","Test":"TestSubscriptionShapeOwnerVocabularyCanFail/перечисление_рядом,_но_ось_строковая_—_молчание","Output":"    subscriptionformshape_injection_test.go:621: перепись: proto/corelib/subscription/subscription.proto — строк 75, типов 6 (верхнего уровня 5), полей 17 (осей 3), значений перечислений 5; утверждений проверено 44; находок 0\n"}
{"Time":"2026-09-17T15:41:00.361763285+03:00","Action":"output","Package":"github.com/PRO-Robotech/kacho/internal/repohygiene","Test":"TestSubscriptionShapeHorizonCanFail/поля_горизонта_на_месте,_порядок_другой_—_молчание","Output":"    subscriptionformshape_injection_test.go:536: перепись: proto/corelib/subscription/subscription.proto — строк 69, типов 5 (верхнего уровня 4), полей 17 (осей 3), значений перечислений 3; утверждений проверено 44; находок 0\n"}
{"Time":"2026-09-17T15:41:00.361859957+03:00","Action":"output","Package":"github.com/PRO-Robotech/kacho/internal/repohygiene","Test":"TestSubscriptionShapeCarrierCanFail/ветвей_три_—_находка","Output":"--- PASS: TestSubscriptionShapeCarrierCanFail/ветвей_три_—_находка (0.00s)\n"}
{"Time":"2026-09-17T15:41:00.361866539+03:00","Action":"pass","Package":"github.com/PRO-Robotech/kacho/internal/repohygiene","Test":"TestSubscriptionShapeCarrierCanFail/ветвей_три_—_находка","Elapsed":0}
{"Time":"2026-09-17T15:41:00.361872+03:00","Action":"run","Package":"github.com/PRO-Robotech/kacho/internal/repohygiene","Test":"TestSubscriptionShapeCarrierCanFail/состояние_свободной_структурой_—_находка"}
{"Time":"2026-09-17T15:41:00.361875867+03:00","Action":"output","Package":"github.com/PRO-Robotech/kacho/internal/repohygiene","Test":"TestSubscriptionShapeCarrierCanFail/состояние_свободной_структурой_—_находка","Output":"=== RUN   TestSubscriptionShapeCarrierCanFail/состояние_свободной_структурой_—_находка\n"}
{"Time":"2026-09-17T15:41:00.36193595+03:00","Action":"output","Package":"github.com/PRO-Robotech/kacho/internal/repohygiene","Test":"TestSubscriptionShapeAnchorCanFail/якорь_ветвью_ветвления_—_находка","Output":"    subscriptionformshape_injection_test.go:495: перепись: proto/corelib/subscription/subscription.proto — строк 69, типов 5 (верхнего уровня 4), полей 17 (осей 3), значений перечислений 3; утверждений проверено 44; находок 2\n"}
{"Time":"2026-09-17T15:41:00.362294714+03:00","Action":"output","Package":"github.com/PRO-Robotech/kacho/internal/repohygiene","Test":"TestSubscriptionShapePerimeterCanFail/слова_`service`_и_`rpc`_В_ПРОЗЕ_—_молчание","Output":"    subscriptionformshape_injection_test.go:583: перепись: proto/corelib/subscription/subscription.proto — строк 71, типов 5 (верхнего уровня 4), полей 17 (осей 3), значений перечислений 3; утверждений проверено 44; находок 0\n"}
{"Time":"2026-09-17T15:41:00.362552608+03:00","Action":"output","Package":"github.com/PRO-Robotech/kacho/internal/repohygiene","Test":"TestSubscriptionShapeCarrierCanFail/состояние_свободной_структурой_—_находка","Output":"    subscriptionformshape_injection_test.go:447: перепись: proto/corelib/subscription/subscription.proto — строк 69, типов 5 (верхнего уровня 4), полей 17 (осей 3), значений перечислений 3; утверждений проверено 44; находок 1\n"}
{"Time":"2026-09-17T15:41:00.374813735+03:00","Action":"output","Package":"github.com/PRO-Robotech/kacho/internal/repohygiene","Test":"TestSubscriptionShapeAnchorCanFail/якорь_ветвью_ветвления_—_находка","Output":"--- PASS: TestSubscriptionShapeAnchorCanFail/якорь_ветвью_ветвления_—_находка (0.01s)\n"}
{"Time":"2026-09-17T15:41:00.374833191+03:00","Action":"pass","Package":"github.com/PRO-Robotech/kacho/internal/repohygiene","Test":"TestSubscriptionShapeAnchorCanFail/якорь_ветвью_ветвления_—_находка","Elapsed":0.01}
{"Time":"2026-09-17T15:41:00.374841196+03:00","Action":"output","Package":"github.com/PRO-Robotech/kacho/internal/repohygiene","Test":"TestSubscriptionShapePerimeterCanFail/слова_`service`_и_`rpc`_В_ПРОЗЕ_—_молчание","Output":"--- PASS: TestSubscriptionShapePerimeterCanFail/слова_`service`_и_`rpc`_В_ПРОЗЕ_—_молчание (0.01s)\n"}
{"Time":"2026-09-17T15:41:00.374849111+03:00","Action":"pass","Package":"github.com/PRO-Robotech/kacho/internal/repohygiene","Test":"TestSubscriptionShapePerimeterCanFail/слова_`service`_и_`rpc`_В_ПРОЗЕ_—_молчание","Elapsed":0.01}
{"Time":"2026-09-17T15:41:00.374854121+03:00","Action":"output","Package":"github.com/PRO-Robotech/kacho/internal/repohygiene","Test":"TestSubscriptionShapeCarrierCanFail/состояние_свободной_структурой_—_находка","Output":"--- PASS: TestSubscriptionShapeCarrierCanFail/состояние_свободной_структурой_—_находка (0.01s)\n"}
{"Time":"2026-09-17T15:41:00.37485915+03:00","Action":"pass","Package":"github.com/PRO-Robotech/kacho/internal/repohygiene","Test":"TestSubscriptionShapeCarrierCanFail/состояние_свободной_структурой_—_находка","Elapsed":0.01}
{"Time":"2026-09-17T15:41:00.374869449+03:00","Action":"run","Package":"github.com/PRO-Robotech/kacho/internal/repohygiene","Test":"TestSubscriptionShapeAnchorCanFail/якорь_ВНУТРИ_нагрузки_—_находка"}
{"Time":"2026-09-17T15:41:00.374873246+03:00","Action":"output","Package":"github.com/PRO-Robotech/kacho/internal/repohygiene","Test":"TestSubscriptionShapeAnchorCanFail/якорь_ВНУТРИ_нагрузки_—_находка","Output":"=== RUN   TestSubscriptionShapeAnchorCanFail/якорь_ВНУТРИ_нагрузки_—_находка\n"}
{"Time":"2026-09-17T15:41:00.374879628+03:00","Action":"run","Package":"github.com/PRO-Robotech/kacho/internal/repohygiene","Test":"TestSubscriptionShapeCarrierCanFail/ветви_состояния_нет_вовсе_—_находка"}
{"Time":"2026-09-17T15:41:00.374887593+03:00","Action":"output","Package":"github.com/PRO-Robotech/kacho/internal/repohygiene","Test":"TestSubscriptionShapeCarrierCanFail/ветви_состояния_нет_вовсе_—_находка","Output":"=== RUN   TestSubscriptionShapeCarrierCanFail/ветви_состояния_нет_вовсе_—_находка\n"}
{"Time":"2026-09-17T15:41:00.374894286+03:00","Action":"output","Package":"github.com/PRO-Robotech/kacho/internal/repohygiene","Test":"TestSubscriptionShapeRefusesAnEmptyRead/файл_есть,_объявлений_нет","Output":"--- PASS: TestSubscriptionShapeRefusesAnEmptyRead/файл_есть,_объявлений_нет (0.01s)\n"}
{"Time":"2026-09-17T15:41:00.37490723+03:00","Action":"pass","Package":"github.com/PRO-Robotech/kacho/internal/repohygiene","Test":"TestSubscriptionShapeRefusesAnEmptyRead/файл_есть,_объявлений_нет","Elapsed":0.01}
{"Time":"2026-09-17T15:41:00.374922128+03:00","Action":"output","Package":"github.com/PRO-Robotech/kacho/internal/repohygiene","Test":"TestGRPCMountParity_AnAllowForAnUnownedPackageIsOutOfSubject/та_же_запись_СТАНОВИТСЯ_находкой,_как_только_пакетом_начинают_владеть","Output":"--- PASS: TestGRPCMountParity_AnAllowForAnUnownedPackageIsOutOfSubject/та_же_запись_СТАНОВИТСЯ_находкой,_как_только_пакетом_начинают_владеть (0.01s)\n"}
{"Time":"2026-09-17T15:41:00.374932628+03:00","Action":"pass","Package":"github.com/PRO-Robotech/kacho/internal/repohygiene","Test":"TestGRPCMountParity_AnAllowForAnUnownedPackageIsOutOfSubject/та_же_запись_СТАНОВИТСЯ_находкой,_как_только_пакетом_начинают_владеть","Elapsed":0.01}
{"Time":"2026-09-17T15:41:00.374937277+03:00","Action":"run","Package":"github.com/PRO-Robotech/kacho/internal/repohygiene","Test":"TestSubscriptionShapePerimeterCanFail/импорт_доменного_контракта_—_находка"}
{"Time":"2026-09-17T15:41:00.374945142+03:00","Action":"output","Package":"github.com/PRO-Robotech/kacho/internal/repohygiene","Test":"TestSubscriptionShapePerimeterCanFail/импорт_доменного_контракта_—_находка","Output":"=== RUN   TestSubscriptionShapePerimeterCanFail/импорт_доменного_контракта_—_находка\n"}
{"Time":"2026-09-17T15:41:00.375200521+03:00","Action":"run","Package":"github.com/PRO-Robotech/kacho/internal/repohygiene","Test":"TestSubscriptionShapeRefusesAnEmptyRead/судится_не_тот_файл"}
{"Time":"2026-09-17T15:41:00.375211442+03:00","Action":"output","Package":"github.com/PRO-Robotech/kacho/internal/repohygiene","Test":"TestSubscriptionShapeRefusesAnEmptyRead/судится_не_тот_файл","Output":"=== RUN   TestSubscriptionShapeRefusesAnEmptyRead/судится_не_тот_файл\n"}
{"Time":"2026-09-17T15:41:00.375218786+03:00","Action":"output","Package":"github.com/PRO-Robotech/kacho/internal/repohygiene","Test":"TestSubscriptionShapeMissingMessageCanFail/служебного_сообщения_нет_—_находка","Output":"--- PASS: TestSubscriptionShapeMissingMessageCanFail/служебного_сообщения_нет_—_находка (0.01s)\n"}
{"Time":"2026-09-17T15:41:00.375224276+03:00","Action":"pass","Package":"github.com/PRO-Robotech/kacho/internal/repohygiene","Test":"TestSubscriptionShapeMissingMessageCanFail/служебного_сообщения_нет_—_находка","Elapsed":0.01}
{"Time":"2026-09-17T15:41:00.375234325+03:00","Action":"output","Package":"github.com/PRO-Robotech/kacho/internal/repohygiene","Test":"TestSubscriptionShapeCategoryMarkCanFail/признак_переизложен_—_молчание","Output":"    subscriptionformshape_injection_test.go:330: перепись: proto/corelib/subscription/subscription.proto — строк 72, типов 5 (верхнего уровня 4), полей 17 (осей 3), значений перечислений 3; утверждений проверено 44; находок 0\n"}
{"Time":"2026-09-17T15:41:00.375241559+03:00","Action":"run","Package":"github.com/PRO-Robotech/kacho/internal/repohygiene","Test":"TestSubscriptionShapeMissingMessageCanFail/все_три_сообщения_на_месте,_порядок_другой_—_молчание"}
{"Time":"2026-09-17T15:41:00.375245025+03:00","Action":"output","Package":"github.com/PRO-Robotech/kacho/internal/repohygiene","Test":"TestSubscriptionShapeMissingMessageCanFail/все_три_сообщения_на_месте,_порядок_другой_—_молчание","Output":"=== RUN   TestSubscriptionShapeMissingMessageCanFail/все_три_сообщения_на_месте,_порядок_другой_—_молчание\n"}
{"Time":"2026-09-17T15:41:00.375250656+03:00","Action":"output","Package":"github.com/PRO-Robotech/kacho/internal/repohygiene","Test":"TestSubscriptionShapeStopReasonCanFail/то_же_имя_ВНУТРИ_вложенного_сообщения_—_молчание","Output":"--- PASS: TestSubscriptionShapeStopReasonCanFail/то_же_имя_ВНУТРИ_вложенного_сообщения_—_молчание (0.01s)\n"}
{"Time":"2026-09-17T15:41:00.375277566+03:00","Action":"pass","Package":"github.com/PRO-Robotech/kacho/internal/repohygiene","Test":"TestSubscriptionShapeStopReasonCanFail/то_же_имя_ВНУТРИ_вложенного_сообщения_—_молчание","Elapsed":0.01}
{"Time":"2026-09-17T15:41:00.375282996+03:00","Action":"output","Package":"github.com/PRO-Robotech/kacho/internal/repohygiene","Test":"TestSubscriptionShapeStopReasonCanFail","Output":"--- PASS: TestSubscriptionShapeStopReasonCanFail (0.02s)\n"}
{"Time":"2026-09-17T15:41:00.375287194+03:00","Action":"pass","Package":"github.com/PRO-Robotech/kacho/internal/repohygiene","Test":"TestSubscriptionShapeStopReasonCanFail","Elapsed":0.02}
{"Time":"2026-09-17T15:41:00.375294809+03:00","Action":"output","Package":"github.com/PRO-Robotech/kacho/internal/repohygiene","Test":"TestSubscriptionShapeAxisLedgerCanFail/поле_вне_перечня_—_краснеет_и_называет_ПОЛЕ","Output":"--- PASS: TestSubscriptionShapeAxisLedgerCanFail/поле_вне_перечня_—_краснеет_и_называет_ПОЛЕ (0.02s)\n"}
{"Time":"2026-09-17T15:41:00.375299487+03:00","Action":"pass","Package":"github.com/PRO-Robotech/kacho/internal/repohygiene","Test":"TestSubscriptionShapeAxisLedgerCanFail/поле_вне_перечня_—_краснеет_и_называет_ПОЛЕ","Elapsed":0.02}
{"Time":"2026-09-17T15:41:00.375304437+03:00","Action":"output","Package":"github.com/PRO-Robotech/kacho/internal/repohygiene","Test":"TestSubscriptionShapeReasonContract/CI-DT-05-lawful","Output":"--- PASS: TestSubscriptionShapeReasonContract/CI-DT-05-lawful (0.02s)\n"}
{"Time":"2026-09-17T15:41:00.375312672+03:00","Action":"pass","Package":"github.com/PRO-Robotech/kacho/internal/repohygiene","Test":"TestSubscriptionShapeReasonContract/CI-DT-05-lawful","Elapsed":0.02}
{"Time":"2026-09-17T15:41:00.37531671+03:00","Action":"run","Package":"github.com/PRO-Robotech/kacho/internal/repohygiene","Test":"TestSubscriptionShapeAxisLedgerCanFail/поле,_добавленное_ВМЕСТЕ_с_записью,_—_молчание"}
{"Time":"2026-09-17T15:41:00.375320607+03:00","Action":"output","Package":"github.com/PRO-Robotech/kacho/internal/repohygiene","Test":"TestSubscriptionShapeAxisLedgerCanFail/поле,_добавленное_ВМЕСТЕ_с_записью,_—_молчание","Output":"=== RUN   TestSubscriptionShapeAxisLedgerCanFail/поле,_добавленное_ВМЕСТЕ_с_записью,_—_молчание\n"}
{"Time":"2026-09-17T15:41:00.375332139+03:00","Action":"output","Package":"github.com/PRO-Robotech/kacho/internal/repohygiene","Test":"TestSubscriptionShapeUnsetOutcomeCanFail/исход_назван,_но_не_называет_объявленного_значения_—_находка","Output":"--- PASS: TestSubscriptionShapeUnsetOutcomeCanFail/исход_назван,_но_не_называет_объявленного_значения_—_находка (0.02s)\n"}
{"Time":"2026-09-17T15:41:00.375341346+03:00","Action":"pass","Package":"github.com/PRO-Robotech/kacho/internal/repohygiene","Test":"TestSubscriptionShapeUnsetOutcomeCanFail/исход_назван,_но_не_называет_объявленного_значения_—_находка","Elapsed":0.02}
{"Time":"2026-09-17T15:41:00.375351124+03:00","Action":"output","Package":"github.com/PRO-Robotech/kacho/internal/repohygiene","Test":"TestSubscriptionShapeOwnerVocabularyCanFail/перечисление_рядом,_но_ось_строковая_—_молчание","Output":"--- PASS: TestSubscriptionShapeOwnerVocabularyCanFail/перечисление_рядом,_но_ось_строковая_—_молчание (0.01s)\n"}
{"Time":"2026-09-17T15:41:00.375356524+03:00","Action":"pass","Package":"github.com/PRO-Robotech/kacho/internal/repohygiene","Test":"TestSubscriptionShapeOwnerVocabularyCanFail/перечисление_рядом,_но_ось_строковая_—_молчание","Elapsed":0.01}
{"Time":"2026-09-17T15:41:00.375361223+03:00","Action":"output","Package":"github.com/PRO-Robotech/kacho/internal/repohygiene","Test":"TestSubscriptionShapeOwnerVocabularyCanFail","Output":"--- PASS: TestSubscriptionShapeOwnerVocabularyCanFail (0.02s)\n"}
{"Time":"2026-09-17T15:41:00.375365111+03:00","Action":"pass","Package":"github.com/PRO-Robotech/kacho/internal/repohygiene","Test":"TestSubscriptionShapeOwnerVocabularyCanFail","Elapsed":0.02}
{"Time":"2026-09-17T15:41:00.37541788+03:00","Action":"run","Package":"github.com/PRO-Robotech/kacho/internal/repohygiene","Test":"TestSubscriptionShapeUnsetOutcomeCanFail/исход_назван_ДРУГИМ_значением_и_другими_словами_—_молчание"}
{"Time":"2026-09-17T15:41:00.37542354+03:00","Action":"output","Package":"github.com/PRO-Robotech/kacho/internal/repohygiene","Test":"TestSubscriptionShapeUnsetOutcomeCanFail/исход_назван_ДРУГИМ_значением_и_другими_словами_—_молчание","Output":"=== RUN   TestSubscriptionShapeUnsetOutcomeCanFail/исход_назван_ДРУГИМ_значением_и_другими_словами_—_молчание\n"}
{"Time":"2026-09-17T15:41:00.375431696+03:00","Action":"output","Package":"github.com/PRO-Robotech/kacho/internal/repohygiene","Test":"TestGRPCMountParity_DoesNotReadThroughASymlinkOutOfTheAPIRoot","Output":"--- PASS: TestGRPCMountParity_DoesNotReadThroughASymlinkOutOfTheAPIRoot (0.02s)\n"}
{"Time":"2026-09-17T15:41:00.375434311+03:00","Action":"pass","Package":"github.com/PRO-Robotech/kacho/internal/repohygiene","Test":"TestGRPCMountParity_DoesNotReadThroughASymlinkOutOfTheAPIRoot","Elapsed":0.02}
{"Time":"2026-09-17T15:41:00.375436565+03:00","Action":"run","Package":"github.com/PRO-Robotech/kacho/internal/repohygiene","Test":"TestSubscriptionShapeReasonContract/CI-DT-03-without-oneof"}
{"Time":"2026-09-17T15:41:00.37543914+03:00","Action":"output","Package":"github.com/PRO-Robotech/kacho/internal/repohygiene","Test":"TestSubscriptionShapeReasonContract/CI-DT-03-without-oneof","Output":"=== RUN   TestSubscriptionShapeReasonContract/CI-DT-03-without-oneof\n"}
{"Time":"2026-09-17T15:41:00.375442225+03:00","Action":"output","Package":"github.com/PRO-Robotech/kacho/internal/repohygiene","Test":"TestCatalogReachability_RedOnAServiceTheContractDoesNotHave","Output":"--- PASS: TestCatalogReachability_RedOnAServiceTheContractDoesNotHave (0.02s)\n"}
{"Time":"2026-09-17T15:41:00.375445071+03:00","Action":"pass","Package":"github.com/PRO-Robotech/kacho/internal/repohygiene","Test":"TestCatalogReachability_RedOnAServiceTheContractDoesNotHave","Elapsed":0.02}
{"Time":"2026-09-17T15:41:00.375447335+03:00","Action":"output","Package":"github.com/PRO-Robotech/kacho/internal/repohygiene","Test":"TestGRPCMountParity_SeesAnUnmountedServiceAsUnmounted","Output":"--- PASS: TestGRPCMountParity_SeesAnUnmountedServiceAsUnmounted (0.02s)\n"}
{"Time":"2026-09-17T15:41:00.3754499+03:00","Action":"pass","Package":"github.com/PRO-Robotech/kacho/internal/repohygiene","Test":"TestGRPCMountParity_SeesAnUnmountedServiceAsUnmounted","Elapsed":0.02}
{"Time":"2026-09-17T15:41:00.375452134+03:00","Action":"output","Package":"github.com/PRO-Robotech/kacho/internal/repohygiene","Test":"TestSubscriptionShapeAbsentAxisCanFail/объявленная_отсутствующей_ось_ЗАВЕДЕНА_—_находка","Output":"--- PASS: TestSubscriptionShapeAbsentAxisCanFail/объявленная_отсутствующей_ось_ЗАВЕДЕНА_—_находка (0.02s)\n"}
{"Time":"2026-09-17T15:41:00.37545525+03:00","Action":"pass","Package":"github.com/PRO-Robotech/kacho/internal/repohygiene","Test":"TestSubscriptionShapeAbsentAxisCanFail/объявленная_отсутствующей_ось_ЗАВЕДЕНА_—_находка","Elapsed":0.02}
{"Time":"2026-09-17T15:41:00.375457965+03:00","Action":"run","Package":"github.com/PRO-Robotech/kacho/internal/repohygiene","Test":"TestSubscriptionShapeAbsentAxisCanFail/причина_отсутствия_НЕ_названа_—_находка"}
{"Time":"2026-09-17T15:41:00.37546048+03:00","Action":"output","Package":"github.com/PRO-Robotech/kacho/internal/repohygiene","Test":"TestSubscriptionShapeAbsentAxisCanFail/причина_отсутствия_НЕ_названа_—_находка","Output":"=== RUN   TestSubscriptionShapeAbsentAxisCanFail/причина_отсутствия_НЕ_названа_—_находка\n"}
{"Time":"2026-09-17T15:41:00.375463976+03:00","Action":"output","Package":"github.com/PRO-Robotech/kacho/internal/repohygiene","Test":"TestSubscriptionShapeAnchorCanFail/якорь_ВНУТРИ_нагрузки_—_находка","Output":"    subscriptionformshape_injection_test.go:504: перепись: proto/corelib/subscription/subscription.proto — строк 73, типов 6 (верхнего уровня 4), полей 18 (осей 3), значений перечислений 3; утверждений проверено 45; находок 1\n"}
{"Time":"2026-09-17T15:41:00.375473484+03:00","Action":"output","Package":"github.com/PRO-Robotech/kacho/internal/repohygiene","Test":"TestSubscriptionShapeHorizonCanFail/поля_горизонта_на_месте,_порядок_другой_—_молчание","Output":"--- PASS: TestSubscriptionShapeHorizonCanFail/поля_горизонта_на_месте,_порядок_другой_—_молчание (0.01s)\n"}
{"Time":"2026-09-17T15:41:00.37547666+03:00","Action":"pass","Package":"github.com/PRO-Robotech/kacho/internal/repohygiene","Test":"TestSubscriptionShapeHorizonCanFail/поля_горизонта_на_месте,_порядок_другой_—_молчание","Elapsed":0.01}
{"Time":"2026-09-17T15:41:00.375479546+03:00","Action":"output","Package":"github.com/PRO-Robotech/kacho/internal/repohygiene","Test":"TestSubscriptionShapeCarrierCanFail/ветви_состояния_нет_вовсе_—_находка","Output":"    subscriptionformshape_injection_test.go:459: перепись: proto/corelib/subscription/subscription.proto — строк 69, типов 5 (верхнего уровня 4), полей 17 (осей 3), значений перечислений 3; утверждений проверено 43; находок 1\n"}
{"Time":"2026-09-17T15:41:00.375483533+03:00","Action":"output","Package":"github.com/PRO-Robotech/kacho/internal/repohygiene","Test":"TestSubscriptionShapeHorizonCanFail","Output":"--- PASS: TestSubscriptionShapeHorizonCanFail (0.02s)\n"}
{"Time":"2026-09-17T15:41:00.375486118+03:00","Action":"pass","Package":"github.com/PRO-Robotech/kacho/internal/repohygiene","Test":"TestSubscriptionShapeHorizonCanFail","Elapsed":0.02}
{"Time":"2026-09-17T15:41:00.375488492+03:00","Action":"output","Package":"github.com/PRO-Robotech/kacho/internal/repohygiene","Test":"TestSubscriptionShapePerimeterCanFail/импорт_доменного_контракта_—_находка","Output":"    subscriptionformshape_injection_test.go:590: перепись: proto/corelib/subscription/subscription.proto — строк 70, типов 5 (верхнего уровня 4), полей 17 (осей 3), значений перечислений 3; утверждений проверено 45; находок 1\n"}
{"Time":"2026-09-17T15:41:00.375547603+03:00","Action":"output","Package":"github.com/PRO-Robotech/kacho/internal/repohygiene","Test":"TestGRPCMountParity_AStaleAllowIsItselfAFinding","Output":"--- PASS: TestGRPCMountParity_AStaleAllowIsItselfAFinding (0.02s)\n"}
{"Time":"2026-09-17T15:41:00.375679291+03:00","Action":"pass","Package":"github.com/PRO-Robotech/kacho/internal/repohygiene","Test":"TestGRPCMountParity_AStaleAllowIsItselfAFinding","Elapsed":0.02}
{"Time":"2026-09-17T15:41:00.375685913+03:00","Action":"output","Package":"github.com/PRO-Robotech/kacho/internal/repohygiene","Test":"TestGRPCMountParity_ReadsTheImportAliasAndNotThePathTail","Output":"--- PASS: TestGRPCMountParity_ReadsTheImportAliasAndNotThePathTail (0.02s)\n"}
{"Time":"2026-09-17T15:41:00.375698677+03:00","Action":"pass","Package":"github.com/PRO-Robotech/kacho/internal/repohygiene","Test":"TestGRPCMountParity_ReadsTheImportAliasAndNotThePathTail","Elapsed":0.02}
{"Time":"2026-09-17T15:41:00.375703126+03:00","Action":"output","Package":"github.com/PRO-Robotech/kacho/internal/repohygiene","Test":"TestSubscriptionShapeCategoryMarkCanFail/признак_переизложен_—_молчание","Output":"--- PASS: TestSubscriptionShapeCategoryMarkCanFail/признак_переизложен_—_молчание (0.01s)\n"}
{"Time":"2026-09-17T15:41:00.375709788+03:00","Action":"pass","Package":"github.com/PRO-Robotech/kacho/internal/repohygiene","Test":"TestSubscriptionShapeCategoryMarkCanFail/признак_переизложен_—_молчание","Elapsed":0.01}
{"Time":"2026-09-17T15:41:00.375728363+03:00","Action":"output","Package":"github.com/PRO-Robotech/kacho/internal/repohygiene","Test":"TestSubscriptionShapeAxisLedgerCanFail/поле,_добавленное_ВМЕСТЕ_с_записью,_—_молчание","Output":"    subscriptionformshape_injection_test.go:282: перепись: proto/corelib/subscription/subscription.proto — строк 72, типов 5 (верхнего уровня 4), полей 18 (осей 4), значений перечислений 3; утверждений проверено 48; находок 0\n"}
{"Time":"2026-09-17T15:41:00.375765132+03:00","Action":"output","Package":"github.com/PRO-Robotech/kacho/internal/repohygiene","Test":"TestSubscriptionShapeCarrierCanFail/ветви_состояния_нет_вовсе_—_находка","Output":"--- PASS: TestSubscriptionShapeCarrierCanFail/ветви_состояния_нет_вовсе_—_находка (0.00s)\n"}
{"Time":"2026-09-17T15:41:00.375773828+03:00","Action":"pass","Package":"github.com/PRO-Robotech/kacho/internal/repohygiene","Test":"TestSubscriptionShapeCarrierCanFail/ветви_состояния_нет_вовсе_—_находка","Elapsed":0}
{"Time":"2026-09-17T15:41:00.375778006+03:00","Action":"output","Package":"github.com/PRO-Robotech/kacho/internal/repohygiene","Test":"TestSubscriptionShapeUnsetOutcomeCanFail/исход_назван_ДРУГИМ_значением_и_другими_словами_—_молчание","Output":"    subscriptionformshape_injection_test.go:407: перепись: proto/corelib/subscription/subscription.proto — строк 70, типов 5 (верхнего уровня 4), полей 17 (осей 3), значений перечислений 3; утверждений проверено 44; находок 0\n"}
{"Time":"2026-09-17T15:41:00.375782905+03:00","Action":"run","Package":"github.com/PRO-Robotech/kacho/internal/repohygiene","Test":"TestSubscriptionShapeCarrierCanFail/состояние_ИМЕНОВАННЫМ_сообщением_—_молчание"}
{"Time":"2026-09-17T15:41:00.375789167+03:00","Action":"output","Package":"github.com/PRO-Robotech/kacho/internal/repohygiene","Test":"TestSubscriptionShapeCarrierCanFail/состояние_ИМЕНОВАННЫМ_сообщением_—_молчание","Output":"=== RUN   TestSubscriptionShapeCarrierCanFail/состояние_ИМЕНОВАННЫМ_сообщением_—_молчание\n"}
{"Time":"2026-09-17T15:41:00.375793045+03:00","Action":"output","Package":"github.com/PRO-Robotech/kacho/internal/repohygiene","Test":"TestCatalogReachability_AllowExcusesAndThenExpires","Output":"--- PASS: TestCatalogReachability_AllowExcusesAndThenExpires (0.02s)\n"}
{"Time":"2026-09-17T15:41:00.375796321+03:00","Action":"pass","Package":"github.com/PRO-Robotech/kacho/internal/repohygiene","Test":"TestCatalogReachability_AllowExcusesAndThenExpires","Elapsed":0.02}
{"Time":"2026-09-17T15:41:00.375799597+03:00","Action":"output","Package":"github.com/PRO-Robotech/kacho/internal/repohygiene","Test":"TestSubscriptionShapeCategoryMarkCanFail","Output":"--- PASS: TestSubscriptionShapeCategoryMarkCanFail (0.02s)\n"}
{"Time":"2026-09-17T15:41:00.375802412+03:00","Action":"pass","Package":"github.com/PRO-Robotech/kacho/internal/repohygiene","Test":"TestSubscriptionShapeCategoryMarkCanFail","Elapsed":0.02}
{"Time":"2026-09-17T15:41:00.375804817+03:00","Action":"output","Package":"github.com/PRO-Robotech/kacho/internal/repohygiene","Test":"TestSubscriptionShapePerimeterCanFail/импорт_доменного_контракта_—_находка","Output":"--- PASS: TestSubscriptionShapePerimeterCanFail/импорт_доменного_контракта_—_находка (0.00s)\n"}
{"Time":"2026-09-17T15:41:00.375807892+03:00","Action":"pass","Package":"github.com/PRO-Robotech/kacho/internal/repohygiene","Test":"TestSubscriptionShapePerimeterCanFail/импорт_доменного_контракта_—_находка","Elapsed":0}
{"Time":"2026-09-17T15:41:00.37581192+03:00","Action":"run","Package":"github.com/PRO-Robotech/kacho/internal/repohygiene","Test":"TestSubscriptionShapePerimeterCanFail/импорт_стандартного_контракта_—_молчание"}
{"Time":"2026-09-17T15:41:00.375814284+03:00","Action":"output","Package":"github.com/PRO-Robotech/kacho/internal/repohygiene","Test":"TestSubscriptionShapePerimeterCanFail/импорт_стандартного_контракта_—_молчание","Output":"=== RUN   TestSubscriptionShapePerimeterCanFail/импорт_стандартного_контракта_—_молчание\n"}
{"Time":"2026-09-17T15:41:00.375818392+03:00","Action":"output","Package":"github.com/PRO-Robotech/kacho/internal/repohygiene","Test":"TestSubscriptionShapeReasonContract/CI-DT-03-without-oneof","Output":"    subscriptionreason_test.go:70: перепись: proto/corelib/subscription/subscription.proto — строк 67, типов 5 (верхнего уровня 4), полей 17 (осей 3), значений перечислений 3; утверждений проверено 41; находок 1\n"}
{"Time":"2026-09-17T15:41:00.37582235+03:00","Action":"output","Package":"github.com/PRO-Robotech/kacho/internal/repohygiene","Test":"TestSubscriptionShapeAnchorCanFail/якорь_ВНУТРИ_нагрузки_—_находка","Output":"--- PASS: TestSubscriptionShapeAnchorCanFail/якорь_ВНУТРИ_нагрузки_—_находка (0.00s)\n"}
{"Time":"2026-09-17T15:41:00.375826187+03:00","Action":"pass","Package":"github.com/PRO-Robotech/kacho/internal/repohygiene","Test":"TestSubscriptionShapeAnchorCanFail/якорь_ВНУТРИ_нагрузки_—_находка","Elapsed":0}
{"Time":"2026-09-17T15:41:00.375828812+03:00","Action":"output","Package":"github.com/PRO-Robotech/kacho/internal/repohygiene","Test":"TestSubscriptionShapeReasonContract/CI-DT-03-without-oneof","Output":"    subscriptionreason_test.go:71: дефектная форма:\n"}
{"Time":"2026-09-17T15:41:00.375831296+03:00","Action":"output","Package":"github.com/PRO-Robotech/kacho/internal/repohygiene","Test":"TestSubscriptionShapeReasonContract/CI-DT-03-without-oneof","Output":"        syntax = \"proto3\";\n"}
{"Time":"2026-09-17T15:41:00.375833731+03:00","Action":"output","Package":"github.com/PRO-Robotech/kacho/internal/repohygiene","Test":"TestSubscriptionShapeReasonContract/CI-DT-03-without-oneof","Output":"        \n"}
{"Time":"2026-09-17T15:41:00.375836095+03:00","Action":"output","Package":"github.com/PRO-Robotech/kacho/internal/repohygiene","Test":"TestSubscriptionShapeReasonContract/CI-DT-03-without-oneof","Output":"        package corelib.subscription;\n"}
{"Time":"2026-09-17T15:41:00.37583861+03:00","Action":"output","Package":"github.com/PRO-Robotech/kacho/internal/repohygiene","Test":"TestSubscriptionShapeReasonContract/CI-DT-03-without-oneof","Output":"        \n"}
{"Time":"2026-09-17T15:41:00.375840965+03:00","Action":"output","Package":"github.com/PRO-Robotech/kacho/internal/repohygiene","Test":"TestSubscriptionShapeReasonContract/CI-DT-03-without-oneof","Output":"        import \"google/protobuf/any.proto\";\n"}
{"Time":"2026-09-17T15:41:00.375843359+03:00","Action":"output","Package":"github.com/PRO-Robotech/kacho/internal/repohygiene","Test":"TestSubscriptionShapeReasonContract/CI-DT-03-without-oneof","Output":"        \n"}
{"Time":"2026-09-17T15:41:00.375845593+03:00","Action":"output","Package":"github.com/PRO-Robotech/kacho/internal/repohygiene","Test":"TestSubscriptionShapeReasonContract/CI-DT-03-without-oneof","Output":"        // SubscriptionAnchor — якорь начала.\n"}
{"Time":"2026-09-17T15:41:00.375847988+03:00","Action":"output","Package":"github.com/PRO-Robotech/kacho/internal/repohygiene","Test":"TestSubscriptionShapeReasonContract/CI-DT-03-without-oneof","Output":"        enum SubscriptionAnchor {\n"}
{"Time":"2026-09-17T15:41:00.375850222+03:00","Action":"output","Package":"github.com/PRO-Robotech/kacho/internal/repohygiene","Test":"TestSubscriptionShapeReasonContract/CI-DT-03-without-oneof","Output":"          SUBSCRIPTION_ANCHOR_UNSPECIFIED = 0;\n"}
{"Time":"2026-09-17T15:41:00.375852436+03:00","Action":"output","Package":"github.com/PRO-Robotech/kacho/internal/repohygiene","Test":"TestSubscriptionShapeReasonContract/CI-DT-03-without-oneof","Output":"          BEGINNING = 1;\n"}
{"Time":"2026-09-17T15:41:00.37585471+03:00","Action":"output","Package":"github.com/PRO-Robotech/kacho/internal/repohygiene","Test":"TestSubscriptionShapeReasonContract/CI-DT-03-without-oneof","Output":"          CURRENT_END = 2;\n"}
{"Time":"2026-09-17T15:41:00.375857225+03:00","Action":"output","Package":"github.com/PRO-Robotech/kacho/internal/repohygiene","Test":"TestSubscriptionShapeReasonContract/CI-DT-03-without-oneof","Output":"        }\n"}
{"Time":"2026-09-17T15:41:00.375860441+03:00","Action":"output","Package":"github.com/PRO-Robotech/kacho/internal/repohygiene","Test":"TestSubscriptionShapeReasonContract/CI-DT-03-without-oneof","Output":"        \n"}
{"Time":"2026-09-17T15:41:00.375862725+03:00","Action":"output","Package":"github.com/PRO-Robotech/kacho/internal/repohygiene","Test":"TestSubscriptionShapeReasonContract/CI-DT-03-without-oneof","Output":"        // SubscriptionRequest — запрос подписки.\n"}
{"Time":"2026-09-17T15:41:00.37586513+03:00","Action":"output","Package":"github.com/PRO-Robotech/kacho/internal/repohygiene","Test":"TestSubscriptionShapeReasonContract/CI-DT-03-without-oneof","Output":"        //\n"}
{"Time":"2026-09-17T15:41:00.375869308+03:00","Action":"output","Package":"github.com/PRO-Robotech/kacho/internal/repohygiene","Test":"TestSubscriptionShapeReasonContract/CI-DT-03-without-oneof","Output":"        // ИМЯ сюда не берётся: оно мутабельно, и подписка по нему молча перестанет\n"}
{"Time":"2026-09-17T15:41:00.375879667+03:00","Action":"output","Package":"github.com/PRO-Robotech/kacho/internal/repohygiene","Test":"TestSubscriptionShapeReasonContract/CI-DT-03-without-oneof","Output":"        // совпадать. МЕТКИ сюда не берутся: они мутабельны, и выход из выборки\n"}
{"Time":"2026-09-17T15:41:00.375882743+03:00","Action":"output","Package":"github.com/PRO-Robotech/kacho/internal/repohygiene","Test":"TestSubscriptionShapeReasonContract/CI-DT-03-without-oneof","Output":"        // неотличим от удаления.\n"}
{"Time":"2026-09-17T15:41:00.375885218+03:00","Action":"output","Package":"github.com/PRO-Robotech/kacho/internal/repohygiene","Test":"TestSubscriptionShapeReasonContract/CI-DT-03-without-oneof","Output":"        message SubscriptionRequest {\n"}
{"Time":"2026-09-17T15:41:00.375887452+03:00","Action":"output","Package":"github.com/PRO-Robotech/kacho/internal/repohygiene","Test":"TestSubscriptionShapeReasonContract/CI-DT-03-without-oneof","Output":"          // kinds — виды предметов. Категория: УДОБСТВА.\n"}
{"Time":"2026-09-17T15:41:00.375890017+03:00","Action":"output","Package":"github.com/PRO-Robotech/kacho/internal/repohygiene","Test":"TestSubscriptionShapeReasonContract/CI-DT-03-without-oneof","Output":"          repeated string kinds = 1;\n"}
{"Time":"2026-09-17T15:41:00.375892091+03:00","Action":"output","Package":"github.com/PRO-Robotech/kacho/internal/repohygiene","Test":"TestSubscriptionShapeReasonContract/CI-DT-03-without-oneof","Output":"        \n"}
{"Time":"2026-09-17T15:41:00.375894325+03:00","Action":"output","Package":"github.com/PRO-Robotech/kacho/internal/repohygiene","Test":"TestSubscriptionShapeReasonContract/CI-DT-03-without-oneof","Output":"          // project_id — проект. Категория: ЯКОРНАЯ.\n"}
{"Time":"2026-09-17T15:41:00.37589696+03:00","Action":"output","Package":"github.com/PRO-Robotech/kacho/internal/repohygiene","Test":"TestSubscriptionShapeReasonContract/CI-DT-03-without-oneof","Output":"          string project_id = 2;\n"}
{"Time":"2026-09-17T15:41:00.375899314+03:00","Action":"output","Package":"github.com/PRO-Robotech/kacho/internal/repohygiene","Test":"TestSubscriptionShapeReasonContract/CI-DT-03-without-oneof","Output":"        \n"}
{"Time":"2026-09-17T15:41:00.375901639+03:00","Action":"output","Package":"github.com/PRO-Robotech/kacho/internal/repohygiene","Test":"TestSubscriptionShapeReasonContract/CI-DT-03-without-oneof","Output":"          // ids — идентификаторы. Категория: УДОБСТВА.\n"}
{"Time":"2026-09-17T15:41:00.375904213+03:00","Action":"output","Package":"github.com/PRO-Robotech/kacho/internal/repohygiene","Test":"TestSubscriptionShapeReasonContract/CI-DT-03-without-oneof","Output":"          repeated string ids = 3;\n"}
{"Time":"2026-09-17T15:41:00.375906427+03:00","Action":"output","Package":"github.com/PRO-Robotech/kacho/internal/repohygiene","Test":"TestSubscriptionShapeReasonContract/CI-DT-03-without-oneof","Output":"          // start — с какого места отдавать.\n"}
{"Time":"2026-09-17T15:41:00.375908722+03:00","Action":"output","Package":"github.com/PRO-Robotech/kacho/internal/repohygiene","Test":"TestSubscriptionShapeReasonContract/CI-DT-03-without-oneof","Output":"          //\n"}
{"Time":"2026-09-17T15:41:00.375911497+03:00","Action":"output","Package":"github.com/PRO-Robotech/kacho/internal/repohygiene","Test":"TestSubscriptionShapeMissingMessageCanFail/все_три_сообщения_на_месте,_порядок_другой_—_молчание","Output":"--- PASS: TestSubscriptionShapeMissingMessageCanFail/все_три_сообщения_на_месте,_порядок_другой_—_молчание (0.00s)\n"}
{"Time":"2026-09-17T15:41:00.375915605+03:00","Action":"pass","Package":"github.com/PRO-Robotech/kacho/internal/repohygiene","Test":"TestSubscriptionShapeMissingMessageCanFail/все_три_сообщения_на_месте,_порядок_другой_—_молчание","Elapsed":0}
{"Time":"2026-09-17T15:41:00.375922007+03:00","Action":"output","Package":"github.com/PRO-Robotech/kacho/internal/repohygiene","Test":"TestSubscriptionShapeMissingMessageCanFail","Output":"--- PASS: TestSubscriptionShapeMissingMessageCanFail (0.02s)\n"}
{"Time":"2026-09-17T15:41:00.375924552+03:00","Action":"pass","Package":"github.com/PRO-Robotech/kacho/internal/repohygiene","Test":"TestSubscriptionShapeMissingMessageCanFail","Elapsed":0.02}
{"Time":"2026-09-17T15:41:00.375926836+03:00","Action":"run","Package":"github.com/PRO-Robotech/kacho/internal/repohygiene","Test":"TestSubscriptionShapeAnchorCanFail/якорь_на_верхнем_уровне,_но_иначе_записан_—_молчание"}
{"Time":"2026-09-17T15:41:00.37592907+03:00","Action":"output","Package":"github.com/PRO-Robotech/kacho/internal/repohygiene","Test":"TestSubscriptionShapeAnchorCanFail/якорь_на_верхнем_уровне,_но_иначе_записан_—_молчание","Output":"=== RUN   TestSubscriptionShapeAnchorCanFail/якорь_на_верхнем_уровне,_но_иначе_записан_—_молчание\n"}
{"Time":"2026-09-17T15:41:00.375935091+03:00","Action":"output","Package":"github.com/PRO-Robotech/kacho/internal/repohygiene","Test":"TestSubscriptionShapeAbsentAxisCanFail/причина_отсутствия_НЕ_названа_—_находка","Output":"    subscriptionformshape_injection_test.go:359: перепись: proto/corelib/subscription/subscription.proto — строк 65, типов 5 (верхнего уровня 4), полей 17 (осей 3), значений перечислений 3; утверждений проверено 44; находок 2\n"}
{"Time":"2026-09-17T15:41:00.375940221+03:00","Action":"output","Package":"github.com/PRO-Robotech/kacho/internal/repohygiene","Test":"TestSubscriptionShapeReasonContract/CI-DT-03-without-oneof","Output":"          // ИСХОД НЕЗАДАННОГО НАЗВАН: start не задан означает ровно CURRENT_END.\n"}
{"Time":"2026-09-17T15:41:00.375943046+03:00","Action":"output","Package":"github.com/PRO-Robotech/kacho/internal/repohygiene","Test":"TestSubscriptionShapeReasonContract/CI-DT-03-without-oneof","Output":"          oneof start {\n"}
{"Time":"2026-09-17T15:41:00.375946142+03:00","Action":"output","Package":"github.com/PRO-Robotech/kacho/internal/repohygiene","Test":"TestSubscriptionShapeReasonContract/CI-DT-03-without-oneof","Output":"            // anchor — назвать место словом.\n"}
{"Time":"2026-09-17T15:41:00.375948597+03:00","Action":"output","Package":"github.com/PRO-Robotech/kacho/internal/repohygiene","Test":"TestSubscriptionShapeReasonContract/CI-DT-03-without-oneof","Output":"            SubscriptionAnchor anchor = 10;\n"}
{"Time":"2026-09-17T15:41:00.375952214+03:00","Action":"output","Package":"github.com/PRO-Robotech/kacho/internal/repohygiene","Test":"TestSubscriptionShapeAbsentAxisCanFail/причина_отсутствия_НЕ_названа_—_находка","Output":"    subscriptionformshape_injection_test.go:361: absent-axis-unexplained proto/corelib/subscription/subscription.proto:15 — ось `name` в форме отсутствует, но контракт об этом молчит: слова «ИМЯ» в описании запроса нет. Поле без записанной причины отсутствия заводит следующий «для удобства», и он будет прав по-своему — возразить ему будет нечем\n"}
{"Time":"2026-09-17T15:41:00.375957804+03:00","Action":"output","Package":"github.com/PRO-Robotech/kacho/internal/repohygiene","Test":"TestSubscriptionShapeReasonContract/CI-DT-03-without-oneof","Output":"            // position — непрозрачный токен.\n"}
{"Time":"2026-09-17T15:41:00.375960279+03:00","Action":"output","Package":"github.com/PRO-Robotech/kacho/internal/repohygiene","Test":"TestSubscriptionShapeReasonContract/CI-DT-03-without-oneof","Output":"            string position = 11;\n"}
{"Time":"2026-09-17T15:41:00.375962573+03:00","Action":"output","Package":"github.com/PRO-Robotech/kacho/internal/repohygiene","Test":"TestSubscriptionShapeReasonContract/CI-DT-03-without-oneof","Output":"          }\n"}
{"Time":"2026-09-17T15:41:00.375964757+03:00","Action":"output","Package":"github.com/PRO-Robotech/kacho/internal/repohygiene","Test":"TestSubscriptionShapeReasonContract/CI-DT-03-without-oneof","Output":"        }\n"}
{"Time":"2026-09-17T15:41:00.375967973+03:00","Action":"output","Package":"github.com/PRO-Robotech/kacho/internal/repohygiene","Test":"TestSubscriptionShapeReasonContract/CI-DT-03-without-oneof","Output":"        \n"}
{"Time":"2026-09-17T15:41:00.375970227+03:00","Action":"output","Package":"github.com/PRO-Robotech/kacho/internal/repohygiene","Test":"TestSubscriptionShapeReasonContract/CI-DT-03-without-oneof","Output":"        // SubscriptionOpened — служебное первое сообщение.\n"}
{"Time":"2026-09-17T15:41:00.375974004+03:00","Action":"output","Package":"github.com/PRO-Robotech/kacho/internal/repohygiene","Test":"TestSubscriptionShapeReasonContract/CI-DT-03-without-oneof","Output":"        message SubscriptionOpened {\n"}
{"Time":"2026-09-17T15:41:00.375976249+03:00","Action":"output","Package":"github.com/PRO-Robotech/kacho/internal/repohygiene","Test":"TestSubscriptionShapeReasonContract/CI-DT-03-without-oneof","Output":"          string position = 1;\n"}
{"Time":"2026-09-17T15:41:00.375978463+03:00","Action":"output","Package":"github.com/PRO-Robotech/kacho/internal/repohygiene","Test":"TestSubscriptionShapeReasonContract/CI-DT-03-without-oneof","Output":"          bool caught_up = 2;\n"}
{"Time":"2026-09-17T15:41:00.375980767+03:00","Action":"output","Package":"github.com/PRO-Robotech/kacho/internal/repohygiene","Test":"TestSubscriptionShapeReasonContract/CI-DT-03-without-oneof","Output":"          repeated string honored_filters = 3;\n"}
{"Time":"2026-09-17T15:41:00.375986388+03:00","Action":"output","Package":"github.com/PRO-Robotech/kacho/internal/repohygiene","Test":"TestSubscriptionShapeReasonContract/CI-DT-03-without-oneof","Output":"          string earliest_resumable_position = 4;\n"}
{"Time":"2026-09-17T15:41:00.375988662+03:00","Action":"output","Package":"github.com/PRO-Robotech/kacho/internal/repohygiene","Test":"TestSubscriptionShapeReasonContract/CI-DT-03-without-oneof","Output":"          bool retains_everything = 5;\n"}
{"Time":"2026-09-17T15:41:00.375991437+03:00","Action":"output","Package":"github.com/PRO-Robotech/kacho/internal/repohygiene","Test":"TestGRPCMountParity_AnAllowForAnUnownedPackageIsOutOfSubject","Output":"--- PASS: TestGRPCMountParity_AnAllowForAnUnownedPackageIsOutOfSubject (0.02s)\n"}
{"Time":"2026-09-17T15:41:00.375993862+03:00","Action":"pass","Package":"github.com/PRO-Robotech/kacho/internal/repohygiene","Test":"TestGRPCMountParity_AnAllowForAnUnownedPackageIsOutOfSubject","Elapsed":0.02}
{"Time":"2026-09-17T15:41:00.375996968+03:00","Action":"output","Package":"github.com/PRO-Robotech/kacho/internal/repohygiene","Test":"TestSubscriptionShapeReasonContract/CI-DT-03-without-oneof","Output":"        }\n"}
{"Time":"2026-09-17T15:41:00.375999092+03:00","Action":"output","Package":"github.com/PRO-Robotech/kacho/internal/repohygiene","Test":"TestSubscriptionShapeReasonContract/CI-DT-03-without-oneof","Output":"        \n"}
{"Time":"2026-09-17T15:41:00.376001827+03:00","Action":"output","Package":"github.com/PRO-Robotech/kacho/internal/repohygiene","Test":"TestSubscriptionShapeReasonContract/CI-DT-03-without-oneof","Output":"        // SubscriptionEvent — оболочка события.\n"}
{"Time":"2026-09-17T15:41:00.376005013+03:00","Action":"output","Package":"github.com/PRO-Robotech/kacho/internal/repohygiene","Test":"TestSubscriptionShapeReasonContract/CI-DT-03-without-oneof","Output":"        message SubscriptionEvent {\n"}
{"Time":"2026-09-17T15:41:00.376007387+03:00","Action":"output","Package":"github.com/PRO-Robotech/kacho/internal/repohygiene","Test":"TestSubscriptionShapeReasonContract/CI-DT-03-without-oneof","Output":"          // StateUnavailable — вторая ветвь носителя.\n"}
{"Time":"2026-09-17T15:41:00.376009872+03:00","Action":"output","Package":"github.com/PRO-Robotech/kacho/internal/repohygiene","Test":"TestSubscriptionShapeReasonContract/CI-DT-03-without-oneof","Output":"          message StateUnavailable {\n"}
{"Time":"2026-09-17T15:41:00.376012877+03:00","Action":"output","Package":"github.com/PRO-Robotech/kacho/internal/repohygiene","Test":"TestSubscriptionShapeReasonContract/CI-DT-03-without-oneof","Output":"            // reason — почему состояния нет. Это НЕ причина остановки потока.\n"}
{"Time":"2026-09-17T15:41:00.376015542+03:00","Action":"output","Package":"github.com/PRO-Robotech/kacho/internal/repohygiene","Test":"TestSubscriptionShapeReasonContract/CI-DT-03-without-oneof","Output":"            string reason = 1;\n"}
{"Time":"2026-09-17T15:41:00.376017857+03:00","Action":"output","Package":"github.com/PRO-Robotech/kacho/internal/repohygiene","Test":"TestSubscriptionShapeReasonContract/CI-DT-03-without-oneof","Output":"          }\n"}
{"Time":"2026-09-17T15:41:00.376024249+03:00","Action":"output","Package":"github.com/PRO-Robotech/kacho/internal/repohygiene","Test":"TestSubscriptionShapeReasonContract/CI-DT-03-without-oneof","Output":"        \n"}
{"Time":"2026-09-17T15:41:00.376026443+03:00","Action":"output","Package":"github.com/PRO-Robotech/kacho/internal/repohygiene","Test":"TestSubscriptionShapeReasonContract/CI-DT-03-without-oneof","Output":"          string position = 1;\n"}
{"Time":"2026-09-17T15:41:00.376028627+03:00","Action":"output","Package":"github.com/PRO-Robotech/kacho/internal/repohygiene","Test":"TestSubscriptionShapeReasonContract/CI-DT-03-without-oneof","Output":"          string kind = 2;\n"}
{"Time":"2026-09-17T15:41:00.376030901+03:00","Action":"output","Package":"github.com/PRO-Robotech/kacho/internal/repohygiene","Test":"TestSubscriptionShapeReasonContract/CI-DT-03-without-oneof","Output":"          string resource_id = 3;\n"}
{"Time":"2026-09-17T15:41:00.376033126+03:00","Action":"output","Package":"github.com/PRO-Robotech/kacho/internal/repohygiene","Test":"TestSubscriptionShapeReasonContract/CI-DT-03-without-oneof","Output":"          // project_id — авторизуемый якорь, поле ОБОЛОЧКИ.\n"}
{"Time":"2026-09-17T15:41:00.37603571+03:00","Action":"output","Package":"github.com/PRO-Robotech/kacho/internal/repohygiene","Test":"TestSubscriptionShapeReasonContract/CI-DT-03-without-oneof","Output":"          string project_id = 4;\n"}
{"Time":"2026-09-17T15:41:00.376038105+03:00","Action":"output","Package":"github.com/PRO-Robotech/kacho/internal/repohygiene","Test":"TestSubscriptionShapeReasonContract/CI-DT-03-without-oneof","Output":"        \n"}
{"Time":"2026-09-17T15:41:00.376040269+03:00","Action":"output","Package":"github.com/PRO-Robotech/kacho/internal/repohygiene","Test":"TestSubscriptionShapeReasonContract/CI-DT-03-without-oneof","Output":"          google.protobuf.Any state = 10;\n"}
{"Time":"2026-09-17T15:41:00.376042413+03:00","Action":"output","Package":"github.com/PRO-Robotech/kacho/internal/repohygiene","Test":"TestSubscriptionShapeReasonContract/CI-DT-03-without-oneof","Output":"          StateUnavailable state_unavailable = 11;\n"}
{"Time":"2026-09-17T15:41:00.376044537+03:00","Action":"output","Package":"github.com/PRO-Robotech/kacho/internal/repohygiene","Test":"TestSubscriptionShapeReasonContract/CI-DT-03-without-oneof","Output":"        }\n"}
{"Time":"2026-09-17T15:41:00.376046691+03:00","Action":"output","Package":"github.com/PRO-Robotech/kacho/internal/repohygiene","Test":"TestSubscriptionShapeReasonContract/CI-DT-03-without-oneof","Output":"        \n"}
{"Time":"2026-09-17T15:41:00.376048805+03:00","Action":"output","Package":"github.com/PRO-Robotech/kacho/internal/repohygiene","Test":"TestSubscriptionShapeReasonContract/CI-DT-03-without-oneof","Output":"        \n"}
{"Time":"2026-09-17T15:41:00.376053153+03:00","Action":"output","Package":"github.com/PRO-Robotech/kacho/internal/repohygiene","Test":"TestSubscriptionShapeAxisLedgerCanFail/поле,_добавленное_ВМЕСТЕ_с_записью,_—_молчание","Output":"--- PASS: TestSubscriptionShapeAxisLedgerCanFail/поле,_добавленное_ВМЕСТЕ_с_записью,_—_молчание (0.00s)\n"}
{"Time":"2026-09-17T15:41:00.376057291+03:00","Action":"pass","Package":"github.com/PRO-Robotech/kacho/internal/repohygiene","Test":"TestSubscriptionShapeAxisLedgerCanFail/поле,_добавленное_ВМЕСТЕ_с_записью,_—_молчание","Elapsed":0}
{"Time":"2026-09-17T15:41:00.376061308+03:00","Action":"output","Package":"github.com/PRO-Robotech/kacho/internal/repohygiene","Test":"TestSubscriptionShapeCarrierCanFail/состояние_ИМЕНОВАННЫМ_сообщением_—_молчание","Output":"    subscriptionformshape_injection_test.go:473: перепись: proto/corelib/subscription/subscription.proto — строк 73, типов 6 (верхнего уровня 4), полей 18 (осей 3), значений перечислений 3; утверждений проверено 44; находок 0\n"}
{"Time":"2026-09-17T15:41:00.376065937+03:00","Action":"run","Package":"github.com/PRO-Robotech/kacho/internal/repohygiene","Test":"TestSubscriptionShapeAxisLedgerCanFail/запись,_которой_нечего_исключать,_—_находка"}
{"Time":"2026-09-17T15:41:00.376068372+03:00","Action":"output","Package":"github.com/PRO-Robotech/kacho/internal/repohygiene","Test":"TestSubscriptionShapeAxisLedgerCanFail/запись,_которой_нечего_исключать,_—_находка","Output":"=== RUN   TestSubscriptionShapeAxisLedgerCanFail/запись,_которой_нечего_исключать,_—_находка\n"}
{"Time":"2026-09-17T15:41:00.37607303+03:00","Action":"output","Package":"github.com/PRO-Robotech/kacho/internal/repohygiene","Test":"TestSubscriptionShapeUnsetOutcomeCanFail/исход_назван_ДРУГИМ_значением_и_другими_словами_—_молчание","Output":"--- PASS: TestSubscriptionShapeUnsetOutcomeCanFail/исход_назван_ДРУГИМ_значением_и_другими_словами_—_молчание (0.00s)\n"}
{"Time":"2026-09-17T15:41:00.376077409+03:00","Action":"pass","Package":"github.com/PRO-Robotech/kacho/internal/repohygiene","Test":"TestSubscriptionShapeUnsetOutcomeCanFail/исход_назван_ДРУГИМ_значением_и_другими_словами_—_молчание","Elapsed":0}
{"Time":"2026-09-17T15:41:00.376085183+03:00","Action":"run","Package":"github.com/PRO-Robotech/kacho/internal/repohygiene","Test":"TestSubscriptionShapeUnsetOutcomeCanFail/начало_не_ветвление_—_находка"}
{"Time":"2026-09-17T15:41:00.376087478+03:00","Action":"output","Package":"github.com/PRO-Robotech/kacho/internal/repohygiene","Test":"TestSubscriptionShapeUnsetOutcomeCanFail/начало_не_ветвление_—_находка","Output":"=== RUN   TestSubscriptionShapeUnsetOutcomeCanFail/начало_не_ветвление_—_находка\n"}
{"Time":"2026-09-17T15:41:00.376108567+03:00","Action":"output","Package":"github.com/PRO-Robotech/kacho/internal/repohygiene","Test":"TestSubscriptionShapeRefusesAnEmptyRead/судится_не_тот_файл","Output":"--- PASS: TestSubscriptionShapeRefusesAnEmptyRead/судится_не_тот_файл (0.00s)\n"}
{"Time":"2026-09-17T15:41:00.376112705+03:00","Action":"pass","Package":"github.com/PRO-Robotech/kacho/internal/repohygiene","Test":"TestSubscriptionShapeRefusesAnEmptyRead/судится_не_тот_файл","Elapsed":0}
{"Time":"2026-09-17T15:41:00.37611538+03:00","Action":"output","Package":"github.com/PRO-Robotech/kacho/internal/repohygiene","Test":"TestSubscriptionShapeRefusesAnEmptyRead","Output":"--- PASS: TestSubscriptionShapeRefusesAnEmptyRead (0.02s)\n"}
{"Time":"2026-09-17T15:41:00.376149394+03:00","Action":"pass","Package":"github.com/PRO-Robotech/kacho/internal/repohygiene","Test":"TestSubscriptionShapeRefusesAnEmptyRead","Elapsed":0.02}
{"Time":"2026-09-17T15:41:00.376160535+03:00","Action":"output","Package":"github.com/PRO-Robotech/kacho/internal/repohygiene","Test":"TestSubscriptionShapePerimeterCanFail/импорт_стандартного_контракта_—_молчание","Output":"    subscriptionformshape_injection_test.go:598: перепись: proto/corelib/subscription/subscription.proto — строк 70, типов 5 (верхнего уровня 4), полей 17 (осей 3), значений перечислений 3; утверждений проверено 45; находок 0\n"}
{"Time":"2026-09-17T15:41:00.376167288+03:00","Action":"output","Package":"github.com/PRO-Robotech/kacho/internal/repohygiene","Test":"TestSubscriptionShapeAbsentAxisCanFail/причина_отсутствия_НЕ_названа_—_находка","Output":"--- PASS: TestSubscriptionShapeAbsentAxisCanFail/причина_отсутствия_НЕ_названа_—_находка (0.00s)\n"}
{"Time":"2026-09-17T15:41:00.376171195+03:00","Action":"pass","Package":"github.com/PRO-Robotech/kacho/internal/repohygiene","Test":"TestSubscriptionShapeAbsentAxisCanFail/причина_отсутствия_НЕ_названа_—_находка","Elapsed":0}
{"Time":"2026-09-17T15:41:00.376176425+03:00","Action":"run","Package":"github.com/PRO-Robotech/kacho/internal/repohygiene","Test":"TestSubscriptionShapeAbsentAxisCanFail/причина_переизложена_—_молчание"}
{"Time":"2026-09-17T15:41:00.376178919+03:00","Action":"output","Package":"github.com/PRO-Robotech/kacho/internal/repohygiene","Test":"TestSubscriptionShapeAbsentAxisCanFail/причина_переизложена_—_молчание","Output":"=== RUN   TestSubscriptionShapeAbsentAxisCanFail/причина_переизложена_—_молчание\n"}
{"Time":"2026-09-17T15:41:00.376182837+03:00","Action":"output","Package":"github.com/PRO-Robotech/kacho/internal/repohygiene","Test":"TestSubscriptionShapeAnchorCanFail/якорь_на_верхнем_уровне,_но_иначе_записан_—_молчание","Output":"    subscriptionformshape_injection_test.go:515: перепись: proto/corelib/subscription/subscription.proto — строк 69, типов 5 (верхнего уровня 4), полей 17 (осей 3), значений перечислений 3; утверждений проверено 44; находок 0\n"}
{"Time":"2026-09-17T15:41:00.376265242+03:00","Action":"output","Package":"github.com/PRO-Robotech/kacho/internal/repohygiene","Test":"TestSubscriptionShapeReasonContract/CI-DT-03-without-oneof","Output":"--- PASS: TestSubscriptionShapeReasonContract/CI-DT-03-without-oneof (0.00s)\n"}
{"Time":"2026-09-17T15:41:00.376276903+03:00","Action":"pass","Package":"github.com/PRO-Robotech/kacho/internal/repohygiene","Test":"TestSubscriptionShapeReasonContract/CI-DT-03-without-oneof","Elapsed":0}
{"Time":"2026-09-17T15:41:00.37628022+03:00","Action":"run","Package":"github.com/PRO-Robotech/kacho/internal/repohygiene","Test":"TestSubscriptionShapeReasonContract/CI-DT-04-third-branch"}
{"Time":"2026-09-17T15:41:00.376282674+03:00","Action":"output","Package":"github.com/PRO-Robotech/kacho/internal/repohygiene","Test":"TestSubscriptionShapeReasonContract/CI-DT-04-third-branch","Output":"=== RUN   TestSubscriptionShapeReasonContract/CI-DT-04-third-branch\n"}
{"Time":"2026-09-17T15:41:00.376416967+03:00","Action":"output","Package":"github.com/PRO-Robotech/kacho/internal/repohygiene","Test":"TestSubscriptionShapeAxisLedgerCanFail/запись,_которой_нечего_исключать,_—_находка","Output":"    subscriptionformshape_injection_test.go:289: перепись: proto/corelib/subscription/subscription.proto — строк 69, типов 5 (верхнего уровня 4), полей 17 (осей 3), значений перечислений 3; утверждений проверено 46; находок 1\n"}
{"Time":"2026-09-17T15:41:00.376422778+03:00","Action":"output","Package":"github.com/PRO-Robotech/kacho/internal/repohygiene","Test":"TestSubscriptionShapePerimeterCanFail/импорт_стандартного_контракта_—_молчание","Output":"--- PASS: TestSubscriptionShapePerimeterCanFail/импорт_стандартного_контракта_—_молчание (0.00s)\n"}
{"Time":"2026-09-17T15:41:00.376428098+03:00","Action":"pass","Package":"github.com/PRO-Robotech/kacho/internal/repohygiene","Test":"TestSubscriptionShapePerimeterCanFail/импорт_стандартного_контракта_—_молчание","Elapsed":0}
{"Time":"2026-09-17T15:41:00.376431153+03:00","Action":"output","Package":"github.com/PRO-Robotech/kacho/internal/repohygiene","Test":"TestSubscriptionShapePerimeterCanFail","Output":"--- PASS: TestSubscriptionShapePerimeterCanFail (0.02s)\n"}
{"Time":"2026-09-17T15:41:00.376437645+03:00","Action":"pass","Package":"github.com/PRO-Robotech/kacho/internal/repohygiene","Test":"TestSubscriptionShapePerimeterCanFail","Elapsed":0.02}
{"Time":"2026-09-17T15:41:00.3764402+03:00","Action":"output","Package":"github.com/PRO-Robotech/kacho/internal/repohygiene","Test":"TestSubscriptionShapeAnchorCanFail/якорь_на_верхнем_уровне,_но_иначе_записан_—_молчание","Output":"--- PASS: TestSubscriptionShapeAnchorCanFail/якорь_на_верхнем_уровне,_но_иначе_записан_—_молчание (0.00s)\n"}
{"Time":"2026-09-17T15:41:00.376443306+03:00","Action":"pass","Package":"github.com/PRO-Robotech/kacho/internal/repohygiene","Test":"TestSubscriptionShapeAnchorCanFail/якорь_на_верхнем_уровне,_но_иначе_записан_—_молчание","Elapsed":0}
{"Time":"2026-09-17T15:41:00.376448566+03:00","Action":"output","Package":"github.com/PRO-Robotech/kacho/internal/repohygiene","Test":"TestSubscriptionShapeAnchorCanFail","Output":"--- PASS: TestSubscriptionShapeAnchorCanFail (0.02s)\n"}
{"Time":"2026-09-17T15:41:00.376452644+03:00","Action":"pass","Package":"github.com/PRO-Robotech/kacho/internal/repohygiene","Test":"TestSubscriptionShapeAnchorCanFail","Elapsed":0.02}
{"Time":"2026-09-17T15:41:00.376454848+03:00","Action":"output","Package":"github.com/PRO-Robotech/kacho/internal/repohygiene","Test":"TestSubscriptionShapeCarrierCanFail/состояние_ИМЕНОВАННЫМ_сообщением_—_молчание","Output":"--- PASS: TestSubscriptionShapeCarrierCanFail/состояние_ИМЕНОВАННЫМ_сообщением_—_молчание (0.00s)\n"}
{"Time":"2026-09-17T15:41:00.376460809+03:00","Action":"pass","Package":"github.com/PRO-Robotech/kacho/internal/repohygiene","Test":"TestSubscriptionShapeCarrierCanFail/состояние_ИМЕНОВАННЫМ_сообщением_—_молчание","Elapsed":0}
{"Time":"2026-09-17T15:41:00.37646648+03:00","Action":"output","Package":"github.com/PRO-Robotech/kacho/internal/repohygiene","Test":"TestSubscriptionShapeCarrierCanFail","Output":"--- PASS: TestSubscriptionShapeCarrierCanFail (0.02s)\n"}
{"Time":"2026-09-17T15:41:00.376473493+03:00","Action":"pass","Package":"github.com/PRO-Robotech/kacho/internal/repohygiene","Test":"TestSubscriptionShapeCarrierCanFail","Elapsed":0.02}
{"Time":"2026-09-17T15:41:00.376478212+03:00","Action":"output","Package":"github.com/PRO-Robotech/kacho/internal/repohygiene","Test":"TestSubscriptionShapeAbsentAxisCanFail/причина_переизложена_—_молчание","Output":"    subscriptionformshape_injection_test.go:373: перепись: proto/corelib/subscription/subscription.proto — строк 70, типов 5 (верхнего уровня 4), полей 17 (осей 3), значений перечислений 3; утверждений проверено 44; находок 0\n"}
{"Time":"2026-09-17T15:41:00.37654645+03:00","Action":"output","Package":"github.com/PRO-Robotech/kacho/internal/repohygiene","Test":"TestSubscriptionShapeUnsetOutcomeCanFail/начало_не_ветвление_—_находка","Output":"    subscriptionformshape_injection_test.go:415: перепись: proto/corelib/subscription/subscription.proto — строк 62, типов 5 (верхнего уровня 4), полей 16 (осей 3), значений перечислений 3; утверждений проверено 40; находок 1\n"}
{"Time":"2026-09-17T15:41:00.376613726+03:00","Action":"output","Package":"github.com/PRO-Robotech/kacho/internal/repohygiene","Test":"TestSubscriptionShapeReasonContract/CI-DT-04-third-branch","Output":"    subscriptionreason_test.go:70: перепись: proto/corelib/subscription/subscription.proto — строк 70, типов 5 (верхнего уровня 4), полей 18 (осей 3), значений перечислений 3; утверждений проверено 44; находок 1\n"}
{"Time":"2026-09-17T15:41:00.376621451+03:00","Action":"output","Package":"github.com/PRO-Robotech/kacho/internal/repohygiene","Test":"TestSubscriptionShapeAxisLedgerCanFail/запись,_которой_нечего_исключать,_—_находка","Output":"--- PASS: TestSubscriptionShapeAxisLedgerCanFail/запись,_которой_нечего_исключать,_—_находка (0.00s)\n"}
{"Time":"2026-09-17T15:41:00.376624707+03:00","Action":"pass","Package":"github.com/PRO-Robotech/kacho/internal/repohygiene","Test":"TestSubscriptionShapeAxisLedgerCanFail/запись,_которой_нечего_исключать,_—_находка","Elapsed":0}
{"Time":"2026-09-17T15:41:00.376628514+03:00","Action":"output","Package":"github.com/PRO-Robotech/kacho/internal/repohygiene","Test":"TestSubscriptionShapeReasonContract/CI-DT-04-third-branch","Output":"    subscriptionreason_test.go:71: дефектная форма:\n"}
{"Time":"2026-09-17T15:41:00.376630959+03:00","Action":"output","Package":"github.com/PRO-Robotech/kacho/internal/repohygiene","Test":"TestSubscriptionShapeReasonContract/CI-DT-04-third-branch","Output":"        syntax = \"proto3\";\n"}
{"Time":"2026-09-17T15:41:00.376634776+03:00","Action":"output","Package":"github.com/PRO-Robotech/kacho/internal/repohygiene","Test":"TestSubscriptionShapeReasonContract/CI-DT-04-third-branch","Output":"        \n"}
{"Time":"2026-09-17T15:41:00.37663708+03:00","Action":"output","Package":"github.com/PRO-Robotech/kacho/internal/repohygiene","Test":"TestSubscriptionShapeReasonContract/CI-DT-04-third-branch","Output":"        package corelib.subscription;\n"}
{"Time":"2026-09-17T15:41:00.376640887+03:00","Action":"run","Package":"github.com/PRO-Robotech/kacho/internal/repohygiene","Test":"TestSubscriptionShapeAxisLedgerCanFail/запись_без_причины_—_находка"}
{"Time":"2026-09-17T15:41:00.376644454+03:00","Action":"output","Package":"github.com/PRO-Robotech/kacho/internal/repohygiene","Test":"TestSubscriptionShapeAxisLedgerCanFail/запись_без_причины_—_находка","Output":"=== RUN   TestSubscriptionShapeAxisLedgerCanFail/запись_без_причины_—_находка\n"}
{"Time":"2026-09-17T15:41:00.37664754+03:00","Action":"output","Package":"github.com/PRO-Robotech/kacho/internal/repohygiene","Test":"TestSubscriptionShapeReasonContract/CI-DT-04-third-branch","Output":"        \n"}
{"Time":"2026-09-17T15:41:00.376649794+03:00","Action":"output","Package":"github.com/PRO-Robotech/kacho/internal/repohygiene","Test":"TestSubscriptionShapeReasonContract/CI-DT-04-third-branch","Output":"        import \"google/protobuf/any.proto\";\n"}
{"Time":"2026-09-17T15:41:00.376651998+03:00","Action":"output","Package":"github.com/PRO-Robotech/kacho/internal/repohygiene","Test":"TestSubscriptionShapeReasonContract/CI-DT-04-third-branch","Output":"        \n"}
{"Time":"2026-09-17T15:41:00.376654162+03:00","Action":"output","Package":"github.com/PRO-Robotech/kacho/internal/repohygiene","Test":"TestSubscriptionShapeReasonContract/CI-DT-04-third-branch","Output":"        // SubscriptionAnchor — якорь начала.\n"}
{"Time":"2026-09-17T15:41:00.376656727+03:00","Action":"output","Package":"github.com/PRO-Robotech/kacho/internal/repohygiene","Test":"TestSubscriptionShapeReasonContract/CI-DT-04-third-branch","Output":"        enum SubscriptionAnchor {\n"}
{"Time":"2026-09-17T15:41:00.376658951+03:00","Action":"output","Package":"github.com/PRO-Robotech/kacho/internal/repohygiene","Test":"TestSubscriptionShapeReasonContract/CI-DT-04-third-branch","Output":"          SUBSCRIPTION_ANCHOR_UNSPECIFIED = 0;\n"}
{"Time":"2026-09-17T15:41:00.376661176+03:00","Action":"output","Package":"github.com/PRO-Robotech/kacho/internal/repohygiene","Test":"TestSubscriptionShapeReasonContract/CI-DT-04-third-branch","Output":"          BEGINNING = 1;\n"}
{"Time":"2026-09-17T15:41:00.376665023+03:00","Action":"output","Package":"github.com/PRO-Robotech/kacho/internal/repohygiene","Test":"TestSubscriptionShapeReasonContract/CI-DT-04-third-branch","Output":"          CURRENT_END = 2;\n"}
{"Time":"2026-09-17T15:41:00.37666867+03:00","Action":"output","Package":"github.com/PRO-Robotech/kacho/internal/repohygiene","Test":"TestSubscriptionShapeReasonContract/CI-DT-04-third-branch","Output":"        }\n"}
{"Time":"2026-09-17T15:41:00.376672086+03:00","Action":"output","Package":"github.com/PRO-Robotech/kacho/internal/repohygiene","Test":"TestSubscriptionShapeReasonContract/CI-DT-04-third-branch","Output":"        \n"}
{"Time":"2026-09-17T15:41:00.37667422+03:00","Action":"output","Package":"github.com/PRO-Robotech/kacho/internal/repohygiene","Test":"TestSubscriptionShapeReasonContract/CI-DT-04-third-branch","Output":"        // SubscriptionRequest — запрос подписки.\n"}
{"Time":"2026-09-17T15:41:00.376678017+03:00","Action":"output","Package":"github.com/PRO-Robotech/kacho/internal/repohygiene","Test":"TestSubscriptionShapeReasonContract/CI-DT-04-third-branch","Output":"        //\n"}
{"Time":"2026-09-17T15:41:00.376680602+03:00","Action":"output","Package":"github.com/PRO-Robotech/kacho/internal/repohygiene","Test":"TestSubscriptionShapeReasonContract/CI-DT-04-third-branch","Output":"        // ИМЯ сюда не берётся: оно мутабельно, и подписка по нему молча перестанет\n"}
{"Time":"2026-09-17T15:41:00.376683808+03:00","Action":"output","Package":"github.com/PRO-Robotech/kacho/internal/repohygiene","Test":"TestSubscriptionShapeReasonContract/CI-DT-04-third-branch","Output":"        // совпадать. МЕТКИ сюда не берутся: они мутабельны, и выход из выборки\n"}
{"Time":"2026-09-17T15:41:00.376688236+03:00","Action":"output","Package":"github.com/PRO-Robotech/kacho/internal/repohygiene","Test":"TestSubscriptionShapeReasonContract/CI-DT-04-third-branch","Output":"        // неотличим от удаления.\n"}
{"Time":"2026-09-17T15:41:00.376690601+03:00","Action":"output","Package":"github.com/PRO-Robotech/kacho/internal/repohygiene","Test":"TestSubscriptionShapeReasonContract/CI-DT-04-third-branch","Output":"        message SubscriptionRequest {\n"}
{"Time":"2026-09-17T15:41:00.376692755+03:00","Action":"output","Package":"github.com/PRO-Robotech/kacho/internal/repohygiene","Test":"TestSubscriptionShapeReasonContract/CI-DT-04-third-branch","Output":"          // kinds — виды предметов. Категория: УДОБСТВА.\n"}
{"Time":"2026-09-17T15:41:00.37669552+03:00","Action":"output","Package":"github.com/PRO-Robotech/kacho/internal/repohygiene","Test":"TestSubscriptionShapeReasonContract/CI-DT-04-third-branch","Output":"          repeated string kinds = 1;\n"}
{"Time":"2026-09-17T15:41:00.376697714+03:00","Action":"output","Package":"github.com/PRO-Robotech/kacho/internal/repohygiene","Test":"TestSubscriptionShapeReasonContract/CI-DT-04-third-branch","Output":"        \n"}
{"Time":"2026-09-17T15:41:00.3767008+03:00","Action":"output","Package":"github.com/PRO-Robotech/kacho/internal/repohygiene","Test":"TestSubscriptionShapeReasonContract/CI-DT-04-third-branch","Output":"          // project_id — проект. Категория: ЯКОРНАЯ.\n"}
{"Time":"2026-09-17T15:41:00.376703184+03:00","Action":"output","Package":"github.com/PRO-Robotech/kacho/internal/repohygiene","Test":"TestSubscriptionShapeReasonContract/CI-DT-04-third-branch","Output":"          string project_id = 2;\n"}
{"Time":"2026-09-17T15:41:00.376705549+03:00","Action":"output","Package":"github.com/PRO-Robotech/kacho/internal/repohygiene","Test":"TestSubscriptionShapeReasonContract/CI-DT-04-third-branch","Output":"        \n"}
{"Time":"2026-09-17T15:41:00.376707953+03:00","Action":"output","Package":"github.com/PRO-Robotech/kacho/internal/repohygiene","Test":"TestSubscriptionShapeReasonContract/CI-DT-04-third-branch","Output":"          // ids — идентификаторы. Категория: УДОБСТВА.\n"}
{"Time":"2026-09-17T15:41:00.376710408+03:00","Action":"output","Package":"github.com/PRO-Robotech/kacho/internal/repohygiene","Test":"TestSubscriptionShapeReasonContract/CI-DT-04-third-branch","Output":"          repeated string ids = 3;\n"}
{"Time":"2026-09-17T15:41:00.376715608+03:00","Action":"output","Package":"github.com/PRO-Robotech/kacho/internal/repohygiene","Test":"TestSubscriptionShapeReasonContract/CI-DT-04-third-branch","Output":"          // start — с какого места отдавать.\n"}
{"Time":"2026-09-17T15:41:00.376718143+03:00","Action":"output","Package":"github.com/PRO-Robotech/kacho/internal/repohygiene","Test":"TestSubscriptionShapeReasonContract/CI-DT-04-third-branch","Output":"          //\n"}
{"Time":"2026-09-17T15:41:00.376720948+03:00","Action":"output","Package":"github.com/PRO-Robotech/kacho/internal/repohygiene","Test":"TestSubscriptionShapeReasonContract/CI-DT-04-third-branch","Output":"          // ИСХОД НЕЗАДАННОГО НАЗВАН: start не задан означает ровно CURRENT_END.\n"}
{"Time":"2026-09-17T15:41:00.376724885+03:00","Action":"output","Package":"github.com/PRO-Robotech/kacho/internal/repohygiene","Test":"TestSubscriptionShapeReasonContract/CI-DT-04-third-branch","Output":"          oneof start {\n"}
{"Time":"2026-09-17T15:41:00.376727099+03:00","Action":"output","Package":"github.com/PRO-Robotech/kacho/internal/repohygiene","Test":"TestSubscriptionShapeReasonContract/CI-DT-04-third-branch","Output":"            // anchor — назвать место словом.\n"}
{"Time":"2026-09-17T15:41:00.376729534+03:00","Action":"output","Package":"github.com/PRO-Robotech/kacho/internal/repohygiene","Test":"TestSubscriptionShapeReasonContract/CI-DT-04-third-branch","Output":"            SubscriptionAnchor anchor = 10;\n"}
{"Time":"2026-09-17T15:41:00.376731738+03:00","Action":"output","Package":"github.com/PRO-Robotech/kacho/internal/repohygiene","Test":"TestSubscriptionShapeReasonContract/CI-DT-04-third-branch","Output":"            // position — непрозрачный токен.\n"}
{"Time":"2026-09-17T15:41:00.376734343+03:00","Action":"output","Package":"github.com/PRO-Robotech/kacho/internal/repohygiene","Test":"TestSubscriptionShapeReasonContract/CI-DT-04-third-branch","Output":"            string position = 11;\n"}
{"Time":"2026-09-17T15:41:00.376736768+03:00","Action":"output","Package":"github.com/PRO-Robotech/kacho/internal/repohygiene","Test":"TestSubscriptionShapeReasonContract/CI-DT-04-third-branch","Output":"          }\n"}
{"Time":"2026-09-17T15:41:00.376739473+03:00","Action":"output","Package":"github.com/PRO-Robotech/kacho/internal/repohygiene","Test":"TestSubscriptionShapeAbsentAxisCanFail/причина_переизложена_—_молчание","Output":"--- PASS: TestSubscriptionShapeAbsentAxisCanFail/причина_переизложена_—_молчание (0.00s)\n"}
{"Time":"2026-09-17T15:41:00.376742939+03:00","Action":"pass","Package":"github.com/PRO-Robotech/kacho/internal/repohygiene","Test":"TestSubscriptionShapeAbsentAxisCanFail/причина_переизложена_—_молчание","Elapsed":0}
{"Time":"2026-09-17T15:41:00.376745294+03:00","Action":"output","Package":"github.com/PRO-Robotech/kacho/internal/repohygiene","Test":"TestSubscriptionShapeReasonContract/CI-DT-04-third-branch","Output":"        }\n"}
{"Time":"2026-09-17T15:41:00.376747428+03:00","Action":"output","Package":"github.com/PRO-Robotech/kacho/internal/repohygiene","Test":"TestSubscriptionShapeReasonContract/CI-DT-04-third-branch","Output":"        \n"}
{"Time":"2026-09-17T15:41:00.376749632+03:00","Action":"output","Package":"github.com/PRO-Robotech/kacho/internal/repohygiene","Test":"TestSubscriptionShapeReasonContract/CI-DT-04-third-branch","Output":"        // SubscriptionOpened — служебное первое сообщение.\n"}
{"Time":"2026-09-17T15:41:00.376751946+03:00","Action":"output","Package":"github.com/PRO-Robotech/kacho/internal/repohygiene","Test":"TestSubscriptionShapeReasonContract/CI-DT-04-third-branch","Output":"        message SubscriptionOpened {\n"}
{"Time":"2026-09-17T15:41:00.37675406+03:00","Action":"output","Package":"github.com/PRO-Robotech/kacho/internal/repohygiene","Test":"TestSubscriptionShapeReasonContract/CI-DT-04-third-branch","Output":"          string position = 1;\n"}
{"Time":"2026-09-17T15:41:00.376756184+03:00","Action":"output","Package":"github.com/PRO-Robotech/kacho/internal/repohygiene","Test":"TestSubscriptionShapeReasonContract/CI-DT-04-third-branch","Output":"          bool caught_up = 2;\n"}
{"Time":"2026-09-17T15:41:00.376760172+03:00","Action":"output","Package":"github.com/PRO-Robotech/kacho/internal/repohygiene","Test":"TestSubscriptionShapeReasonContract/CI-DT-04-third-branch","Output":"          repeated string honored_filters = 3;\n"}
{"Time":"2026-09-17T15:41:00.376762426+03:00","Action":"output","Package":"github.com/PRO-Robotech/kacho/internal/repohygiene","Test":"TestSubscriptionShapeReasonContract/CI-DT-04-third-branch","Output":"          string earliest_resumable_position = 4;\n"}
{"Time":"2026-09-17T15:41:00.37676486+03:00","Action":"output","Package":"github.com/PRO-Robotech/kacho/internal/repohygiene","Test":"TestSubscriptionShapeReasonContract/CI-DT-04-third-branch","Output":"          bool retains_everything = 5;\n"}
{"Time":"2026-09-17T15:41:00.376766964+03:00","Action":"output","Package":"github.com/PRO-Robotech/kacho/internal/repohygiene","Test":"TestSubscriptionShapeReasonContract/CI-DT-04-third-branch","Output":"        }\n"}
{"Time":"2026-09-17T15:41:00.376771182+03:00","Action":"output","Package":"github.com/PRO-Robotech/kacho/internal/repohygiene","Test":"TestSubscriptionShapeReasonContract/CI-DT-04-third-branch","Output":"        \n"}
{"Time":"2026-09-17T15:41:00.376774619+03:00","Action":"output","Package":"github.com/PRO-Robotech/kacho/internal/repohygiene","Test":"TestSubscriptionShapeReasonContract/CI-DT-04-third-branch","Output":"        // SubscriptionEvent — оболочка события.\n"}
{"Time":"2026-09-17T15:41:00.376778576+03:00","Action":"output","Package":"github.com/PRO-Robotech/kacho/internal/repohygiene","Test":"TestSubscriptionShapeReasonContract/CI-DT-04-third-branch","Output":"        message SubscriptionEvent {\n"}
{"Time":"2026-09-17T15:41:00.37678088+03:00","Action":"output","Package":"github.com/PRO-Robotech/kacho/internal/repohygiene","Test":"TestSubscriptionShapeReasonContract/CI-DT-04-third-branch","Output":"          // StateUnavailable — вторая ветвь носителя.\n"}
{"Time":"2026-09-17T15:41:00.376783225+03:00","Action":"output","Package":"github.com/PRO-Robotech/kacho/internal/repohygiene","Test":"TestSubscriptionShapeReasonContract/CI-DT-04-third-branch","Output":"          message StateUnavailable {\n"}
{"Time":"2026-09-17T15:41:00.376786731+03:00","Action":"output","Package":"github.com/PRO-Robotech/kacho/internal/repohygiene","Test":"TestSubscriptionShapeReasonContract/CI-DT-04-third-branch","Output":"            // reason — почему состояния нет. Это НЕ причина остановки потока.\n"}
{"Time":"2026-09-17T15:41:00.376789978+03:00","Action":"output","Package":"github.com/PRO-Robotech/kacho/internal/repohygiene","Test":"TestSubscriptionShapeAbsentAxisCanFail","Output":"--- PASS: TestSubscriptionShapeAbsentAxisCanFail (0.02s)\n"}
{"Time":"2026-09-17T15:41:00.376793815+03:00","Action":"pass","Package":"github.com/PRO-Robotech/kacho/internal/repohygiene","Test":"TestSubscriptionShapeAbsentAxisCanFail","Elapsed":0.02}
{"Time":"2026-09-17T15:41:00.376796109+03:00","Action":"output","Package":"github.com/PRO-Robotech/kacho/internal/repohygiene","Test":"TestSubscriptionShapeReasonContract/CI-DT-04-third-branch","Output":"            string reason = 1;\n"}
{"Time":"2026-09-17T15:41:00.376798253+03:00","Action":"output","Package":"github.com/PRO-Robotech/kacho/internal/repohygiene","Test":"TestSubscriptionShapeReasonContract/CI-DT-04-third-branch","Output":"          }\n"}
{"Time":"2026-09-17T15:41:00.376800247+03:00","Action":"output","Package":"github.com/PRO-Robotech/kacho/internal/repohygiene","Test":"TestSubscriptionShapeReasonContract/CI-DT-04-third-branch","Output":"        \n"}
{"Time":"2026-09-17T15:41:00.376803713+03:00","Action":"output","Package":"github.com/PRO-Robotech/kacho/internal/repohygiene","Test":"TestSubscriptionShapeReasonContract/CI-DT-04-third-branch","Output":"          string position = 1;\n"}
{"Time":"2026-09-17T15:41:00.376805867+03:00","Action":"output","Package":"github.com/PRO-Robotech/kacho/internal/repohygiene","Test":"TestSubscriptionShapeReasonContract/CI-DT-04-third-branch","Output":"          string kind = 2;\n"}
{"Time":"2026-09-17T15:41:00.376808072+03:00","Action":"output","Package":"github.com/PRO-Robotech/kacho/internal/repohygiene","Test":"TestSubscriptionShapeReasonContract/CI-DT-04-third-branch","Output":"          string resource_id = 3;\n"}
{"Time":"2026-09-17T15:41:00.376811929+03:00","Action":"output","Package":"github.com/PRO-Robotech/kacho/internal/repohygiene","Test":"TestSubscriptionShapeReasonContract/CI-DT-04-third-branch","Output":"          // project_id — авторизуемый якорь, поле ОБОЛОЧКИ.\n"}
{"Time":"2026-09-17T15:41:00.376814413+03:00","Action":"output","Package":"github.com/PRO-Robotech/kacho/internal/repohygiene","Test":"TestSubscriptionShapeReasonContract/CI-DT-04-third-branch","Output":"          string project_id = 4;\n"}
{"Time":"2026-09-17T15:41:00.376816628+03:00","Action":"output","Package":"github.com/PRO-Robotech/kacho/internal/repohygiene","Test":"TestSubscriptionShapeReasonContract/CI-DT-04-third-branch","Output":"        \n"}
{"Time":"2026-09-17T15:41:00.376820425+03:00","Action":"output","Package":"github.com/PRO-Robotech/kacho/internal/repohygiene","Test":"TestSubscriptionShapeReasonContract/CI-DT-04-third-branch","Output":"          oneof carrier {\n"}
{"Time":"2026-09-17T15:41:00.376822549+03:00","Action":"output","Package":"github.com/PRO-Robotech/kacho/internal/repohygiene","Test":"TestSubscriptionShapeReasonContract/CI-DT-04-third-branch","Output":"            google.protobuf.Any state = 10;\n"}
{"Time":"2026-09-17T15:41:00.376824723+03:00","Action":"output","Package":"github.com/PRO-Robotech/kacho/internal/repohygiene","Test":"TestSubscriptionShapeReasonContract/CI-DT-04-third-branch","Output":"            StateUnavailable state_unavailable = 11;\n"}
{"Time":"2026-09-17T15:41:00.37682832+03:00","Action":"output","Package":"github.com/PRO-Robotech/kacho/internal/repohygiene","Test":"TestSubscriptionShapeReasonContract/CI-DT-04-third-branch","Output":"            string state_summary = 12;\n"}
{"Time":"2026-09-17T15:41:00.376830604+03:00","Action":"output","Package":"github.com/PRO-Robotech/kacho/internal/repohygiene","Test":"TestSubscriptionShapeReasonContract/CI-DT-04-third-branch","Output":"          }\n"}
{"Time":"2026-09-17T15:41:00.376832658+03:00","Action":"output","Package":"github.com/PRO-Robotech/kacho/internal/repohygiene","Test":"TestSubscriptionShapeReasonContract/CI-DT-04-third-branch","Output":"        }\n"}
{"Time":"2026-09-17T15:41:00.376834882+03:00","Action":"output","Package":"github.com/PRO-Robotech/kacho/internal/repohygiene","Test":"TestSubscriptionShapeReasonContract/CI-DT-04-third-branch","Output":"        \n"}
{"Time":"2026-09-17T15:41:00.376837587+03:00","Action":"output","Package":"github.com/PRO-Robotech/kacho/internal/repohygiene","Test":"TestSubscriptionShapeReasonContract/CI-DT-04-third-branch","Output":"        \n"}
{"Time":"2026-09-17T15:41:00.376842206+03:00","Action":"output","Package":"github.com/PRO-Robotech/kacho/internal/repohygiene","Test":"TestSubscriptionShapeUnsetOutcomeCanFail/начало_не_ветвление_—_находка","Output":"--- PASS: TestSubscriptionShapeUnsetOutcomeCanFail/начало_не_ветвление_—_находка (0.00s)\n"}
{"Time":"2026-09-17T15:41:00.376845281+03:00","Action":"pass","Package":"github.com/PRO-Robotech/kacho/internal/repohygiene","Test":"TestSubscriptionShapeUnsetOutcomeCanFail/начало_не_ветвление_—_находка","Elapsed":0}
{"Time":"2026-09-17T15:41:00.376847836+03:00","Action":"output","Package":"github.com/PRO-Robotech/kacho/internal/repohygiene","Test":"TestSubscriptionShapeUnsetOutcomeCanFail","Output":"--- PASS: TestSubscriptionShapeUnsetOutcomeCanFail (0.02s)\n"}
{"Time":"2026-09-17T15:41:00.376875949+03:00","Action":"pass","Package":"github.com/PRO-Robotech/kacho/internal/repohygiene","Test":"TestSubscriptionShapeUnsetOutcomeCanFail","Elapsed":0.02}
{"Time":"2026-09-17T15:41:00.376878674+03:00","Action":"output","Package":"github.com/PRO-Robotech/kacho/internal/repohygiene","Test":"TestSubscriptionShapeReasonContract/CI-DT-04-third-branch","Output":"--- PASS: TestSubscriptionShapeReasonContract/CI-DT-04-third-branch (0.00s)\n"}
{"Time":"2026-09-17T15:41:00.37688196+03:00","Action":"pass","Package":"github.com/PRO-Robotech/kacho/internal/repohygiene","Test":"TestSubscriptionShapeReasonContract/CI-DT-04-third-branch","Elapsed":0}
{"Time":"2026-09-17T15:41:00.376885086+03:00","Action":"output","Package":"github.com/PRO-Robotech/kacho/internal/repohygiene","Test":"TestSubscriptionShapeReasonContract","Output":"--- PASS: TestSubscriptionShapeReasonContract (0.02s)\n"}
{"Time":"2026-09-17T15:41:00.376893111+03:00","Action":"pass","Package":"github.com/PRO-Robotech/kacho/internal/repohygiene","Test":"TestSubscriptionShapeReasonContract","Elapsed":0.02}
{"Time":"2026-09-17T15:41:00.376898582+03:00","Action":"output","Package":"github.com/PRO-Robotech/kacho/internal/repohygiene","Test":"TestSubscriptionShapeAxisLedgerCanFail/запись_без_причины_—_находка","Output":"    subscriptionformshape_injection_test.go:299: перепись: proto/corelib/subscription/subscription.proto — строк 69, типов 5 (верхнего уровня 4), полей 17 (осей 3), значений перечислений 3; утверждений проверено 44; находок 1\n"}
{"Time":"2026-09-17T15:41:00.377056829+03:00","Action":"output","Package":"github.com/PRO-Robotech/kacho/internal/repohygiene","Test":"TestSubscriptionShapeAxisLedgerCanFail/запись_без_причины_—_находка","Output":"--- PASS: TestSubscriptionShapeAxisLedgerCanFail/запись_без_причины_—_находка (0.00s)\n"}
{"Time":"2026-09-17T15:41:00.377061367+03:00","Action":"pass","Package":"github.com/PRO-Robotech/kacho/internal/repohygiene","Test":"TestSubscriptionShapeAxisLedgerCanFail/запись_без_причины_—_находка","Elapsed":0}
{"Time":"2026-09-17T15:41:00.377065064+03:00","Action":"output","Package":"github.com/PRO-Robotech/kacho/internal/repohygiene","Test":"TestSubscriptionShapeAxisLedgerCanFail","Output":"--- PASS: TestSubscriptionShapeAxisLedgerCanFail (0.02s)\n"}
{"Time":"2026-09-17T15:41:00.412495671+03:00","Action":"pass","Package":"github.com/PRO-Robotech/kacho/internal/repohygiene","Test":"TestSubscriptionShapeAxisLedgerCanFail","Elapsed":0.02}
{"Time":"2026-09-17T15:41:00.412520929+03:00","Action":"output","Package":"github.com/PRO-Robotech/kacho/internal/repohygiene","Test":"TestGRPCMountParity_EveryDeclaredServiceIsMounted","Output":"    grpcmountparity_test.go:135: перепись: стабов 66 файлов, proto-пакетов 9, сервисов объявлено 68; композиционных корней 22 (файлов 82), из них монтирующих 7; владеющих пакетов 18, смонтировано сервисов 56; исключений вне предмета (пакетом никто не владеет) 22; находок 0\n"}
{"Time":"2026-09-17T15:41:00.412539834+03:00","Action":"output","Package":"github.com/PRO-Robotech/kacho/internal/repohygiene","Test":"TestGRPCMountParity_EveryDeclaredServiceIsMounted","Output":"--- PASS: TestGRPCMountParity_EveryDeclaredServiceIsMounted (0.06s)\n"}
{"Time":"2026-09-17T15:41:00.44349297+03:00","Action":"pass","Package":"github.com/PRO-Robotech/kacho/internal/repohygiene","Test":"TestGRPCMountParity_EveryDeclaredServiceIsMounted","Elapsed":0.06}
{"Time":"2026-09-17T15:41:00.44351426+03:00","Action":"output","Package":"github.com/PRO-Robotech/kacho/internal/repohygiene","Test":"TestCatalogReachability_EveryRowResolvesToAServedMethod","Output":"    catalogreachability_test.go:230: перепись: строк каталога 341 (резолвится 233, исключено 108); стабов 66 файлов, сервисов 68, методов контракта 341; композиционных корней 22 (файлов 82), из них монтирующих 7, смонтировано сервисов 46; находок 0\n"}
{"Time":"2026-09-17T15:41:00.443524158+03:00","Action":"output","Package":"github.com/PRO-Robotech/kacho/internal/repohygiene","Test":"TestCatalogReachability_EveryRowResolvesToAServedMethod","Output":"--- PASS: TestCatalogReachability_EveryRowResolvesToAServedMethod (0.09s)\n"}
{"Time":"2026-09-17T15:41:00.44965669+03:00","Action":"pass","Package":"github.com/PRO-Robotech/kacho/internal/repohygiene","Test":"TestCatalogReachability_EveryRowResolvesToAServedMethod","Elapsed":0.09}
{"Time":"2026-09-17T15:41:00.449681577+03:00","Action":"output","Package":"github.com/PRO-Robotech/kacho/internal/repohygiene","Test":"TestCatalogReachability_InertRowsAreExactlyTheAllowedServices","Output":"    catalogreachability_test.go:327: перепись: строк каталога 341, методов контракта 341, модулей-владельцев 7; находок рода unmounted 108\n"}
{"Time":"2026-09-17T15:41:00.449690924+03:00","Action":"output","Package":"github.com/PRO-Robotech/kacho/internal/repohygiene","Test":"TestCatalogReachability_InertRowsAreExactlyTheAllowedServices","Output":"--- PASS: TestCatalogReachability_InertRowsAreExactlyTheAllowedServices (0.09s)\n"}
{"Time":"2026-09-17T15:41:00.449696274+03:00","Action":"pass","Package":"github.com/PRO-Robotech/kacho/internal/repohygiene","Test":"TestCatalogReachability_InertRowsAreExactlyTheAllowedServices","Elapsed":0.09}
{"Time":"2026-09-17T15:41:00.449699711+03:00","Action":"output","Package":"github.com/PRO-Robotech/kacho/internal/repohygiene","Output":"PASS\n"}
{"Time":"2026-09-17T15:41:00.452277254+03:00","Action":"output","Package":"github.com/PRO-Robotech/kacho/internal/repohygiene","Output":"ok  \tgithub.com/PRO-Robotech/kacho/internal/repohygiene\t0.114s\n"}
{"Time":"2026-09-17T15:41:00.452288234+03:00","Action":"pass","Package":"github.com/PRO-Robotech/kacho/internal/repohygiene","Elapsed":0.114}
