{"Time":"2026-09-17T16:10:07.22298558+03:00","Action":"start","Package":"github.com/PRO-Robotech/kacho/internal/repohygiene"}
{"Time":"2026-09-17T16:10:07.240275012+03:00","Action":"run","Package":"github.com/PRO-Robotech/kacho/internal/repohygiene","Test":"TestSubscriptionShapeStandIsCleanBeforeInjection"}
{"Time":"2026-09-17T16:10:07.240315809+03:00","Action":"output","Package":"github.com/PRO-Robotech/kacho/internal/repohygiene","Test":"TestSubscriptionShapeStandIsCleanBeforeInjection","Output":"=== RUN   TestSubscriptionShapeStandIsCleanBeforeInjection\n"}
{"Time":"2026-09-17T16:10:07.240358659+03:00","Action":"output","Package":"github.com/PRO-Robotech/kacho/internal/repohygiene","Test":"TestSubscriptionShapeStandIsCleanBeforeInjection","Output":"=== PAUSE TestSubscriptionShapeStandIsCleanBeforeInjection\n"}
{"Time":"2026-09-17T16:10:07.240363358+03:00","Action":"pause","Package":"github.com/PRO-Robotech/kacho/internal/repohygiene","Test":"TestSubscriptionShapeStandIsCleanBeforeInjection"}
{"Time":"2026-09-17T16:10:07.240367656+03:00","Action":"run","Package":"github.com/PRO-Robotech/kacho/internal/repohygiene","Test":"TestSubscriptionShapeAxisLedgerCanFail"}
{"Time":"2026-09-17T16:10:07.240372535+03:00","Action":"output","Package":"github.com/PRO-Robotech/kacho/internal/repohygiene","Test":"TestSubscriptionShapeAxisLedgerCanFail","Output":"=== RUN   TestSubscriptionShapeAxisLedgerCanFail\n"}
{"Time":"2026-09-17T16:10:07.240378927+03:00","Action":"output","Package":"github.com/PRO-Robotech/kacho/internal/repohygiene","Test":"TestSubscriptionShapeAxisLedgerCanFail","Output":"=== PAUSE TestSubscriptionShapeAxisLedgerCanFail\n"}
{"Time":"2026-09-17T16:10:07.240382303+03:00","Action":"pause","Package":"github.com/PRO-Robotech/kacho/internal/repohygiene","Test":"TestSubscriptionShapeAxisLedgerCanFail"}
{"Time":"2026-09-17T16:10:07.240386301+03:00","Action":"run","Package":"github.com/PRO-Robotech/kacho/internal/repohygiene","Test":"TestSubscriptionShapeCategoryMarkCanFail"}
{"Time":"2026-09-17T16:10:07.240390168+03:00","Action":"output","Package":"github.com/PRO-Robotech/kacho/internal/repohygiene","Test":"TestSubscriptionShapeCategoryMarkCanFail","Output":"=== RUN   TestSubscriptionShapeCategoryMarkCanFail\n"}
{"Time":"2026-09-17T16:10:07.240394546+03:00","Action":"output","Package":"github.com/PRO-Robotech/kacho/internal/repohygiene","Test":"TestSubscriptionShapeCategoryMarkCanFail","Output":"=== PAUSE TestSubscriptionShapeCategoryMarkCanFail\n"}
{"Time":"2026-09-17T16:10:07.240398103+03:00","Action":"pause","Package":"github.com/PRO-Robotech/kacho/internal/repohygiene","Test":"TestSubscriptionShapeCategoryMarkCanFail"}
{"Time":"2026-09-17T16:10:07.240406619+03:00","Action":"run","Package":"github.com/PRO-Robotech/kacho/internal/repohygiene","Test":"TestSubscriptionShapeAbsentAxisCanFail"}
{"Time":"2026-09-17T16:10:07.240409945+03:00","Action":"output","Package":"github.com/PRO-Robotech/kacho/internal/repohygiene","Test":"TestSubscriptionShapeAbsentAxisCanFail","Output":"=== RUN   TestSubscriptionShapeAbsentAxisCanFail\n"}
{"Time":"2026-09-17T16:10:07.240414414+03:00","Action":"output","Package":"github.com/PRO-Robotech/kacho/internal/repohygiene","Test":"TestSubscriptionShapeAbsentAxisCanFail","Output":"=== PAUSE TestSubscriptionShapeAbsentAxisCanFail\n"}
{"Time":"2026-09-17T16:10:07.24041795+03:00","Action":"pause","Package":"github.com/PRO-Robotech/kacho/internal/repohygiene","Test":"TestSubscriptionShapeAbsentAxisCanFail"}
{"Time":"2026-09-17T16:10:07.240424904+03:00","Action":"run","Package":"github.com/PRO-Robotech/kacho/internal/repohygiene","Test":"TestSubscriptionShapeUnsetOutcomeCanFail"}
{"Time":"2026-09-17T16:10:07.24042858+03:00","Action":"output","Package":"github.com/PRO-Robotech/kacho/internal/repohygiene","Test":"TestSubscriptionShapeUnsetOutcomeCanFail","Output":"=== RUN   TestSubscriptionShapeUnsetOutcomeCanFail\n"}
{"Time":"2026-09-17T16:10:07.240432678+03:00","Action":"output","Package":"github.com/PRO-Robotech/kacho/internal/repohygiene","Test":"TestSubscriptionShapeUnsetOutcomeCanFail","Output":"=== PAUSE TestSubscriptionShapeUnsetOutcomeCanFail\n"}
{"Time":"2026-09-17T16:10:07.240436275+03:00","Action":"pause","Package":"github.com/PRO-Robotech/kacho/internal/repohygiene","Test":"TestSubscriptionShapeUnsetOutcomeCanFail"}
{"Time":"2026-09-17T16:10:07.240440122+03:00","Action":"run","Package":"github.com/PRO-Robotech/kacho/internal/repohygiene","Test":"TestSubscriptionShapeCarrierCanFail"}
{"Time":"2026-09-17T16:10:07.240443909+03:00","Action":"output","Package":"github.com/PRO-Robotech/kacho/internal/repohygiene","Test":"TestSubscriptionShapeCarrierCanFail","Output":"=== RUN   TestSubscriptionShapeCarrierCanFail\n"}
{"Time":"2026-09-17T16:10:07.240448037+03:00","Action":"output","Package":"github.com/PRO-Robotech/kacho/internal/repohygiene","Test":"TestSubscriptionShapeCarrierCanFail","Output":"=== PAUSE TestSubscriptionShapeCarrierCanFail\n"}
{"Time":"2026-09-17T16:10:07.240452155+03:00","Action":"pause","Package":"github.com/PRO-Robotech/kacho/internal/repohygiene","Test":"TestSubscriptionShapeCarrierCanFail"}
{"Time":"2026-09-17T16:10:07.240455832+03:00","Action":"run","Package":"github.com/PRO-Robotech/kacho/internal/repohygiene","Test":"TestSubscriptionShapeAnchorCanFail"}
{"Time":"2026-09-17T16:10:07.240467113+03:00","Action":"output","Package":"github.com/PRO-Robotech/kacho/internal/repohygiene","Test":"TestSubscriptionShapeAnchorCanFail","Output":"=== RUN   TestSubscriptionShapeAnchorCanFail\n"}
{"Time":"2026-09-17T16:10:07.240471201+03:00","Action":"output","Package":"github.com/PRO-Robotech/kacho/internal/repohygiene","Test":"TestSubscriptionShapeAnchorCanFail","Output":"=== PAUSE TestSubscriptionShapeAnchorCanFail\n"}
{"Time":"2026-09-17T16:10:07.240474827+03:00","Action":"pause","Package":"github.com/PRO-Robotech/kacho/internal/repohygiene","Test":"TestSubscriptionShapeAnchorCanFail"}
{"Time":"2026-09-17T16:10:07.240478494+03:00","Action":"run","Package":"github.com/PRO-Robotech/kacho/internal/repohygiene","Test":"TestSubscriptionShapeHorizonCanFail"}
{"Time":"2026-09-17T16:10:07.240483744+03:00","Action":"output","Package":"github.com/PRO-Robotech/kacho/internal/repohygiene","Test":"TestSubscriptionShapeHorizonCanFail","Output":"=== RUN   TestSubscriptionShapeHorizonCanFail\n"}
{"Time":"2026-09-17T16:10:07.240491038+03:00","Action":"output","Package":"github.com/PRO-Robotech/kacho/internal/repohygiene","Test":"TestSubscriptionShapeHorizonCanFail","Output":"=== PAUSE TestSubscriptionShapeHorizonCanFail\n"}
{"Time":"2026-09-17T16:10:07.240494965+03:00","Action":"pause","Package":"github.com/PRO-Robotech/kacho/internal/repohygiene","Test":"TestSubscriptionShapeHorizonCanFail"}
{"Time":"2026-09-17T16:10:07.240498973+03:00","Action":"run","Package":"github.com/PRO-Robotech/kacho/internal/repohygiene","Test":"TestSubscriptionShapeStopReasonCanFail"}
{"Time":"2026-09-17T16:10:07.240502459+03:00","Action":"output","Package":"github.com/PRO-Robotech/kacho/internal/repohygiene","Test":"TestSubscriptionShapeStopReasonCanFail","Output":"=== RUN   TestSubscriptionShapeStopReasonCanFail\n"}
{"Time":"2026-09-17T16:10:07.240506357+03:00","Action":"output","Package":"github.com/PRO-Robotech/kacho/internal/repohygiene","Test":"TestSubscriptionShapeStopReasonCanFail","Output":"=== PAUSE TestSubscriptionShapeStopReasonCanFail\n"}
{"Time":"2026-09-17T16:10:07.240510064+03:00","Action":"pause","Package":"github.com/PRO-Robotech/kacho/internal/repohygiene","Test":"TestSubscriptionShapeStopReasonCanFail"}
{"Time":"2026-09-17T16:10:07.24051368+03:00","Action":"run","Package":"github.com/PRO-Robotech/kacho/internal/repohygiene","Test":"TestSubscriptionShapePerimeterCanFail"}
{"Time":"2026-09-17T16:10:07.240518119+03:00","Action":"output","Package":"github.com/PRO-Robotech/kacho/internal/repohygiene","Test":"TestSubscriptionShapePerimeterCanFail","Output":"=== RUN   TestSubscriptionShapePerimeterCanFail\n"}
{"Time":"2026-09-17T16:10:07.240521756+03:00","Action":"output","Package":"github.com/PRO-Robotech/kacho/internal/repohygiene","Test":"TestSubscriptionShapePerimeterCanFail","Output":"=== PAUSE TestSubscriptionShapePerimeterCanFail\n"}
{"Time":"2026-09-17T16:10:07.240525182+03:00","Action":"pause","Package":"github.com/PRO-Robotech/kacho/internal/repohygiene","Test":"TestSubscriptionShapePerimeterCanFail"}
{"Time":"2026-09-17T16:10:07.240531684+03:00","Action":"run","Package":"github.com/PRO-Robotech/kacho/internal/repohygiene","Test":"TestSubscriptionShapeOwnerVocabularyCanFail"}
{"Time":"2026-09-17T16:10:07.240535802+03:00","Action":"output","Package":"github.com/PRO-Robotech/kacho/internal/repohygiene","Test":"TestSubscriptionShapeOwnerVocabularyCanFail","Output":"=== RUN   TestSubscriptionShapeOwnerVocabularyCanFail\n"}
{"Time":"2026-09-17T16:10:07.24053995+03:00","Action":"output","Package":"github.com/PRO-Robotech/kacho/internal/repohygiene","Test":"TestSubscriptionShapeOwnerVocabularyCanFail","Output":"=== PAUSE TestSubscriptionShapeOwnerVocabularyCanFail\n"}
{"Time":"2026-09-17T16:10:07.240543216+03:00","Action":"pause","Package":"github.com/PRO-Robotech/kacho/internal/repohygiene","Test":"TestSubscriptionShapeOwnerVocabularyCanFail"}
{"Time":"2026-09-17T16:10:07.240549107+03:00","Action":"run","Package":"github.com/PRO-Robotech/kacho/internal/repohygiene","Test":"TestSubscriptionShapeRefusesAnEmptyRead"}
{"Time":"2026-09-17T16:10:07.240552293+03:00","Action":"output","Package":"github.com/PRO-Robotech/kacho/internal/repohygiene","Test":"TestSubscriptionShapeRefusesAnEmptyRead","Output":"=== RUN   TestSubscriptionShapeRefusesAnEmptyRead\n"}
{"Time":"2026-09-17T16:10:07.240557813+03:00","Action":"output","Package":"github.com/PRO-Robotech/kacho/internal/repohygiene","Test":"TestSubscriptionShapeRefusesAnEmptyRead","Output":"=== PAUSE TestSubscriptionShapeRefusesAnEmptyRead\n"}
{"Time":"2026-09-17T16:10:07.240560849+03:00","Action":"pause","Package":"github.com/PRO-Robotech/kacho/internal/repohygiene","Test":"TestSubscriptionShapeRefusesAnEmptyRead"}
{"Time":"2026-09-17T16:10:07.240566159+03:00","Action":"run","Package":"github.com/PRO-Robotech/kacho/internal/repohygiene","Test":"TestSubscriptionShapeMissingMessageCanFail"}
{"Time":"2026-09-17T16:10:07.240569345+03:00","Action":"output","Package":"github.com/PRO-Robotech/kacho/internal/repohygiene","Test":"TestSubscriptionShapeMissingMessageCanFail","Output":"=== RUN   TestSubscriptionShapeMissingMessageCanFail\n"}
{"Time":"2026-09-17T16:10:07.240575156+03:00","Action":"output","Package":"github.com/PRO-Robotech/kacho/internal/repohygiene","Test":"TestSubscriptionShapeMissingMessageCanFail","Output":"=== PAUSE TestSubscriptionShapeMissingMessageCanFail\n"}
{"Time":"2026-09-17T16:10:07.240578192+03:00","Action":"pause","Package":"github.com/PRO-Robotech/kacho/internal/repohygiene","Test":"TestSubscriptionShapeMissingMessageCanFail"}
{"Time":"2026-09-17T16:10:07.240583081+03:00","Action":"run","Package":"github.com/PRO-Robotech/kacho/internal/repohygiene","Test":"TestSubscriptionFormShape"}
{"Time":"2026-09-17T16:10:07.240586948+03:00","Action":"output","Package":"github.com/PRO-Robotech/kacho/internal/repohygiene","Test":"TestSubscriptionFormShape","Output":"=== RUN   TestSubscriptionFormShape\n"}
{"Time":"2026-09-17T16:10:07.240593611+03:00","Action":"output","Package":"github.com/PRO-Robotech/kacho/internal/repohygiene","Test":"TestSubscriptionFormShape","Output":"=== PAUSE TestSubscriptionFormShape\n"}
{"Time":"2026-09-17T16:10:07.240599041+03:00","Action":"pause","Package":"github.com/PRO-Robotech/kacho/internal/repohygiene","Test":"TestSubscriptionFormShape"}
{"Time":"2026-09-17T16:10:07.240604451+03:00","Action":"run","Package":"github.com/PRO-Robotech/kacho/internal/repohygiene","Test":"TestSubscriptionShapeReasonContract"}
{"Time":"2026-09-17T16:10:07.240608448+03:00","Action":"output","Package":"github.com/PRO-Robotech/kacho/internal/repohygiene","Test":"TestSubscriptionShapeReasonContract","Output":"=== RUN   TestSubscriptionShapeReasonContract\n"}
{"Time":"2026-09-17T16:10:07.240622234+03:00","Action":"output","Package":"github.com/PRO-Robotech/kacho/internal/repohygiene","Test":"TestSubscriptionShapeReasonContract","Output":"=== PAUSE TestSubscriptionShapeReasonContract\n"}
{"Time":"2026-09-17T16:10:07.240625931+03:00","Action":"pause","Package":"github.com/PRO-Robotech/kacho/internal/repohygiene","Test":"TestSubscriptionShapeReasonContract"}
{"Time":"2026-09-17T16:10:07.240674843+03:00","Action":"cont","Package":"github.com/PRO-Robotech/kacho/internal/repohygiene","Test":"TestSubscriptionShapeStandIsCleanBeforeInjection"}
{"Time":"2026-09-17T16:10:07.240679532+03:00","Action":"output","Package":"github.com/PRO-Robotech/kacho/internal/repohygiene","Test":"TestSubscriptionShapeStandIsCleanBeforeInjection","Output":"=== CONT  TestSubscriptionShapeStandIsCleanBeforeInjection\n"}
{"Time":"2026-09-17T16:10:07.240698848+03:00","Action":"cont","Package":"github.com/PRO-Robotech/kacho/internal/repohygiene","Test":"TestSubscriptionShapeStopReasonCanFail"}
{"Time":"2026-09-17T16:10:07.240703046+03:00","Action":"output","Package":"github.com/PRO-Robotech/kacho/internal/repohygiene","Test":"TestSubscriptionShapeStopReasonCanFail","Output":"=== CONT  TestSubscriptionShapeStopReasonCanFail\n"}
{"Time":"2026-09-17T16:10:07.240708046+03:00","Action":"cont","Package":"github.com/PRO-Robotech/kacho/internal/repohygiene","Test":"TestSubscriptionShapeReasonContract"}
{"Time":"2026-09-17T16:10:07.240711672+03:00","Action":"output","Package":"github.com/PRO-Robotech/kacho/internal/repohygiene","Test":"TestSubscriptionShapeReasonContract","Output":"=== CONT  TestSubscriptionShapeReasonContract\n"}
{"Time":"2026-09-17T16:10:07.240717463+03:00","Action":"cont","Package":"github.com/PRO-Robotech/kacho/internal/repohygiene","Test":"TestSubscriptionFormShape"}
{"Time":"2026-09-17T16:10:07.240723284+03:00","Action":"output","Package":"github.com/PRO-Robotech/kacho/internal/repohygiene","Test":"TestSubscriptionFormShape","Output":"=== CONT  TestSubscriptionFormShape\n"}
{"Time":"2026-09-17T16:10:07.240728153+03:00","Action":"cont","Package":"github.com/PRO-Robotech/kacho/internal/repohygiene","Test":"TestSubscriptionShapeAxisLedgerCanFail"}
{"Time":"2026-09-17T16:10:07.24073167+03:00","Action":"output","Package":"github.com/PRO-Robotech/kacho/internal/repohygiene","Test":"TestSubscriptionShapeAxisLedgerCanFail","Output":"=== CONT  TestSubscriptionShapeAxisLedgerCanFail\n"}
{"Time":"2026-09-17T16:10:07.240736289+03:00","Action":"cont","Package":"github.com/PRO-Robotech/kacho/internal/repohygiene","Test":"TestSubscriptionShapeCategoryMarkCanFail"}
{"Time":"2026-09-17T16:10:07.240740156+03:00","Action":"output","Package":"github.com/PRO-Robotech/kacho/internal/repohygiene","Test":"TestSubscriptionShapeCategoryMarkCanFail","Output":"=== CONT  TestSubscriptionShapeCategoryMarkCanFail\n"}
{"Time":"2026-09-17T16:10:07.240746828+03:00","Action":"run","Package":"github.com/PRO-Robotech/kacho/internal/repohygiene","Test":"TestSubscriptionShapeStopReasonCanFail/причина_остановки_полем_события_—_находка"}
{"Time":"2026-09-17T16:10:07.240751207+03:00","Action":"output","Package":"github.com/PRO-Robotech/kacho/internal/repohygiene","Test":"TestSubscriptionShapeStopReasonCanFail/причина_остановки_полем_события_—_находка","Output":"=== RUN   TestSubscriptionShapeStopReasonCanFail/причина_остановки_полем_события_—_находка\n"}
{"Time":"2026-09-17T16:10:07.240759302+03:00","Action":"cont","Package":"github.com/PRO-Robotech/kacho/internal/repohygiene","Test":"TestSubscriptionShapeAnchorCanFail"}
{"Time":"2026-09-17T16:10:07.240762277+03:00","Action":"output","Package":"github.com/PRO-Robotech/kacho/internal/repohygiene","Test":"TestSubscriptionShapeAnchorCanFail","Output":"=== CONT  TestSubscriptionShapeAnchorCanFail\n"}
{"Time":"2026-09-17T16:10:07.240769301+03:00","Action":"cont","Package":"github.com/PRO-Robotech/kacho/internal/repohygiene","Test":"TestSubscriptionShapeHorizonCanFail"}
{"Time":"2026-09-17T16:10:07.240773048+03:00","Action":"output","Package":"github.com/PRO-Robotech/kacho/internal/repohygiene","Test":"TestSubscriptionShapeHorizonCanFail","Output":"=== CONT  TestSubscriptionShapeHorizonCanFail\n"}
{"Time":"2026-09-17T16:10:07.240776484+03:00","Action":"cont","Package":"github.com/PRO-Robotech/kacho/internal/repohygiene","Test":"TestSubscriptionShapeCarrierCanFail"}
{"Time":"2026-09-17T16:10:07.240780111+03:00","Action":"output","Package":"github.com/PRO-Robotech/kacho/internal/repohygiene","Test":"TestSubscriptionShapeCarrierCanFail","Output":"=== CONT  TestSubscriptionShapeCarrierCanFail\n"}
{"Time":"2026-09-17T16:10:07.240784008+03:00","Action":"cont","Package":"github.com/PRO-Robotech/kacho/internal/repohygiene","Test":"TestSubscriptionShapeOwnerVocabularyCanFail"}
{"Time":"2026-09-17T16:10:07.240788156+03:00","Action":"output","Package":"github.com/PRO-Robotech/kacho/internal/repohygiene","Test":"TestSubscriptionShapeOwnerVocabularyCanFail","Output":"=== CONT  TestSubscriptionShapeOwnerVocabularyCanFail\n"}
{"Time":"2026-09-17T16:10:07.240792234+03:00","Action":"cont","Package":"github.com/PRO-Robotech/kacho/internal/repohygiene","Test":"TestSubscriptionShapeRefusesAnEmptyRead"}
{"Time":"2026-09-17T16:10:07.24079581+03:00","Action":"output","Package":"github.com/PRO-Robotech/kacho/internal/repohygiene","Test":"TestSubscriptionShapeRefusesAnEmptyRead","Output":"=== CONT  TestSubscriptionShapeRefusesAnEmptyRead\n"}
{"Time":"2026-09-17T16:10:07.240799497+03:00","Action":"cont","Package":"github.com/PRO-Robotech/kacho/internal/repohygiene","Test":"TestSubscriptionShapeAbsentAxisCanFail"}
{"Time":"2026-09-17T16:10:07.240803224+03:00","Action":"output","Package":"github.com/PRO-Robotech/kacho/internal/repohygiene","Test":"TestSubscriptionShapeAbsentAxisCanFail","Output":"=== CONT  TestSubscriptionShapeAbsentAxisCanFail\n"}
{"Time":"2026-09-17T16:10:07.240809256+03:00","Action":"run","Package":"github.com/PRO-Robotech/kacho/internal/repohygiene","Test":"TestSubscriptionShapeAxisLedgerCanFail/поле_вне_перечня_—_краснеет_и_называет_ПОЛЕ"}
{"Time":"2026-09-17T16:10:07.240813454+03:00","Action":"output","Package":"github.com/PRO-Robotech/kacho/internal/repohygiene","Test":"TestSubscriptionShapeAxisLedgerCanFail/поле_вне_перечня_—_краснеет_и_называет_ПОЛЕ","Output":"=== RUN   TestSubscriptionShapeAxisLedgerCanFail/поле_вне_перечня_—_краснеет_и_называет_ПОЛЕ\n"}
{"Time":"2026-09-17T16:10:07.240818824+03:00","Action":"cont","Package":"github.com/PRO-Robotech/kacho/internal/repohygiene","Test":"TestSubscriptionShapeUnsetOutcomeCanFail"}
{"Time":"2026-09-17T16:10:07.240824474+03:00","Action":"output","Package":"github.com/PRO-Robotech/kacho/internal/repohygiene","Test":"TestSubscriptionShapeUnsetOutcomeCanFail","Output":"=== CONT  TestSubscriptionShapeUnsetOutcomeCanFail\n"}
{"Time":"2026-09-17T16:10:07.240829874+03:00","Action":"cont","Package":"github.com/PRO-Robotech/kacho/internal/repohygiene","Test":"TestSubscriptionShapeMissingMessageCanFail"}
{"Time":"2026-09-17T16:10:07.240833962+03:00","Action":"output","Package":"github.com/PRO-Robotech/kacho/internal/repohygiene","Test":"TestSubscriptionShapeMissingMessageCanFail","Output":"=== CONT  TestSubscriptionShapeMissingMessageCanFail\n"}
{"Time":"2026-09-17T16:10:07.240839032+03:00","Action":"run","Package":"github.com/PRO-Robotech/kacho/internal/repohygiene","Test":"TestSubscriptionShapeCategoryMarkCanFail/признак_не_проставлен_—_краснеет_с_координатой"}
{"Time":"2026-09-17T16:10:07.240843099+03:00","Action":"output","Package":"github.com/PRO-Robotech/kacho/internal/repohygiene","Test":"TestSubscriptionShapeCategoryMarkCanFail/признак_не_проставлен_—_краснеет_с_координатой","Output":"=== RUN   TestSubscriptionShapeCategoryMarkCanFail/признак_не_проставлен_—_краснеет_с_координатой\n"}
{"Time":"2026-09-17T16:10:07.240928219+03:00","Action":"cont","Package":"github.com/PRO-Robotech/kacho/internal/repohygiene","Test":"TestSubscriptionShapePerimeterCanFail"}
{"Time":"2026-09-17T16:10:07.240933058+03:00","Action":"output","Package":"github.com/PRO-Robotech/kacho/internal/repohygiene","Test":"TestSubscriptionShapePerimeterCanFail","Output":"=== CONT  TestSubscriptionShapePerimeterCanFail\n"}
{"Time":"2026-09-17T16:10:07.240937517+03:00","Action":"run","Package":"github.com/PRO-Robotech/kacho/internal/repohygiene","Test":"TestSubscriptionShapeAbsentAxisCanFail/объявленная_отсутствующей_ось_ЗАВЕДЕНА_—_находка"}
{"Time":"2026-09-17T16:10:07.240940102+03:00","Action":"output","Package":"github.com/PRO-Robotech/kacho/internal/repohygiene","Test":"TestSubscriptionShapeAbsentAxisCanFail/объявленная_отсутствующей_ось_ЗАВЕДЕНА_—_находка","Output":"=== RUN   TestSubscriptionShapeAbsentAxisCanFail/объявленная_отсутствующей_ось_ЗАВЕДЕНА_—_находка\n"}
{"Time":"2026-09-17T16:10:07.241282214+03:00","Action":"run","Package":"github.com/PRO-Robotech/kacho/internal/repohygiene","Test":"TestSubscriptionShapeMissingMessageCanFail/служебного_сообщения_нет_—_находка"}
{"Time":"2026-09-17T16:10:07.241301881+03:00","Action":"output","Package":"github.com/PRO-Robotech/kacho/internal/repohygiene","Test":"TestSubscriptionShapeMissingMessageCanFail/служебного_сообщения_нет_—_находка","Output":"=== RUN   TestSubscriptionShapeMissingMessageCanFail/служебного_сообщения_нет_—_находка\n"}
{"Time":"2026-09-17T16:10:07.241312752+03:00","Action":"run","Package":"github.com/PRO-Robotech/kacho/internal/repohygiene","Test":"TestSubscriptionShapeReasonContract/CI-DT-05-lawful"}
{"Time":"2026-09-17T16:10:07.241315627+03:00","Action":"output","Package":"github.com/PRO-Robotech/kacho/internal/repohygiene","Test":"TestSubscriptionShapeReasonContract/CI-DT-05-lawful","Output":"=== RUN   TestSubscriptionShapeReasonContract/CI-DT-05-lawful\n"}
{"Time":"2026-09-17T16:10:07.241319525+03:00","Action":"output","Package":"github.com/PRO-Robotech/kacho/internal/repohygiene","Test":"TestSubscriptionShapeStandIsCleanBeforeInjection","Output":"    subscriptionformshape_injection_test.go:246: перепись: proto/corelib/subscription/subscription.proto — строк 69, типов 5 (верхнего уровня 4), полей 17 (осей 3), значений перечислений 3; утверждений проверено 44; находок 0\n"}
{"Time":"2026-09-17T16:10:07.241328461+03:00","Action":"run","Package":"github.com/PRO-Robotech/kacho/internal/repohygiene","Test":"TestSubscriptionShapeHorizonCanFail/поля_горизонта_нет_—_находка"}
{"Time":"2026-09-17T16:10:07.241331277+03:00","Action":"output","Package":"github.com/PRO-Robotech/kacho/internal/repohygiene","Test":"TestSubscriptionShapeHorizonCanFail/поля_горизонта_нет_—_находка","Output":"=== RUN   TestSubscriptionShapeHorizonCanFail/поля_горизонта_нет_—_находка\n"}
{"Time":"2026-09-17T16:10:07.241335575+03:00","Action":"output","Package":"github.com/PRO-Robotech/kacho/internal/repohygiene","Test":"TestSubscriptionShapeCategoryMarkCanFail/признак_не_проставлен_—_краснеет_с_координатой","Output":"    subscriptionformshape_injection_test.go:312: перепись: proto/corelib/subscription/subscription.proto — строк 69, типов 5 (верхнего уровня 4), полей 17 (осей 3), значений перечислений 3; утверждений проверено 44; находок 1\n"}
{"Time":"2026-09-17T16:10:07.241342037+03:00","Action":"output","Package":"github.com/PRO-Robotech/kacho/internal/repohygiene","Test":"TestSubscriptionShapeAxisLedgerCanFail/поле_вне_перечня_—_краснеет_и_называет_ПОЛЕ","Output":"    subscriptionformshape_injection_test.go:265: перепись: proto/corelib/subscription/subscription.proto — строк 72, типов 5 (верхнего уровня 4), полей 18 (осей 3), значений перечислений 3; утверждений проверено 45; находок 1\n"}
{"Time":"2026-09-17T16:10:07.241346585+03:00","Action":"output","Package":"github.com/PRO-Robotech/kacho/internal/repohygiene","Test":"TestSubscriptionShapeCategoryMarkCanFail/признак_не_проставлен_—_краснеет_с_координатой","Output":"    subscriptionformshape_injection_test.go:317: axis-without-category proto/corelib/subscription/subscription.proto:24 — у оси `project_id` не проставлен признак категории. Категорий две: ЯКОРНАЯ — по ней принимается решение о показе, и исхода «названа, но не применена» у неё не существует; УДОБСТВА — доотбор на клиенте законен. Гейт требует, чтобы признак СТОЯЛ; верен ли выбор — смысл, а не синтаксис, и решается обзором\n"}
{"Time":"2026-09-17T16:10:07.241353929+03:00","Action":"output","Package":"github.com/PRO-Robotech/kacho/internal/repohygiene","Test":"TestSubscriptionShapeAxisLedgerCanFail/поле_вне_перечня_—_краснеет_и_называет_ПОЛЕ","Output":"    subscriptionformshape_injection_test.go:270: field-outside-the-ledger proto/corelib/subscription/subscription.proto:30 — поле `label_selector` запроса подписки не значится в закрытом перечне. Ось заводится не злым умыслом — «для удобства», — и следующий заведёт вторую. Перечень закрыт: добавь поле ВМЕСТЕ с записью, называющей роль и причину, и решение станет видимым на обзоре\n"}
{"Time":"2026-09-17T16:10:07.241452865+03:00","Action":"output","Package":"github.com/PRO-Robotech/kacho/internal/repohygiene","Test":"TestSubscriptionShapeStopReasonCanFail/причина_остановки_полем_события_—_находка","Output":"    subscriptionformshape_injection_test.go:547: перепись: proto/corelib/subscription/subscription.proto — строк 70, типов 5 (верхнего уровня 4), полей 18 (осей 3), значений перечислений 3; утверждений проверено 44; находок 1\n"}
{"Time":"2026-09-17T16:10:07.241468404+03:00","Action":"output","Package":"github.com/PRO-Robotech/kacho/internal/repohygiene","Test":"TestSubscriptionShapeStandIsCleanBeforeInjection","Output":"--- PASS: TestSubscriptionShapeStandIsCleanBeforeInjection (0.00s)\n"}
{"Time":"2026-09-17T16:10:07.241471991+03:00","Action":"pass","Package":"github.com/PRO-Robotech/kacho/internal/repohygiene","Test":"TestSubscriptionShapeStandIsCleanBeforeInjection","Elapsed":0}
{"Time":"2026-09-17T16:10:07.241477341+03:00","Action":"output","Package":"github.com/PRO-Robotech/kacho/internal/repohygiene","Test":"TestSubscriptionShapeAbsentAxisCanFail/объявленная_отсутствующей_ось_ЗАВЕДЕНА_—_находка","Output":"    subscriptionformshape_injection_test.go:352: перепись: proto/corelib/subscription/subscription.proto — строк 72, типов 5 (верхнего уровня 4), полей 18 (осей 4), значений перечислений 3; утверждений проверено 47; находок 1\n"}
{"Time":"2026-09-17T16:10:07.241483072+03:00","Action":"output","Package":"github.com/PRO-Robotech/kacho/internal/repohygiene","Test":"TestSubscriptionFormShape","Output":"    subscriptionformshape_test.go:125: перепись: proto/corelib/subscription/subscription.proto — строк 480, типов 7 (верхнего уровня 4), полей 19 (осей 3), значений перечислений 12; утверждений проверено 46; находок 0\n"}
{"Time":"2026-09-17T16:10:07.241487099+03:00","Action":"output","Package":"github.com/PRO-Robotech/kacho/internal/repohygiene","Test":"TestSubscriptionFormShape","Output":"--- PASS: TestSubscriptionFormShape (0.00s)\n"}
{"Time":"2026-09-17T16:10:07.24149284+03:00","Action":"pass","Package":"github.com/PRO-Robotech/kacho/internal/repohygiene","Test":"TestSubscriptionFormShape","Elapsed":0}
{"Time":"2026-09-17T16:10:07.241495094+03:00","Action":"run","Package":"github.com/PRO-Robotech/kacho/internal/repohygiene","Test":"TestSubscriptionShapeAnchorCanFail/якоря_в_оболочке_нет_—_находка"}
{"Time":"2026-09-17T16:10:07.241497449+03:00","Action":"output","Package":"github.com/PRO-Robotech/kacho/internal/repohygiene","Test":"TestSubscriptionShapeAnchorCanFail/якоря_в_оболочке_нет_—_находка","Output":"=== RUN   TestSubscriptionShapeAnchorCanFail/якоря_в_оболочке_нет_—_находка\n"}
{"Time":"2026-09-17T16:10:07.241571718+03:00","Action":"run","Package":"github.com/PRO-Robotech/kacho/internal/repohygiene","Test":"TestSubscriptionShapeCarrierCanFail/носитель_не_ветвление_—_находка"}
{"Time":"2026-09-17T16:10:07.241574674+03:00","Action":"output","Package":"github.com/PRO-Robotech/kacho/internal/repohygiene","Test":"TestSubscriptionShapeCarrierCanFail/носитель_не_ветвление_—_находка","Output":"=== RUN   TestSubscriptionShapeCarrierCanFail/носитель_не_ветвление_—_находка\n"}
{"Time":"2026-09-17T16:10:07.241591395+03:00","Action":"output","Package":"github.com/PRO-Robotech/kacho/internal/repohygiene","Test":"TestSubscriptionShapeAxisLedgerCanFail/поле_вне_перечня_—_краснеет_и_называет_ПОЛЕ","Output":"--- PASS: TestSubscriptionShapeAxisLedgerCanFail/поле_вне_перечня_—_краснеет_и_называет_ПОЛЕ (0.00s)\n"}
{"Time":"2026-09-17T16:10:07.241596224+03:00","Action":"pass","Package":"github.com/PRO-Robotech/kacho/internal/repohygiene","Test":"TestSubscriptionShapeAxisLedgerCanFail/поле_вне_перечня_—_краснеет_и_называет_ПОЛЕ","Elapsed":0}
{"Time":"2026-09-17T16:10:07.24161012+03:00","Action":"run","Package":"github.com/PRO-Robotech/kacho/internal/repohygiene","Test":"TestSubscriptionShapeAxisLedgerCanFail/поле,_добавленное_ВМЕСТЕ_с_записью,_—_молчание"}
{"Time":"2026-09-17T16:10:07.241612906+03:00","Action":"output","Package":"github.com/PRO-Robotech/kacho/internal/repohygiene","Test":"TestSubscriptionShapeAxisLedgerCanFail/поле,_добавленное_ВМЕСТЕ_с_записью,_—_молчание","Output":"=== RUN   TestSubscriptionShapeAxisLedgerCanFail/поле,_добавленное_ВМЕСТЕ_с_записью,_—_молчание\n"}
{"Time":"2026-09-17T16:10:07.241617494+03:00","Action":"output","Package":"github.com/PRO-Robotech/kacho/internal/repohygiene","Test":"TestSubscriptionShapeCategoryMarkCanFail/признак_не_проставлен_—_краснеет_с_координатой","Output":"--- PASS: TestSubscriptionShapeCategoryMarkCanFail/признак_не_проставлен_—_краснеет_с_координатой (0.00s)\n"}
{"Time":"2026-09-17T16:10:07.241621923+03:00","Action":"pass","Package":"github.com/PRO-Robotech/kacho/internal/repohygiene","Test":"TestSubscriptionShapeCategoryMarkCanFail/признак_не_проставлен_—_краснеет_с_координатой","Elapsed":0}
{"Time":"2026-09-17T16:10:07.241638784+03:00","Action":"run","Package":"github.com/PRO-Robotech/kacho/internal/repohygiene","Test":"TestSubscriptionShapeCategoryMarkCanFail/признак_переизложен_—_молчание"}
{"Time":"2026-09-17T16:10:07.241642832+03:00","Action":"output","Package":"github.com/PRO-Robotech/kacho/internal/repohygiene","Test":"TestSubscriptionShapeCategoryMarkCanFail/признак_переизложен_—_молчание","Output":"=== RUN   TestSubscriptionShapeCategoryMarkCanFail/признак_переизложен_—_молчание\n"}
{"Time":"2026-09-17T16:10:07.241664302+03:00","Action":"run","Package":"github.com/PRO-Robotech/kacho/internal/repohygiene","Test":"TestSubscriptionShapeOwnerVocabularyCanFail/словарь_закрыт_контрактом_—_находка"}
{"Time":"2026-09-17T16:10:07.241667398+03:00","Action":"output","Package":"github.com/PRO-Robotech/kacho/internal/repohygiene","Test":"TestSubscriptionShapeOwnerVocabularyCanFail/словарь_закрыт_контрактом_—_находка","Output":"=== RUN   TestSubscriptionShapeOwnerVocabularyCanFail/словарь_закрыт_контрактом_—_находка\n"}
{"Time":"2026-09-17T16:10:07.241670905+03:00","Action":"output","Package":"github.com/PRO-Robotech/kacho/internal/repohygiene","Test":"TestSubscriptionShapeMissingMessageCanFail/служебного_сообщения_нет_—_находка","Output":"    subscriptionformshape_injection_test.go:729: missing-message proto/corelib/subscription/subscription.proto — форма обязана объявлять сообщение SubscriptionOpened, а его в контракте нет: часть утверждений ниже проверить не на чем\n"}
{"Time":"2026-09-17T16:10:07.241677086+03:00","Action":"output","Package":"github.com/PRO-Robotech/kacho/internal/repohygiene","Test":"TestSubscriptionShapeAbsentAxisCanFail/объявленная_отсутствующей_ось_ЗАВЕДЕНА_—_находка","Output":"--- PASS: TestSubscriptionShapeAbsentAxisCanFail/объявленная_отсутствующей_ось_ЗАВЕДЕНА_—_находка (0.00s)\n"}
{"Time":"2026-09-17T16:10:07.241681074+03:00","Action":"pass","Package":"github.com/PRO-Robotech/kacho/internal/repohygiene","Test":"TestSubscriptionShapeAbsentAxisCanFail/объявленная_отсутствующей_ось_ЗАВЕДЕНА_—_находка","Elapsed":0}
{"Time":"2026-09-17T16:10:07.241699729+03:00","Action":"run","Package":"github.com/PRO-Robotech/kacho/internal/repohygiene","Test":"TestSubscriptionShapeAbsentAxisCanFail/причина_отсутствия_НЕ_названа_—_находка"}
{"Time":"2026-09-17T16:10:07.241702574+03:00","Action":"output","Package":"github.com/PRO-Robotech/kacho/internal/repohygiene","Test":"TestSubscriptionShapeAbsentAxisCanFail/причина_отсутствия_НЕ_названа_—_находка","Output":"=== RUN   TestSubscriptionShapeAbsentAxisCanFail/причина_отсутствия_НЕ_названа_—_находка\n"}
{"Time":"2026-09-17T16:10:07.243584319+03:00","Action":"run","Package":"github.com/PRO-Robotech/kacho/internal/repohygiene","Test":"TestSubscriptionShapeRefusesAnEmptyRead/контракта_нет"}
{"Time":"2026-09-17T16:10:07.24360054+03:00","Action":"output","Package":"github.com/PRO-Robotech/kacho/internal/repohygiene","Test":"TestSubscriptionShapeRefusesAnEmptyRead/контракта_нет","Output":"=== RUN   TestSubscriptionShapeRefusesAnEmptyRead/контракта_нет\n"}
{"Time":"2026-09-17T16:10:07.243633492+03:00","Action":"run","Package":"github.com/PRO-Robotech/kacho/internal/repohygiene","Test":"TestSubscriptionShapeUnsetOutcomeCanFail/исход_не_назван_—_находка"}
{"Time":"2026-09-17T16:10:07.243639513+03:00","Action":"output","Package":"github.com/PRO-Robotech/kacho/internal/repohygiene","Test":"TestSubscriptionShapeUnsetOutcomeCanFail/исход_не_назван_—_находка","Output":"=== RUN   TestSubscriptionShapeUnsetOutcomeCanFail/исход_не_назван_—_находка\n"}
{"Time":"2026-09-17T16:10:07.243742937+03:00","Action":"run","Package":"github.com/PRO-Robotech/kacho/internal/repohygiene","Test":"TestSubscriptionShapePerimeterCanFail/объявлен_глагол_—_находка"}
{"Time":"2026-09-17T16:10:07.243758707+03:00","Action":"output","Package":"github.com/PRO-Robotech/kacho/internal/repohygiene","Test":"TestSubscriptionShapePerimeterCanFail/объявлен_глагол_—_находка","Output":"=== RUN   TestSubscriptionShapePerimeterCanFail/объявлен_глагол_—_находка\n"}
{"Time":"2026-09-17T16:10:07.243806146+03:00","Action":"output","Package":"github.com/PRO-Robotech/kacho/internal/repohygiene","Test":"TestSubscriptionShapeHorizonCanFail/поля_горизонта_нет_—_находка","Output":"    subscriptionformshape_injection_test.go:525: перепись: proto/corelib/subscription/subscription.proto — строк 68, типов 5 (верхнего уровня 4), полей 16 (осей 3), значений перечислений 3; утверждений проверено 44; находок 1\n"}
{"Time":"2026-09-17T16:10:07.243822497+03:00","Action":"output","Package":"github.com/PRO-Robotech/kacho/internal/repohygiene","Test":"TestSubscriptionShapeMissingMessageCanFail/служебного_сообщения_нет_—_находка","Output":"--- PASS: TestSubscriptionShapeMissingMessageCanFail/служебного_сообщения_нет_—_находка (0.00s)\n"}
{"Time":"2026-09-17T16:10:07.243972168+03:00","Action":"pass","Package":"github.com/PRO-Robotech/kacho/internal/repohygiene","Test":"TestSubscriptionShapeMissingMessageCanFail/служебного_сообщения_нет_—_находка","Elapsed":0}
{"Time":"2026-09-17T16:10:07.243980103+03:00","Action":"output","Package":"github.com/PRO-Robotech/kacho/internal/repohygiene","Test":"TestSubscriptionShapeStopReasonCanFail/причина_остановки_полем_события_—_находка","Output":"--- PASS: TestSubscriptionShapeStopReasonCanFail/причина_остановки_полем_события_—_находка (0.00s)\n"}
{"Time":"2026-09-17T16:10:07.243984832+03:00","Action":"pass","Package":"github.com/PRO-Robotech/kacho/internal/repohygiene","Test":"TestSubscriptionShapeStopReasonCanFail/причина_остановки_полем_события_—_находка","Elapsed":0}
{"Time":"2026-09-17T16:10:07.243989721+03:00","Action":"output","Package":"github.com/PRO-Robotech/kacho/internal/repohygiene","Test":"TestSubscriptionShapeReasonContract/CI-DT-05-lawful","Output":"    subscriptionreason_test.go:19: перепись: proto/corelib/subscription/subscription.proto — строк 69, типов 5 (верхнего уровня 4), полей 17 (осей 3), значений перечислений 3; утверждений проверено 44; находок 0\n"}
{"Time":"2026-09-17T16:10:07.243995071+03:00","Action":"output","Package":"github.com/PRO-Robotech/kacho/internal/repohygiene","Test":"TestSubscriptionShapeAnchorCanFail/якоря_в_оболочке_нет_—_находка","Output":"    subscriptionformshape_injection_test.go:484: перепись: proto/corelib/subscription/subscription.proto — строк 68, типов 5 (верхнего уровня 4), полей 16 (осей 3), значений перечислений 3; утверждений проверено 44; находок 1\n"}
{"Time":"2026-09-17T16:10:07.244000231+03:00","Action":"run","Package":"github.com/PRO-Robotech/kacho/internal/repohygiene","Test":"TestSubscriptionShapeStopReasonCanFail/то_же_имя_ВНУТРИ_вложенного_сообщения_—_молчание"}
{"Time":"2026-09-17T16:10:07.244002605+03:00","Action":"output","Package":"github.com/PRO-Robotech/kacho/internal/repohygiene","Test":"TestSubscriptionShapeStopReasonCanFail/то_же_имя_ВНУТРИ_вложенного_сообщения_—_молчание","Output":"=== RUN   TestSubscriptionShapeStopReasonCanFail/то_же_имя_ВНУТРИ_вложенного_сообщения_—_молчание\n"}
{"Time":"2026-09-17T16:10:07.244006803+03:00","Action":"output","Package":"github.com/PRO-Robotech/kacho/internal/repohygiene","Test":"TestSubscriptionShapeAxisLedgerCanFail/поле,_добавленное_ВМЕСТЕ_с_записью,_—_молчание","Output":"    subscriptionformshape_injection_test.go:282: перепись: proto/corelib/subscription/subscription.proto — строк 72, типов 5 (верхнего уровня 4), полей 18 (осей 4), значений перечислений 3; утверждений проверено 48; находок 0\n"}
{"Time":"2026-09-17T16:10:07.244013125+03:00","Action":"run","Package":"github.com/PRO-Robotech/kacho/internal/repohygiene","Test":"TestSubscriptionShapeMissingMessageCanFail/все_три_сообщения_на_месте,_порядок_другой_—_молчание"}
{"Time":"2026-09-17T16:10:07.24401555+03:00","Action":"output","Package":"github.com/PRO-Robotech/kacho/internal/repohygiene","Test":"TestSubscriptionShapeMissingMessageCanFail/все_три_сообщения_на_месте,_порядок_другой_—_молчание","Output":"=== RUN   TestSubscriptionShapeMissingMessageCanFail/все_три_сообщения_на_месте,_порядок_другой_—_молчание\n"}
{"Time":"2026-09-17T16:10:07.244041929+03:00","Action":"output","Package":"github.com/PRO-Robotech/kacho/internal/repohygiene","Test":"TestSubscriptionShapeReasonContract/CI-DT-05-lawful","Output":"    subscriptionreason_test.go:20: законная форма:\n"}
{"Time":"2026-09-17T16:10:07.244045526+03:00","Action":"output","Package":"github.com/PRO-Robotech/kacho/internal/repohygiene","Test":"TestSubscriptionShapeReasonContract/CI-DT-05-lawful","Output":"        syntax = \"proto3\";\n"}
{"Time":"2026-09-17T16:10:07.244049323+03:00","Action":"output","Package":"github.com/PRO-Robotech/kacho/internal/repohygiene","Test":"TestSubscriptionShapeReasonContract/CI-DT-05-lawful","Output":"        \n"}
{"Time":"2026-09-17T16:10:07.244051758+03:00","Action":"output","Package":"github.com/PRO-Robotech/kacho/internal/repohygiene","Test":"TestSubscriptionShapeReasonContract/CI-DT-05-lawful","Output":"        package corelib.subscription;\n"}
{"Time":"2026-09-17T16:10:07.244054122+03:00","Action":"output","Package":"github.com/PRO-Robotech/kacho/internal/repohygiene","Test":"TestSubscriptionShapeReasonContract/CI-DT-05-lawful","Output":"        \n"}
{"Time":"2026-09-17T16:10:07.244056527+03:00","Action":"output","Package":"github.com/PRO-Robotech/kacho/internal/repohygiene","Test":"TestSubscriptionShapeReasonContract/CI-DT-05-lawful","Output":"        import \"google/protobuf/any.proto\";\n"}
{"Time":"2026-09-17T16:10:07.244059001+03:00","Action":"output","Package":"github.com/PRO-Robotech/kacho/internal/repohygiene","Test":"TestSubscriptionShapeReasonContract/CI-DT-05-lawful","Output":"        \n"}
{"Time":"2026-09-17T16:10:07.244062528+03:00","Action":"output","Package":"github.com/PRO-Robotech/kacho/internal/repohygiene","Test":"TestSubscriptionShapeReasonContract/CI-DT-05-lawful","Output":"        // SubscriptionAnchor — якорь начала.\n"}
{"Time":"2026-09-17T16:10:07.244064872+03:00","Action":"output","Package":"github.com/PRO-Robotech/kacho/internal/repohygiene","Test":"TestSubscriptionShapeReasonContract/CI-DT-05-lawful","Output":"        enum SubscriptionAnchor {\n"}
{"Time":"2026-09-17T16:10:07.244067066+03:00","Action":"output","Package":"github.com/PRO-Robotech/kacho/internal/repohygiene","Test":"TestSubscriptionShapeReasonContract/CI-DT-05-lawful","Output":"          SUBSCRIPTION_ANCHOR_UNSPECIFIED = 0;\n"}
{"Time":"2026-09-17T16:10:07.244069521+03:00","Action":"output","Package":"github.com/PRO-Robotech/kacho/internal/repohygiene","Test":"TestSubscriptionShapeReasonContract/CI-DT-05-lawful","Output":"          BEGINNING = 1;\n"}
{"Time":"2026-09-17T16:10:07.244072697+03:00","Action":"output","Package":"github.com/PRO-Robotech/kacho/internal/repohygiene","Test":"TestSubscriptionShapeReasonContract/CI-DT-05-lawful","Output":"          CURRENT_END = 2;\n"}
{"Time":"2026-09-17T16:10:07.244074871+03:00","Action":"output","Package":"github.com/PRO-Robotech/kacho/internal/repohygiene","Test":"TestSubscriptionShapeReasonContract/CI-DT-05-lawful","Output":"        }\n"}
{"Time":"2026-09-17T16:10:07.244076995+03:00","Action":"output","Package":"github.com/PRO-Robotech/kacho/internal/repohygiene","Test":"TestSubscriptionShapeReasonContract/CI-DT-05-lawful","Output":"        \n"}
{"Time":"2026-09-17T16:10:07.244079339+03:00","Action":"output","Package":"github.com/PRO-Robotech/kacho/internal/repohygiene","Test":"TestSubscriptionShapeReasonContract/CI-DT-05-lawful","Output":"        // SubscriptionRequest — запрос подписки.\n"}
{"Time":"2026-09-17T16:10:07.244081694+03:00","Action":"output","Package":"github.com/PRO-Robotech/kacho/internal/repohygiene","Test":"TestSubscriptionShapeReasonContract/CI-DT-05-lawful","Output":"        //\n"}
{"Time":"2026-09-17T16:10:07.244084309+03:00","Action":"output","Package":"github.com/PRO-Robotech/kacho/internal/repohygiene","Test":"TestSubscriptionShapeReasonContract/CI-DT-05-lawful","Output":"        // ИМЯ сюда не берётся: оно мутабельно, и подписка по нему молча перестанет\n"}
{"Time":"2026-09-17T16:10:07.244088216+03:00","Action":"output","Package":"github.com/PRO-Robotech/kacho/internal/repohygiene","Test":"TestSubscriptionShapeReasonContract/CI-DT-05-lawful","Output":"        // совпадать. МЕТКИ сюда не берутся: они мутабельны, и выход из выборки\n"}
{"Time":"2026-09-17T16:10:07.244091091+03:00","Action":"output","Package":"github.com/PRO-Robotech/kacho/internal/repohygiene","Test":"TestSubscriptionShapeReasonContract/CI-DT-05-lawful","Output":"        // неотличим от удаления.\n"}
{"Time":"2026-09-17T16:10:07.244093556+03:00","Action":"output","Package":"github.com/PRO-Robotech/kacho/internal/repohygiene","Test":"TestSubscriptionShapeReasonContract/CI-DT-05-lawful","Output":"        message SubscriptionRequest {\n"}
{"Time":"2026-09-17T16:10:07.244100529+03:00","Action":"output","Package":"github.com/PRO-Robotech/kacho/internal/repohygiene","Test":"TestSubscriptionShapeReasonContract/CI-DT-05-lawful","Output":"          // kinds — виды предметов. Категория: УДОБСТВА.\n"}
{"Time":"2026-09-17T16:10:07.244103204+03:00","Action":"output","Package":"github.com/PRO-Robotech/kacho/internal/repohygiene","Test":"TestSubscriptionShapeReasonContract/CI-DT-05-lawful","Output":"          repeated string kinds = 1;\n"}
{"Time":"2026-09-17T16:10:07.244105358+03:00","Action":"output","Package":"github.com/PRO-Robotech/kacho/internal/repohygiene","Test":"TestSubscriptionShapeReasonContract/CI-DT-05-lawful","Output":"        \n"}
{"Time":"2026-09-17T16:10:07.244107633+03:00","Action":"output","Package":"github.com/PRO-Robotech/kacho/internal/repohygiene","Test":"TestSubscriptionShapeReasonContract/CI-DT-05-lawful","Output":"          // project_id — проект. Категория: ЯКОРНАЯ.\n"}
{"Time":"2026-09-17T16:10:07.24411152+03:00","Action":"output","Package":"github.com/PRO-Robotech/kacho/internal/repohygiene","Test":"TestSubscriptionShapeReasonContract/CI-DT-05-lawful","Output":"          string project_id = 2;\n"}
{"Time":"2026-09-17T16:10:07.244114015+03:00","Action":"output","Package":"github.com/PRO-Robotech/kacho/internal/repohygiene","Test":"TestSubscriptionShapeReasonContract/CI-DT-05-lawful","Output":"        \n"}
{"Time":"2026-09-17T16:10:07.244116299+03:00","Action":"output","Package":"github.com/PRO-Robotech/kacho/internal/repohygiene","Test":"TestSubscriptionShapeReasonContract/CI-DT-05-lawful","Output":"          // ids — идентификаторы. Категория: УДОБСТВА.\n"}
{"Time":"2026-09-17T16:10:07.244118713+03:00","Action":"output","Package":"github.com/PRO-Robotech/kacho/internal/repohygiene","Test":"TestSubscriptionShapeReasonContract/CI-DT-05-lawful","Output":"          repeated string ids = 3;\n"}
{"Time":"2026-09-17T16:10:07.244120998+03:00","Action":"output","Package":"github.com/PRO-Robotech/kacho/internal/repohygiene","Test":"TestSubscriptionShapeReasonContract/CI-DT-05-lawful","Output":"          // start — с какого места отдавать.\n"}
{"Time":"2026-09-17T16:10:07.244123542+03:00","Action":"output","Package":"github.com/PRO-Robotech/kacho/internal/repohygiene","Test":"TestSubscriptionShapeReasonContract/CI-DT-05-lawful","Output":"          //\n"}
{"Time":"2026-09-17T16:10:07.244125787+03:00","Action":"output","Package":"github.com/PRO-Robotech/kacho/internal/repohygiene","Test":"TestSubscriptionShapeReasonContract/CI-DT-05-lawful","Output":"          // ИСХОД НЕЗАДАННОГО НАЗВАН: start не задан означает ровно CURRENT_END.\n"}
{"Time":"2026-09-17T16:10:07.244131217+03:00","Action":"output","Package":"github.com/PRO-Robotech/kacho/internal/repohygiene","Test":"TestSubscriptionShapeReasonContract/CI-DT-05-lawful","Output":"          oneof start {\n"}
{"Time":"2026-09-17T16:10:07.244133501+03:00","Action":"output","Package":"github.com/PRO-Robotech/kacho/internal/repohygiene","Test":"TestSubscriptionShapeReasonContract/CI-DT-05-lawful","Output":"            // anchor — назвать место словом.\n"}
{"Time":"2026-09-17T16:10:07.244135886+03:00","Action":"output","Package":"github.com/PRO-Robotech/kacho/internal/repohygiene","Test":"TestSubscriptionShapeReasonContract/CI-DT-05-lawful","Output":"            SubscriptionAnchor anchor = 10;\n"}
{"Time":"2026-09-17T16:10:07.244140104+03:00","Action":"output","Package":"github.com/PRO-Robotech/kacho/internal/repohygiene","Test":"TestSubscriptionShapeReasonContract/CI-DT-05-lawful","Output":"            // position — непрозрачный токен.\n"}
{"Time":"2026-09-17T16:10:07.244142578+03:00","Action":"output","Package":"github.com/PRO-Robotech/kacho/internal/repohygiene","Test":"TestSubscriptionShapeReasonContract/CI-DT-05-lawful","Output":"            string position = 11;\n"}
{"Time":"2026-09-17T16:10:07.244145153+03:00","Action":"output","Package":"github.com/PRO-Robotech/kacho/internal/repohygiene","Test":"TestSubscriptionShapeReasonContract/CI-DT-05-lawful","Output":"          }\n"}
{"Time":"2026-09-17T16:10:07.244147528+03:00","Action":"output","Package":"github.com/PRO-Robotech/kacho/internal/repohygiene","Test":"TestSubscriptionShapeReasonContract/CI-DT-05-lawful","Output":"        }\n"}
{"Time":"2026-09-17T16:10:07.244149852+03:00","Action":"output","Package":"github.com/PRO-Robotech/kacho/internal/repohygiene","Test":"TestSubscriptionShapeReasonContract/CI-DT-05-lawful","Output":"        \n"}
{"Time":"2026-09-17T16:10:07.244152236+03:00","Action":"output","Package":"github.com/PRO-Robotech/kacho/internal/repohygiene","Test":"TestSubscriptionShapeReasonContract/CI-DT-05-lawful","Output":"        // SubscriptionOpened — служебное первое сообщение.\n"}
{"Time":"2026-09-17T16:10:07.244155022+03:00","Action":"output","Package":"github.com/PRO-Robotech/kacho/internal/repohygiene","Test":"TestSubscriptionShapeReasonContract/CI-DT-05-lawful","Output":"        message SubscriptionOpened {\n"}
{"Time":"2026-09-17T16:10:07.244157396+03:00","Action":"output","Package":"github.com/PRO-Robotech/kacho/internal/repohygiene","Test":"TestSubscriptionShapeReasonContract/CI-DT-05-lawful","Output":"          string position = 1;\n"}
{"Time":"2026-09-17T16:10:07.24415954+03:00","Action":"output","Package":"github.com/PRO-Robotech/kacho/internal/repohygiene","Test":"TestSubscriptionShapeReasonContract/CI-DT-05-lawful","Output":"          bool caught_up = 2;\n"}
{"Time":"2026-09-17T16:10:07.244161734+03:00","Action":"output","Package":"github.com/PRO-Robotech/kacho/internal/repohygiene","Test":"TestSubscriptionShapeReasonContract/CI-DT-05-lawful","Output":"          repeated string honored_filters = 3;\n"}
{"Time":"2026-09-17T16:10:07.244163958+03:00","Action":"output","Package":"github.com/PRO-Robotech/kacho/internal/repohygiene","Test":"TestSubscriptionShapeReasonContract/CI-DT-05-lawful","Output":"          string earliest_resumable_position = 4;\n"}
{"Time":"2026-09-17T16:10:07.244166142+03:00","Action":"output","Package":"github.com/PRO-Robotech/kacho/internal/repohygiene","Test":"TestSubscriptionShapeReasonContract/CI-DT-05-lawful","Output":"          bool retains_everything = 5;\n"}
{"Time":"2026-09-17T16:10:07.244168627+03:00","Action":"output","Package":"github.com/PRO-Robotech/kacho/internal/repohygiene","Test":"TestSubscriptionShapeReasonContract/CI-DT-05-lawful","Output":"        }\n"}
{"Time":"2026-09-17T16:10:07.244170751+03:00","Action":"output","Package":"github.com/PRO-Robotech/kacho/internal/repohygiene","Test":"TestSubscriptionShapeReasonContract/CI-DT-05-lawful","Output":"        \n"}
{"Time":"2026-09-17T16:10:07.24417534+03:00","Action":"output","Package":"github.com/PRO-Robotech/kacho/internal/repohygiene","Test":"TestSubscriptionShapeReasonContract/CI-DT-05-lawful","Output":"        // SubscriptionEvent — оболочка события.\n"}
{"Time":"2026-09-17T16:10:07.244178446+03:00","Action":"output","Package":"github.com/PRO-Robotech/kacho/internal/repohygiene","Test":"TestSubscriptionShapeReasonContract/CI-DT-05-lawful","Output":"        message SubscriptionEvent {\n"}
{"Time":"2026-09-17T16:10:07.24418057+03:00","Action":"output","Package":"github.com/PRO-Robotech/kacho/internal/repohygiene","Test":"TestSubscriptionShapeReasonContract/CI-DT-05-lawful","Output":"          // StateUnavailable — вторая ветвь носителя.\n"}
{"Time":"2026-09-17T16:10:07.244182944+03:00","Action":"output","Package":"github.com/PRO-Robotech/kacho/internal/repohygiene","Test":"TestSubscriptionShapeReasonContract/CI-DT-05-lawful","Output":"          message StateUnavailable {\n"}
{"Time":"2026-09-17T16:10:07.244185238+03:00","Action":"output","Package":"github.com/PRO-Robotech/kacho/internal/repohygiene","Test":"TestSubscriptionShapeReasonContract/CI-DT-05-lawful","Output":"            // reason — почему состояния нет. Это НЕ причина остановки потока.\n"}
{"Time":"2026-09-17T16:10:07.244188224+03:00","Action":"output","Package":"github.com/PRO-Robotech/kacho/internal/repohygiene","Test":"TestSubscriptionShapeReasonContract/CI-DT-05-lawful","Output":"            string reason = 1;\n"}
{"Time":"2026-09-17T16:10:07.244190398+03:00","Action":"output","Package":"github.com/PRO-Robotech/kacho/internal/repohygiene","Test":"TestSubscriptionShapeReasonContract/CI-DT-05-lawful","Output":"          }\n"}
{"Time":"2026-09-17T16:10:07.244192502+03:00","Action":"output","Package":"github.com/PRO-Robotech/kacho/internal/repohygiene","Test":"TestSubscriptionShapeReasonContract/CI-DT-05-lawful","Output":"        \n"}
{"Time":"2026-09-17T16:10:07.244197+03:00","Action":"output","Package":"github.com/PRO-Robotech/kacho/internal/repohygiene","Test":"TestSubscriptionShapeReasonContract/CI-DT-05-lawful","Output":"          string position = 1;\n"}
{"Time":"2026-09-17T16:10:07.244199205+03:00","Action":"output","Package":"github.com/PRO-Robotech/kacho/internal/repohygiene","Test":"TestSubscriptionShapeReasonContract/CI-DT-05-lawful","Output":"          string kind = 2;\n"}
{"Time":"2026-09-17T16:10:07.244201359+03:00","Action":"output","Package":"github.com/PRO-Robotech/kacho/internal/repohygiene","Test":"TestSubscriptionShapeReasonContract/CI-DT-05-lawful","Output":"          string resource_id = 3;\n"}
{"Time":"2026-09-17T16:10:07.244203573+03:00","Action":"output","Package":"github.com/PRO-Robotech/kacho/internal/repohygiene","Test":"TestSubscriptionShapeReasonContract/CI-DT-05-lawful","Output":"          // project_id — авторизуемый якорь, поле ОБОЛОЧКИ.\n"}
{"Time":"2026-09-17T16:10:07.24420716+03:00","Action":"output","Package":"github.com/PRO-Robotech/kacho/internal/repohygiene","Test":"TestSubscriptionShapeReasonContract/CI-DT-05-lawful","Output":"          string project_id = 4;\n"}
{"Time":"2026-09-17T16:10:07.244209374+03:00","Action":"output","Package":"github.com/PRO-Robotech/kacho/internal/repohygiene","Test":"TestSubscriptionShapeReasonContract/CI-DT-05-lawful","Output":"        \n"}
{"Time":"2026-09-17T16:10:07.244211528+03:00","Action":"output","Package":"github.com/PRO-Robotech/kacho/internal/repohygiene","Test":"TestSubscriptionShapeReasonContract/CI-DT-05-lawful","Output":"          oneof carrier {\n"}
{"Time":"2026-09-17T16:10:07.244215846+03:00","Action":"output","Package":"github.com/PRO-Robotech/kacho/internal/repohygiene","Test":"TestSubscriptionShapeReasonContract/CI-DT-05-lawful","Output":"            google.protobuf.Any state = 10;\n"}
{"Time":"2026-09-17T16:10:07.24421801+03:00","Action":"output","Package":"github.com/PRO-Robotech/kacho/internal/repohygiene","Test":"TestSubscriptionShapeReasonContract/CI-DT-05-lawful","Output":"            StateUnavailable state_unavailable = 11;\n"}
{"Time":"2026-09-17T16:10:07.244220094+03:00","Action":"output","Package":"github.com/PRO-Robotech/kacho/internal/repohygiene","Test":"TestSubscriptionShapeReasonContract/CI-DT-05-lawful","Output":"          }\n"}
{"Time":"2026-09-17T16:10:07.24422341+03:00","Action":"output","Package":"github.com/PRO-Robotech/kacho/internal/repohygiene","Test":"TestSubscriptionShapeReasonContract/CI-DT-05-lawful","Output":"        }\n"}
{"Time":"2026-09-17T16:10:07.244227508+03:00","Action":"output","Package":"github.com/PRO-Robotech/kacho/internal/repohygiene","Test":"TestSubscriptionShapeReasonContract/CI-DT-05-lawful","Output":"        \n"}
{"Time":"2026-09-17T16:10:07.244230243+03:00","Action":"output","Package":"github.com/PRO-Robotech/kacho/internal/repohygiene","Test":"TestSubscriptionShapeReasonContract/CI-DT-05-lawful","Output":"        \n"}
{"Time":"2026-09-17T16:10:07.244233409+03:00","Action":"output","Package":"github.com/PRO-Robotech/kacho/internal/repohygiene","Test":"TestSubscriptionShapeRefusesAnEmptyRead/контракта_нет","Output":"--- PASS: TestSubscriptionShapeRefusesAnEmptyRead/контракта_нет (0.00s)\n"}
{"Time":"2026-09-17T16:10:07.244236154+03:00","Action":"pass","Package":"github.com/PRO-Robotech/kacho/internal/repohygiene","Test":"TestSubscriptionShapeRefusesAnEmptyRead/контракта_нет","Elapsed":0}
{"Time":"2026-09-17T16:10:07.244447822+03:00","Action":"output","Package":"github.com/PRO-Robotech/kacho/internal/repohygiene","Test":"TestSubscriptionShapeHorizonCanFail/поля_горизонта_нет_—_находка","Output":"--- PASS: TestSubscriptionShapeHorizonCanFail/поля_горизонта_нет_—_находка (0.00s)\n"}
{"Time":"2026-09-17T16:10:07.244458462+03:00","Action":"pass","Package":"github.com/PRO-Robotech/kacho/internal/repohygiene","Test":"TestSubscriptionShapeHorizonCanFail/поля_горизонта_нет_—_находка","Elapsed":0}
{"Time":"2026-09-17T16:10:07.244464002+03:00","Action":"run","Package":"github.com/PRO-Robotech/kacho/internal/repohygiene","Test":"TestSubscriptionShapeRefusesAnEmptyRead/файл_есть,_объявлений_нет"}
{"Time":"2026-09-17T16:10:07.244466888+03:00","Action":"output","Package":"github.com/PRO-Robotech/kacho/internal/repohygiene","Test":"TestSubscriptionShapeRefusesAnEmptyRead/файл_есть,_объявлений_нет","Output":"=== RUN   TestSubscriptionShapeRefusesAnEmptyRead/файл_есть,_объявлений_нет\n"}
{"Time":"2026-09-17T16:10:07.244491063+03:00","Action":"run","Package":"github.com/PRO-Robotech/kacho/internal/repohygiene","Test":"TestSubscriptionShapeHorizonCanFail/поля_горизонта_на_месте,_порядок_другой_—_молчание"}
{"Time":"2026-09-17T16:10:07.244494519+03:00","Action":"output","Package":"github.com/PRO-Robotech/kacho/internal/repohygiene","Test":"TestSubscriptionShapeHorizonCanFail/поля_горизонта_на_месте,_порядок_другой_—_молчание","Output":"=== RUN   TestSubscriptionShapeHorizonCanFail/поля_горизонта_на_месте,_порядок_другой_—_молчание\n"}
{"Time":"2026-09-17T16:10:07.244501332+03:00","Action":"output","Package":"github.com/PRO-Robotech/kacho/internal/repohygiene","Test":"TestSubscriptionShapeCategoryMarkCanFail/признак_переизложен_—_молчание","Output":"    subscriptionformshape_injection_test.go:330: перепись: proto/corelib/subscription/subscription.proto — строк 72, типов 5 (верхнего уровня 4), полей 17 (осей 3), значений перечислений 3; утверждений проверено 44; находок 0\n"}
{"Time":"2026-09-17T16:10:07.244541167+03:00","Action":"output","Package":"github.com/PRO-Robotech/kacho/internal/repohygiene","Test":"TestSubscriptionShapeCarrierCanFail/носитель_не_ветвление_—_находка","Output":"    subscriptionformshape_injection_test.go:428: перепись: proto/corelib/subscription/subscription.proto — строк 67, типов 5 (верхнего уровня 4), полей 17 (осей 3), значений перечислений 3; утверждений проверено 41; находок 1\n"}
{"Time":"2026-09-17T16:10:07.244577115+03:00","Action":"output","Package":"github.com/PRO-Robotech/kacho/internal/repohygiene","Test":"TestSubscriptionShapeOwnerVocabularyCanFail/словарь_закрыт_контрактом_—_находка","Output":"    subscriptionformshape_injection_test.go:611: перепись: proto/corelib/subscription/subscription.proto — строк 75, типов 6 (верхнего уровня 5), полей 17 (осей 3), значений перечислений 5; утверждений проверено 44; находок 1\n"}
{"Time":"2026-09-17T16:10:07.244593385+03:00","Action":"output","Package":"github.com/PRO-Robotech/kacho/internal/repohygiene","Test":"TestSubscriptionShapeUnsetOutcomeCanFail/исход_не_назван_—_находка","Output":"    subscriptionformshape_injection_test.go:385: перепись: proto/corelib/subscription/subscription.proto — строк 69, типов 5 (верхнего уровня 4), полей 17 (осей 3), значений перечислений 3; утверждений проверено 44; находок 1\n"}
{"Time":"2026-09-17T16:10:07.244634713+03:00","Action":"output","Package":"github.com/PRO-Robotech/kacho/internal/repohygiene","Test":"TestSubscriptionShapeAbsentAxisCanFail/причина_отсутствия_НЕ_названа_—_находка","Output":"    subscriptionformshape_injection_test.go:359: перепись: proto/corelib/subscription/subscription.proto — строк 65, типов 5 (верхнего уровня 4), полей 17 (осей 3), значений перечислений 3; утверждений проверено 44; находок 2\n"}
{"Time":"2026-09-17T16:10:07.244651765+03:00","Action":"output","Package":"github.com/PRO-Robotech/kacho/internal/repohygiene","Test":"TestSubscriptionShapeAbsentAxisCanFail/причина_отсутствия_НЕ_названа_—_находка","Output":"    subscriptionformshape_injection_test.go:361: absent-axis-unexplained proto/corelib/subscription/subscription.proto:15 — ось `name` в форме отсутствует, но контракт об этом молчит: слова «ИМЯ» в описании запроса нет. Поле без записанной причины отсутствия заводит следующий «для удобства», и он будет прав по-своему — возразить ему будет нечем\n"}
{"Time":"2026-09-17T16:10:07.244691439+03:00","Action":"output","Package":"github.com/PRO-Robotech/kacho/internal/repohygiene","Test":"TestSubscriptionShapeAnchorCanFail/якоря_в_оболочке_нет_—_находка","Output":"--- PASS: TestSubscriptionShapeAnchorCanFail/якоря_в_оболочке_нет_—_находка (0.00s)\n"}
{"Time":"2026-09-17T16:10:07.244699986+03:00","Action":"pass","Package":"github.com/PRO-Robotech/kacho/internal/repohygiene","Test":"TestSubscriptionShapeAnchorCanFail/якоря_в_оболочке_нет_—_находка","Elapsed":0}
{"Time":"2026-09-17T16:10:07.244725003+03:00","Action":"output","Package":"github.com/PRO-Robotech/kacho/internal/repohygiene","Test":"TestSubscriptionShapeAxisLedgerCanFail/поле,_добавленное_ВМЕСТЕ_с_записью,_—_молчание","Output":"--- PASS: TestSubscriptionShapeAxisLedgerCanFail/поле,_добавленное_ВМЕСТЕ_с_записью,_—_молчание (0.00s)\n"}
{"Time":"2026-09-17T16:10:07.244732116+03:00","Action":"pass","Package":"github.com/PRO-Robotech/kacho/internal/repohygiene","Test":"TestSubscriptionShapeAxisLedgerCanFail/поле,_добавленное_ВМЕСТЕ_с_записью,_—_молчание","Elapsed":0}
{"Time":"2026-09-17T16:10:07.244736975+03:00","Action":"output","Package":"github.com/PRO-Robotech/kacho/internal/repohygiene","Test":"TestSubscriptionShapePerimeterCanFail/объявлен_глагол_—_находка","Output":"    subscriptionformshape_injection_test.go:571: перепись: proto/corelib/subscription/subscription.proto — строк 71, типов 5 (верхнего уровня 4), полей 17 (осей 3), значений перечислений 3; утверждений проверено 44; находок 1\n"}
{"Time":"2026-09-17T16:10:07.244742155+03:00","Action":"run","Package":"github.com/PRO-Robotech/kacho/internal/repohygiene","Test":"TestSubscriptionShapeAnchorCanFail/якорь_ветвью_ветвления_—_находка"}
{"Time":"2026-09-17T16:10:07.244744609+03:00","Action":"output","Package":"github.com/PRO-Robotech/kacho/internal/repohygiene","Test":"TestSubscriptionShapeAnchorCanFail/якорь_ветвью_ветвления_—_находка","Output":"=== RUN   TestSubscriptionShapeAnchorCanFail/якорь_ветвью_ветвления_—_находка\n"}
{"Time":"2026-09-17T16:10:07.244750541+03:00","Action":"run","Package":"github.com/PRO-Robotech/kacho/internal/repohygiene","Test":"TestSubscriptionShapeAxisLedgerCanFail/запись,_которой_нечего_исключать,_—_находка"}
{"Time":"2026-09-17T16:10:07.244752985+03:00","Action":"output","Package":"github.com/PRO-Robotech/kacho/internal/repohygiene","Test":"TestSubscriptionShapeAxisLedgerCanFail/запись,_которой_нечего_исключать,_—_находка","Output":"=== RUN   TestSubscriptionShapeAxisLedgerCanFail/запись,_которой_нечего_исключать,_—_находка\n"}
{"Time":"2026-09-17T16:10:07.244908367+03:00","Action":"output","Package":"github.com/PRO-Robotech/kacho/internal/repohygiene","Test":"TestSubscriptionShapeCarrierCanFail/носитель_не_ветвление_—_находка","Output":"--- PASS: TestSubscriptionShapeCarrierCanFail/носитель_не_ветвление_—_находка (0.00s)\n"}
{"Time":"2026-09-17T16:10:07.244912645+03:00","Action":"pass","Package":"github.com/PRO-Robotech/kacho/internal/repohygiene","Test":"TestSubscriptionShapeCarrierCanFail/носитель_не_ветвление_—_находка","Elapsed":0}
{"Time":"2026-09-17T16:10:07.244917114+03:00","Action":"output","Package":"github.com/PRO-Robotech/kacho/internal/repohygiene","Test":"TestSubscriptionShapeStopReasonCanFail/то_же_имя_ВНУТРИ_вложенного_сообщения_—_молчание","Output":"    subscriptionformshape_injection_test.go:560: перепись: proto/corelib/subscription/subscription.proto — строк 71, типов 5 (верхнего уровня 4), полей 18 (осей 3), значений перечислений 3; утверждений проверено 44; находок 0\n"}
{"Time":"2026-09-17T16:10:07.244923375+03:00","Action":"run","Package":"github.com/PRO-Robotech/kacho/internal/repohygiene","Test":"TestSubscriptionShapeCarrierCanFail/ветвей_три_—_находка"}
{"Time":"2026-09-17T16:10:07.24492579+03:00","Action":"output","Package":"github.com/PRO-Robotech/kacho/internal/repohygiene","Test":"TestSubscriptionShapeCarrierCanFail/ветвей_три_—_находка","Output":"=== RUN   TestSubscriptionShapeCarrierCanFail/ветвей_три_—_находка\n"}
{"Time":"2026-09-17T16:10:07.244928856+03:00","Action":"output","Package":"github.com/PRO-Robotech/kacho/internal/repohygiene","Test":"TestSubscriptionShapeCategoryMarkCanFail/признак_переизложен_—_молчание","Output":"--- PASS: TestSubscriptionShapeCategoryMarkCanFail/признак_переизложен_—_молчание (0.00s)\n"}
{"Time":"2026-09-17T16:10:07.244935909+03:00","Action":"pass","Package":"github.com/PRO-Robotech/kacho/internal/repohygiene","Test":"TestSubscriptionShapeCategoryMarkCanFail/признак_переизложен_—_молчание","Elapsed":0}
{"Time":"2026-09-17T16:10:07.244938624+03:00","Action":"output","Package":"github.com/PRO-Robotech/kacho/internal/repohygiene","Test":"TestSubscriptionShapeCategoryMarkCanFail","Output":"--- PASS: TestSubscriptionShapeCategoryMarkCanFail (0.00s)\n"}
{"Time":"2026-09-17T16:10:07.244941119+03:00","Action":"pass","Package":"github.com/PRO-Robotech/kacho/internal/repohygiene","Test":"TestSubscriptionShapeCategoryMarkCanFail","Elapsed":0}
{"Time":"2026-09-17T16:10:07.244943734+03:00","Action":"output","Package":"github.com/PRO-Robotech/kacho/internal/repohygiene","Test":"TestSubscriptionShapeHorizonCanFail/поля_горизонта_на_месте,_порядок_другой_—_молчание","Output":"    subscriptionformshape_injection_test.go:536: перепись: proto/corelib/subscription/subscription.proto — строк 69, типов 5 (верхнего уровня 4), полей 17 (осей 3), значений перечислений 3; утверждений проверено 44; находок 0\n"}
{"Time":"2026-09-17T16:10:07.244973389+03:00","Action":"output","Package":"github.com/PRO-Robotech/kacho/internal/repohygiene","Test":"TestSubscriptionShapeReasonContract/CI-DT-05-lawful","Output":"--- PASS: TestSubscriptionShapeReasonContract/CI-DT-05-lawful (0.00s)\n"}
{"Time":"2026-09-17T16:10:07.244982667+03:00","Action":"pass","Package":"github.com/PRO-Robotech/kacho/internal/repohygiene","Test":"TestSubscriptionShapeReasonContract/CI-DT-05-lawful","Elapsed":0}
{"Time":"2026-09-17T16:10:07.244988458+03:00","Action":"output","Package":"github.com/PRO-Robotech/kacho/internal/repohygiene","Test":"TestSubscriptionShapeUnsetOutcomeCanFail/исход_не_назван_—_находка","Output":"--- PASS: TestSubscriptionShapeUnsetOutcomeCanFail/исход_не_назван_—_находка (0.00s)\n"}
{"Time":"2026-09-17T16:10:07.244993297+03:00","Action":"pass","Package":"github.com/PRO-Robotech/kacho/internal/repohygiene","Test":"TestSubscriptionShapeUnsetOutcomeCanFail/исход_не_назван_—_находка","Elapsed":0}
{"Time":"2026-09-17T16:10:07.244999538+03:00","Action":"run","Package":"github.com/PRO-Robotech/kacho/internal/repohygiene","Test":"TestSubscriptionShapeReasonContract/CI-DT-03-without-oneof"}
{"Time":"2026-09-17T16:10:07.245002734+03:00","Action":"output","Package":"github.com/PRO-Robotech/kacho/internal/repohygiene","Test":"TestSubscriptionShapeReasonContract/CI-DT-03-without-oneof","Output":"=== RUN   TestSubscriptionShapeReasonContract/CI-DT-03-without-oneof\n"}
{"Time":"2026-09-17T16:10:07.245006171+03:00","Action":"run","Package":"github.com/PRO-Robotech/kacho/internal/repohygiene","Test":"TestSubscriptionShapeUnsetOutcomeCanFail/исход_назван,_но_не_называет_объявленного_значения_—_находка"}
{"Time":"2026-09-17T16:10:07.245008686+03:00","Action":"output","Package":"github.com/PRO-Robotech/kacho/internal/repohygiene","Test":"TestSubscriptionShapeUnsetOutcomeCanFail/исход_назван,_но_не_называет_объявленного_значения_—_находка","Output":"=== RUN   TestSubscriptionShapeUnsetOutcomeCanFail/исход_назван,_но_не_называет_объявленного_значения_—_находка\n"}
{"Time":"2026-09-17T16:10:07.245016069+03:00","Action":"output","Package":"github.com/PRO-Robotech/kacho/internal/repohygiene","Test":"TestSubscriptionShapeAbsentAxisCanFail/причина_отсутствия_НЕ_названа_—_находка","Output":"--- PASS: TestSubscriptionShapeAbsentAxisCanFail/причина_отсутствия_НЕ_названа_—_находка (0.00s)\n"}
{"Time":"2026-09-17T16:10:07.245019456+03:00","Action":"pass","Package":"github.com/PRO-Robotech/kacho/internal/repohygiene","Test":"TestSubscriptionShapeAbsentAxisCanFail/причина_отсутствия_НЕ_названа_—_находка","Elapsed":0}
{"Time":"2026-09-17T16:10:07.245023353+03:00","Action":"run","Package":"github.com/PRO-Robotech/kacho/internal/repohygiene","Test":"TestSubscriptionShapeAbsentAxisCanFail/причина_переизложена_—_молчание"}
{"Time":"2026-09-17T16:10:07.245025447+03:00","Action":"output","Package":"github.com/PRO-Robotech/kacho/internal/repohygiene","Test":"TestSubscriptionShapeAbsentAxisCanFail/причина_переизложена_—_молчание","Output":"=== RUN   TestSubscriptionShapeAbsentAxisCanFail/причина_переизложена_—_молчание\n"}
{"Time":"2026-09-17T16:10:07.245031278+03:00","Action":"output","Package":"github.com/PRO-Robotech/kacho/internal/repohygiene","Test":"TestSubscriptionShapeOwnerVocabularyCanFail/словарь_закрыт_контрактом_—_находка","Output":"--- PASS: TestSubscriptionShapeOwnerVocabularyCanFail/словарь_закрыт_контрактом_—_находка (0.00s)\n"}
{"Time":"2026-09-17T16:10:07.245047198+03:00","Action":"pass","Package":"github.com/PRO-Robotech/kacho/internal/repohygiene","Test":"TestSubscriptionShapeOwnerVocabularyCanFail/словарь_закрыт_контрактом_—_находка","Elapsed":0}
{"Time":"2026-09-17T16:10:07.245066554+03:00","Action":"run","Package":"github.com/PRO-Robotech/kacho/internal/repohygiene","Test":"TestSubscriptionShapeOwnerVocabularyCanFail/перечисление_рядом,_но_ось_строковая_—_молчание"}
{"Time":"2026-09-17T16:10:07.24506962+03:00","Action":"output","Package":"github.com/PRO-Robotech/kacho/internal/repohygiene","Test":"TestSubscriptionShapeOwnerVocabularyCanFail/перечисление_рядом,_но_ось_строковая_—_молчание","Output":"=== RUN   TestSubscriptionShapeOwnerVocabularyCanFail/перечисление_рядом,_но_ось_строковая_—_молчание\n"}
{"Time":"2026-09-17T16:10:07.245099877+03:00","Action":"output","Package":"github.com/PRO-Robotech/kacho/internal/repohygiene","Test":"TestSubscriptionShapeRefusesAnEmptyRead/файл_есть,_объявлений_нет","Output":"--- PASS: TestSubscriptionShapeRefusesAnEmptyRead/файл_есть,_объявлений_нет (0.00s)\n"}
{"Time":"2026-09-17T16:10:07.245103303+03:00","Action":"pass","Package":"github.com/PRO-Robotech/kacho/internal/repohygiene","Test":"TestSubscriptionShapeRefusesAnEmptyRead/файл_есть,_объявлений_нет","Elapsed":0}
{"Time":"2026-09-17T16:10:07.24510689+03:00","Action":"output","Package":"github.com/PRO-Robotech/kacho/internal/repohygiene","Test":"TestSubscriptionShapeAxisLedgerCanFail/запись,_которой_нечего_исключать,_—_находка","Output":"    subscriptionformshape_injection_test.go:289: перепись: proto/corelib/subscription/subscription.proto — строк 69, типов 5 (верхнего уровня 4), полей 17 (осей 3), значений перечислений 3; утверждений проверено 46; находок 1\n"}
{"Time":"2026-09-17T16:10:07.245112451+03:00","Action":"run","Package":"github.com/PRO-Robotech/kacho/internal/repohygiene","Test":"TestSubscriptionShapeRefusesAnEmptyRead/судится_не_тот_файл"}
{"Time":"2026-09-17T16:10:07.245114855+03:00","Action":"output","Package":"github.com/PRO-Robotech/kacho/internal/repohygiene","Test":"TestSubscriptionShapeRefusesAnEmptyRead/судится_не_тот_файл","Output":"=== RUN   TestSubscriptionShapeRefusesAnEmptyRead/судится_не_тот_файл\n"}
{"Time":"2026-09-17T16:10:07.245133771+03:00","Action":"output","Package":"github.com/PRO-Robotech/kacho/internal/repohygiene","Test":"TestSubscriptionShapePerimeterCanFail/объявлен_глагол_—_находка","Output":"--- PASS: TestSubscriptionShapePerimeterCanFail/объявлен_глагол_—_находка (0.00s)\n"}
{"Time":"2026-09-17T16:10:07.245137908+03:00","Action":"pass","Package":"github.com/PRO-Robotech/kacho/internal/repohygiene","Test":"TestSubscriptionShapePerimeterCanFail/объявлен_глагол_—_находка","Elapsed":0}
{"Time":"2026-09-17T16:10:07.245159128+03:00","Action":"run","Package":"github.com/PRO-Robotech/kacho/internal/repohygiene","Test":"TestSubscriptionShapePerimeterCanFail/слова_`service`_и_`rpc`_В_ПРОЗЕ_—_молчание"}
{"Time":"2026-09-17T16:10:07.245161924+03:00","Action":"output","Package":"github.com/PRO-Robotech/kacho/internal/repohygiene","Test":"TestSubscriptionShapePerimeterCanFail/слова_`service`_и_`rpc`_В_ПРОЗЕ_—_молчание","Output":"=== RUN   TestSubscriptionShapePerimeterCanFail/слова_`service`_и_`rpc`_В_ПРОЗЕ_—_молчание\n"}
{"Time":"2026-09-17T16:10:07.245260098+03:00","Action":"output","Package":"github.com/PRO-Robotech/kacho/internal/repohygiene","Test":"TestSubscriptionShapeAnchorCanFail/якорь_ветвью_ветвления_—_находка","Output":"    subscriptionformshape_injection_test.go:495: перепись: proto/corelib/subscription/subscription.proto — строк 69, типов 5 (верхнего уровня 4), полей 17 (осей 3), значений перечислений 3; утверждений проверено 44; находок 2\n"}
{"Time":"2026-09-17T16:10:07.245329568+03:00","Action":"output","Package":"github.com/PRO-Robotech/kacho/internal/repohygiene","Test":"TestSubscriptionShapeCarrierCanFail/ветвей_три_—_находка","Output":"    subscriptionformshape_injection_test.go:437: перепись: proto/corelib/subscription/subscription.proto — строк 70, типов 5 (верхнего уровня 4), полей 18 (осей 3), значений перечислений 3; утверждений проверено 44; находок 1\n"}
{"Time":"2026-09-17T16:10:07.245412645+03:00","Action":"output","Package":"github.com/PRO-Robotech/kacho/internal/repohygiene","Test":"TestSubscriptionShapeUnsetOutcomeCanFail/исход_назван,_но_не_называет_объявленного_значения_—_находка","Output":"    subscriptionformshape_injection_test.go:397: перепись: proto/corelib/subscription/subscription.proto — строк 69, типов 5 (верхнего уровня 4), полей 17 (осей 3), значений перечислений 3; утверждений проверено 44; находок 1\n"}
{"Time":"2026-09-17T16:10:07.245470774+03:00","Action":"output","Package":"github.com/PRO-Robotech/kacho/internal/repohygiene","Test":"TestSubscriptionShapeStopReasonCanFail/то_же_имя_ВНУТРИ_вложенного_сообщения_—_молчание","Output":"--- PASS: TestSubscriptionShapeStopReasonCanFail/то_же_имя_ВНУТРИ_вложенного_сообщения_—_молчание (0.00s)\n"}
{"Time":"2026-09-17T16:10:07.245481033+03:00","Action":"pass","Package":"github.com/PRO-Robotech/kacho/internal/repohygiene","Test":"TestSubscriptionShapeStopReasonCanFail/то_же_имя_ВНУТРИ_вложенного_сообщения_—_молчание","Elapsed":0}
{"Time":"2026-09-17T16:10:07.245486624+03:00","Action":"output","Package":"github.com/PRO-Robotech/kacho/internal/repohygiene","Test":"TestSubscriptionShapeStopReasonCanFail","Output":"--- PASS: TestSubscriptionShapeStopReasonCanFail (0.00s)\n"}
{"Time":"2026-09-17T16:10:07.245507212+03:00","Action":"pass","Package":"github.com/PRO-Robotech/kacho/internal/repohygiene","Test":"TestSubscriptionShapeStopReasonCanFail","Elapsed":0}
{"Time":"2026-09-17T16:10:07.245510468+03:00","Action":"output","Package":"github.com/PRO-Robotech/kacho/internal/repohygiene","Test":"TestSubscriptionShapeHorizonCanFail/поля_горизонта_на_месте,_порядок_другой_—_молчание","Output":"--- PASS: TestSubscriptionShapeHorizonCanFail/поля_горизонта_на_месте,_порядок_другой_—_молчание (0.00s)\n"}
{"Time":"2026-09-17T16:10:07.245514496+03:00","Action":"pass","Package":"github.com/PRO-Robotech/kacho/internal/repohygiene","Test":"TestSubscriptionShapeHorizonCanFail/поля_горизонта_на_месте,_порядок_другой_—_молчание","Elapsed":0}
{"Time":"2026-09-17T16:10:07.245518213+03:00","Action":"output","Package":"github.com/PRO-Robotech/kacho/internal/repohygiene","Test":"TestSubscriptionShapeHorizonCanFail","Output":"--- PASS: TestSubscriptionShapeHorizonCanFail (0.00s)\n"}
{"Time":"2026-09-17T16:10:07.245549411+03:00","Action":"pass","Package":"github.com/PRO-Robotech/kacho/internal/repohygiene","Test":"TestSubscriptionShapeHorizonCanFail","Elapsed":0}
{"Time":"2026-09-17T16:10:07.245555763+03:00","Action":"output","Package":"github.com/PRO-Robotech/kacho/internal/repohygiene","Test":"TestSubscriptionShapeCarrierCanFail/ветвей_три_—_находка","Output":"--- PASS: TestSubscriptionShapeCarrierCanFail/ветвей_три_—_находка (0.00s)\n"}
{"Time":"2026-09-17T16:10:07.245560412+03:00","Action":"pass","Package":"github.com/PRO-Robotech/kacho/internal/repohygiene","Test":"TestSubscriptionShapeCarrierCanFail/ветвей_три_—_находка","Elapsed":0}
{"Time":"2026-09-17T16:10:07.24556443+03:00","Action":"output","Package":"github.com/PRO-Robotech/kacho/internal/repohygiene","Test":"TestSubscriptionShapeReasonContract/CI-DT-03-without-oneof","Output":"    subscriptionreason_test.go:70: перепись: proto/corelib/subscription/subscription.proto — строк 67, типов 5 (верхнего уровня 4), полей 17 (осей 3), значений перечислений 3; утверждений проверено 41; находок 1\n"}
{"Time":"2026-09-17T16:10:07.245568708+03:00","Action":"run","Package":"github.com/PRO-Robotech/kacho/internal/repohygiene","Test":"TestSubscriptionShapeCarrierCanFail/состояние_свободной_структурой_—_находка"}
{"Time":"2026-09-17T16:10:07.24557498+03:00","Action":"output","Package":"github.com/PRO-Robotech/kacho/internal/repohygiene","Test":"TestSubscriptionShapeCarrierCanFail/состояние_свободной_структурой_—_находка","Output":"=== RUN   TestSubscriptionShapeCarrierCanFail/состояние_свободной_структурой_—_находка\n"}
{"Time":"2026-09-17T16:10:07.245578827+03:00","Action":"output","Package":"github.com/PRO-Robotech/kacho/internal/repohygiene","Test":"TestSubscriptionShapeMissingMessageCanFail/все_три_сообщения_на_месте,_порядок_другой_—_молчание","Output":"--- PASS: TestSubscriptionShapeMissingMessageCanFail/все_три_сообщения_на_месте,_порядок_другой_—_молчание (0.00s)\n"}
{"Time":"2026-09-17T16:10:07.245582383+03:00","Action":"pass","Package":"github.com/PRO-Robotech/kacho/internal/repohygiene","Test":"TestSubscriptionShapeMissingMessageCanFail/все_три_сообщения_на_месте,_порядок_другой_—_молчание","Elapsed":0}
{"Time":"2026-09-17T16:10:07.245586341+03:00","Action":"output","Package":"github.com/PRO-Robotech/kacho/internal/repohygiene","Test":"TestSubscriptionShapeReasonContract/CI-DT-03-without-oneof","Output":"    subscriptionreason_test.go:71: дефектная форма:\n"}
{"Time":"2026-09-17T16:10:07.245590619+03:00","Action":"output","Package":"github.com/PRO-Robotech/kacho/internal/repohygiene","Test":"TestSubscriptionShapeReasonContract/CI-DT-03-without-oneof","Output":"        syntax = \"proto3\";\n"}
{"Time":"2026-09-17T16:10:07.245594907+03:00","Action":"output","Package":"github.com/PRO-Robotech/kacho/internal/repohygiene","Test":"TestSubscriptionShapeReasonContract/CI-DT-03-without-oneof","Output":"        \n"}
{"Time":"2026-09-17T16:10:07.245597412+03:00","Action":"output","Package":"github.com/PRO-Robotech/kacho/internal/repohygiene","Test":"TestSubscriptionShapeReasonContract/CI-DT-03-without-oneof","Output":"        package corelib.subscription;\n"}
{"Time":"2026-09-17T16:10:07.245599706+03:00","Action":"output","Package":"github.com/PRO-Robotech/kacho/internal/repohygiene","Test":"TestSubscriptionShapeReasonContract/CI-DT-03-without-oneof","Output":"        \n"}
{"Time":"2026-09-17T16:10:07.245602631+03:00","Action":"output","Package":"github.com/PRO-Robotech/kacho/internal/repohygiene","Test":"TestSubscriptionShapeAxisLedgerCanFail/запись,_которой_нечего_исключать,_—_находка","Output":"--- PASS: TestSubscriptionShapeAxisLedgerCanFail/запись,_которой_нечего_исключать,_—_находка (0.00s)\n"}
{"Time":"2026-09-17T16:10:07.245608683+03:00","Action":"pass","Package":"github.com/PRO-Robotech/kacho/internal/repohygiene","Test":"TestSubscriptionShapeAxisLedgerCanFail/запись,_которой_нечего_исключать,_—_находка","Elapsed":0}
{"Time":"2026-09-17T16:10:07.245611097+03:00","Action":"output","Package":"github.com/PRO-Robotech/kacho/internal/repohygiene","Test":"TestSubscriptionShapeReasonContract/CI-DT-03-without-oneof","Output":"        import \"google/protobuf/any.proto\";\n"}
{"Time":"2026-09-17T16:10:07.245614263+03:00","Action":"output","Package":"github.com/PRO-Robotech/kacho/internal/repohygiene","Test":"TestSubscriptionShapeReasonContract/CI-DT-03-without-oneof","Output":"        \n"}
{"Time":"2026-09-17T16:10:07.245616457+03:00","Action":"output","Package":"github.com/PRO-Robotech/kacho/internal/repohygiene","Test":"TestSubscriptionShapeReasonContract/CI-DT-03-without-oneof","Output":"        // SubscriptionAnchor — якорь начала.\n"}
{"Time":"2026-09-17T16:10:07.245618922+03:00","Action":"output","Package":"github.com/PRO-Robotech/kacho/internal/repohygiene","Test":"TestSubscriptionShapeReasonContract/CI-DT-03-without-oneof","Output":"        enum SubscriptionAnchor {\n"}
{"Time":"2026-09-17T16:10:07.245621146+03:00","Action":"output","Package":"github.com/PRO-Robotech/kacho/internal/repohygiene","Test":"TestSubscriptionShapeReasonContract/CI-DT-03-without-oneof","Output":"          SUBSCRIPTION_ANCHOR_UNSPECIFIED = 0;\n"}
{"Time":"2026-09-17T16:10:07.245623581+03:00","Action":"output","Package":"github.com/PRO-Robotech/kacho/internal/repohygiene","Test":"TestSubscriptionShapeReasonContract/CI-DT-03-without-oneof","Output":"          BEGINNING = 1;\n"}
{"Time":"2026-09-17T16:10:07.245634672+03:00","Action":"output","Package":"github.com/PRO-Robotech/kacho/internal/repohygiene","Test":"TestSubscriptionShapeOwnerVocabularyCanFail/перечисление_рядом,_но_ось_строковая_—_молчание","Output":"    subscriptionformshape_injection_test.go:621: перепись: proto/corelib/subscription/subscription.proto — строк 75, типов 6 (верхнего уровня 5), полей 17 (осей 3), значений перечислений 5; утверждений проверено 44; находок 0\n"}
{"Time":"2026-09-17T16:10:07.245639691+03:00","Action":"output","Package":"github.com/PRO-Robotech/kacho/internal/repohygiene","Test":"TestSubscriptionShapeReasonContract/CI-DT-03-without-oneof","Output":"          CURRENT_END = 2;\n"}
{"Time":"2026-09-17T16:10:07.245643809+03:00","Action":"output","Package":"github.com/PRO-Robotech/kacho/internal/repohygiene","Test":"TestSubscriptionShapeReasonContract/CI-DT-03-without-oneof","Output":"        }\n"}
{"Time":"2026-09-17T16:10:07.245645933+03:00","Action":"output","Package":"github.com/PRO-Robotech/kacho/internal/repohygiene","Test":"TestSubscriptionShapeReasonContract/CI-DT-03-without-oneof","Output":"        \n"}
{"Time":"2026-09-17T16:10:07.245648057+03:00","Action":"output","Package":"github.com/PRO-Robotech/kacho/internal/repohygiene","Test":"TestSubscriptionShapeReasonContract/CI-DT-03-without-oneof","Output":"        // SubscriptionRequest — запрос подписки.\n"}
{"Time":"2026-09-17T16:10:07.245652455+03:00","Action":"output","Package":"github.com/PRO-Robotech/kacho/internal/repohygiene","Test":"TestSubscriptionShapeAbsentAxisCanFail/причина_переизложена_—_молчание","Output":"    subscriptionformshape_injection_test.go:373: перепись: proto/corelib/subscription/subscription.proto — строк 70, типов 5 (верхнего уровня 4), полей 17 (осей 3), значений перечислений 3; утверждений проверено 44; находок 0\n"}
{"Time":"2026-09-17T16:10:07.245657785+03:00","Action":"output","Package":"github.com/PRO-Robotech/kacho/internal/repohygiene","Test":"TestSubscriptionShapeAnchorCanFail/якорь_ветвью_ветвления_—_находка","Output":"--- PASS: TestSubscriptionShapeAnchorCanFail/якорь_ветвью_ветвления_—_находка (0.00s)\n"}
{"Time":"2026-09-17T16:10:07.245662364+03:00","Action":"pass","Package":"github.com/PRO-Robotech/kacho/internal/repohygiene","Test":"TestSubscriptionShapeAnchorCanFail/якорь_ветвью_ветвления_—_находка","Elapsed":0}
{"Time":"2026-09-17T16:10:07.245666281+03:00","Action":"output","Package":"github.com/PRO-Robotech/kacho/internal/repohygiene","Test":"TestSubscriptionShapeReasonContract/CI-DT-03-without-oneof","Output":"        //\n"}
{"Time":"2026-09-17T16:10:07.245669207+03:00","Action":"output","Package":"github.com/PRO-Robotech/kacho/internal/repohygiene","Test":"TestSubscriptionShapeUnsetOutcomeCanFail/исход_назван,_но_не_называет_объявленного_значения_—_находка","Output":"--- PASS: TestSubscriptionShapeUnsetOutcomeCanFail/исход_назван,_но_не_называет_объявленного_значения_—_находка (0.00s)\n"}
{"Time":"2026-09-17T16:10:07.245673495+03:00","Action":"pass","Package":"github.com/PRO-Robotech/kacho/internal/repohygiene","Test":"TestSubscriptionShapeUnsetOutcomeCanFail/исход_назван,_но_не_называет_объявленного_значения_—_находка","Elapsed":0}
{"Time":"2026-09-17T16:10:07.2456765+03:00","Action":"output","Package":"github.com/PRO-Robotech/kacho/internal/repohygiene","Test":"TestSubscriptionShapeReasonContract/CI-DT-03-without-oneof","Output":"        // ИМЯ сюда не берётся: оно мутабельно, и подписка по нему молча перестанет\n"}
{"Time":"2026-09-17T16:10:07.245679636+03:00","Action":"output","Package":"github.com/PRO-Robotech/kacho/internal/repohygiene","Test":"TestSubscriptionShapeReasonContract/CI-DT-03-without-oneof","Output":"        // совпадать. МЕТКИ сюда не берутся: они мутабельны, и выход из выборки\n"}
{"Time":"2026-09-17T16:10:07.245682902+03:00","Action":"output","Package":"github.com/PRO-Robotech/kacho/internal/repohygiene","Test":"TestSubscriptionShapeReasonContract/CI-DT-03-without-oneof","Output":"        // неотличим от удаления.\n"}
{"Time":"2026-09-17T16:10:07.245694875+03:00","Action":"output","Package":"github.com/PRO-Robotech/kacho/internal/repohygiene","Test":"TestSubscriptionShapeReasonContract/CI-DT-03-without-oneof","Output":"        message SubscriptionRequest {\n"}
{"Time":"2026-09-17T16:10:07.245697149+03:00","Action":"output","Package":"github.com/PRO-Robotech/kacho/internal/repohygiene","Test":"TestSubscriptionShapeReasonContract/CI-DT-03-without-oneof","Output":"          // kinds — виды предметов. Категория: УДОБСТВА.\n"}
{"Time":"2026-09-17T16:10:07.245701567+03:00","Action":"output","Package":"github.com/PRO-Robotech/kacho/internal/repohygiene","Test":"TestSubscriptionShapeReasonContract/CI-DT-03-without-oneof","Output":"          repeated string kinds = 1;\n"}
{"Time":"2026-09-17T16:10:07.245703791+03:00","Action":"output","Package":"github.com/PRO-Robotech/kacho/internal/repohygiene","Test":"TestSubscriptionShapeReasonContract/CI-DT-03-without-oneof","Output":"        \n"}
{"Time":"2026-09-17T16:10:07.245706376+03:00","Action":"output","Package":"github.com/PRO-Robotech/kacho/internal/repohygiene","Test":"TestSubscriptionShapeReasonContract/CI-DT-03-without-oneof","Output":"          // project_id — проект. Категория: ЯКОРНАЯ.\n"}
{"Time":"2026-09-17T16:10:07.245709392+03:00","Action":"output","Package":"github.com/PRO-Robotech/kacho/internal/repohygiene","Test":"TestSubscriptionShapeReasonContract/CI-DT-03-without-oneof","Output":"          string project_id = 2;\n"}
{"Time":"2026-09-17T16:10:07.245711666+03:00","Action":"output","Package":"github.com/PRO-Robotech/kacho/internal/repohygiene","Test":"TestSubscriptionShapeReasonContract/CI-DT-03-without-oneof","Output":"        \n"}
{"Time":"2026-09-17T16:10:07.245716014+03:00","Action":"output","Package":"github.com/PRO-Robotech/kacho/internal/repohygiene","Test":"TestSubscriptionShapeReasonContract/CI-DT-03-without-oneof","Output":"          // ids — идентификаторы. Категория: УДОБСТВА.\n"}
{"Time":"2026-09-17T16:10:07.245718509+03:00","Action":"output","Package":"github.com/PRO-Robotech/kacho/internal/repohygiene","Test":"TestSubscriptionShapeReasonContract/CI-DT-03-without-oneof","Output":"          repeated string ids = 3;\n"}
{"Time":"2026-09-17T16:10:07.245720864+03:00","Action":"output","Package":"github.com/PRO-Robotech/kacho/internal/repohygiene","Test":"TestSubscriptionShapeReasonContract/CI-DT-03-without-oneof","Output":"          // start — с какого места отдавать.\n"}
{"Time":"2026-09-17T16:10:07.245723138+03:00","Action":"output","Package":"github.com/PRO-Robotech/kacho/internal/repohygiene","Test":"TestSubscriptionShapeReasonContract/CI-DT-03-without-oneof","Output":"          //\n"}
{"Time":"2026-09-17T16:10:07.2457298+03:00","Action":"output","Package":"github.com/PRO-Robotech/kacho/internal/repohygiene","Test":"TestSubscriptionShapeReasonContract/CI-DT-03-without-oneof","Output":"          // ИСХОД НЕЗАДАННОГО НАЗВАН: start не задан означает ровно CURRENT_END.\n"}
{"Time":"2026-09-17T16:10:07.245732495+03:00","Action":"output","Package":"github.com/PRO-Robotech/kacho/internal/repohygiene","Test":"TestSubscriptionShapeReasonContract/CI-DT-03-without-oneof","Output":"          oneof start {\n"}
{"Time":"2026-09-17T16:10:07.245734589+03:00","Action":"output","Package":"github.com/PRO-Robotech/kacho/internal/repohygiene","Test":"TestSubscriptionShapeReasonContract/CI-DT-03-without-oneof","Output":"            // anchor — назвать место словом.\n"}
{"Time":"2026-09-17T16:10:07.245736874+03:00","Action":"output","Package":"github.com/PRO-Robotech/kacho/internal/repohygiene","Test":"TestSubscriptionShapeReasonContract/CI-DT-03-without-oneof","Output":"            SubscriptionAnchor anchor = 10;\n"}
{"Time":"2026-09-17T16:10:07.245743566+03:00","Action":"output","Package":"github.com/PRO-Robotech/kacho/internal/repohygiene","Test":"TestSubscriptionShapeReasonContract/CI-DT-03-without-oneof","Output":"            // position — непрозрачный токен.\n"}
{"Time":"2026-09-17T16:10:07.245745931+03:00","Action":"output","Package":"github.com/PRO-Robotech/kacho/internal/repohygiene","Test":"TestSubscriptionShapeReasonContract/CI-DT-03-without-oneof","Output":"            string position = 11;\n"}
{"Time":"2026-09-17T16:10:07.245748055+03:00","Action":"output","Package":"github.com/PRO-Robotech/kacho/internal/repohygiene","Test":"TestSubscriptionShapeReasonContract/CI-DT-03-without-oneof","Output":"          }\n"}
{"Time":"2026-09-17T16:10:07.245750139+03:00","Action":"output","Package":"github.com/PRO-Robotech/kacho/internal/repohygiene","Test":"TestSubscriptionShapeReasonContract/CI-DT-03-without-oneof","Output":"        }\n"}
{"Time":"2026-09-17T16:10:07.245755088+03:00","Action":"output","Package":"github.com/PRO-Robotech/kacho/internal/repohygiene","Test":"TestSubscriptionShapeReasonContract/CI-DT-03-without-oneof","Output":"        \n"}
{"Time":"2026-09-17T16:10:07.245757332+03:00","Action":"output","Package":"github.com/PRO-Robotech/kacho/internal/repohygiene","Test":"TestSubscriptionShapeReasonContract/CI-DT-03-without-oneof","Output":"        // SubscriptionOpened — служебное первое сообщение.\n"}
{"Time":"2026-09-17T16:10:07.245760318+03:00","Action":"output","Package":"github.com/PRO-Robotech/kacho/internal/repohygiene","Test":"TestSubscriptionShapeReasonContract/CI-DT-03-without-oneof","Output":"        message SubscriptionOpened {\n"}
{"Time":"2026-09-17T16:10:07.245764726+03:00","Action":"output","Package":"github.com/PRO-Robotech/kacho/internal/repohygiene","Test":"TestSubscriptionShapeReasonContract/CI-DT-03-without-oneof","Output":"          string position = 1;\n"}
{"Time":"2026-09-17T16:10:07.245768062+03:00","Action":"output","Package":"github.com/PRO-Robotech/kacho/internal/repohygiene","Test":"TestSubscriptionShapeReasonContract/CI-DT-03-without-oneof","Output":"          bool caught_up = 2;\n"}
{"Time":"2026-09-17T16:10:07.245770146+03:00","Action":"output","Package":"github.com/PRO-Robotech/kacho/internal/repohygiene","Test":"TestSubscriptionShapeReasonContract/CI-DT-03-without-oneof","Output":"          repeated string honored_filters = 3;\n"}
{"Time":"2026-09-17T16:10:07.24577229+03:00","Action":"output","Package":"github.com/PRO-Robotech/kacho/internal/repohygiene","Test":"TestSubscriptionShapeReasonContract/CI-DT-03-without-oneof","Output":"          string earliest_resumable_position = 4;\n"}
{"Time":"2026-09-17T16:10:07.245774494+03:00","Action":"output","Package":"github.com/PRO-Robotech/kacho/internal/repohygiene","Test":"TestSubscriptionShapeReasonContract/CI-DT-03-without-oneof","Output":"          bool retains_everything = 5;\n"}
{"Time":"2026-09-17T16:10:07.245776628+03:00","Action":"output","Package":"github.com/PRO-Robotech/kacho/internal/repohygiene","Test":"TestSubscriptionShapeReasonContract/CI-DT-03-without-oneof","Output":"        }\n"}
{"Time":"2026-09-17T16:10:07.245778943+03:00","Action":"output","Package":"github.com/PRO-Robotech/kacho/internal/repohygiene","Test":"TestSubscriptionShapeReasonContract/CI-DT-03-without-oneof","Output":"        \n"}
{"Time":"2026-09-17T16:10:07.245781237+03:00","Action":"output","Package":"github.com/PRO-Robotech/kacho/internal/repohygiene","Test":"TestSubscriptionShapeReasonContract/CI-DT-03-without-oneof","Output":"        // SubscriptionEvent — оболочка события.\n"}
{"Time":"2026-09-17T16:10:07.245783501+03:00","Action":"output","Package":"github.com/PRO-Robotech/kacho/internal/repohygiene","Test":"TestSubscriptionShapeReasonContract/CI-DT-03-without-oneof","Output":"        message SubscriptionEvent {\n"}
{"Time":"2026-09-17T16:10:07.245785595+03:00","Action":"output","Package":"github.com/PRO-Robotech/kacho/internal/repohygiene","Test":"TestSubscriptionShapeReasonContract/CI-DT-03-without-oneof","Output":"          // StateUnavailable — вторая ветвь носителя.\n"}
{"Time":"2026-09-17T16:10:07.245787889+03:00","Action":"output","Package":"github.com/PRO-Robotech/kacho/internal/repohygiene","Test":"TestSubscriptionShapeReasonContract/CI-DT-03-without-oneof","Output":"          message StateUnavailable {\n"}
{"Time":"2026-09-17T16:10:07.245790044+03:00","Action":"output","Package":"github.com/PRO-Robotech/kacho/internal/repohygiene","Test":"TestSubscriptionShapeReasonContract/CI-DT-03-without-oneof","Output":"            // reason — почему состояния нет. Это НЕ причина остановки потока.\n"}
{"Time":"2026-09-17T16:10:07.245795434+03:00","Action":"output","Package":"github.com/PRO-Robotech/kacho/internal/repohygiene","Test":"TestSubscriptionShapeReasonContract/CI-DT-03-without-oneof","Output":"            string reason = 1;\n"}
{"Time":"2026-09-17T16:10:07.245797528+03:00","Action":"output","Package":"github.com/PRO-Robotech/kacho/internal/repohygiene","Test":"TestSubscriptionShapeReasonContract/CI-DT-03-without-oneof","Output":"          }\n"}
{"Time":"2026-09-17T16:10:07.245799531+03:00","Action":"output","Package":"github.com/PRO-Robotech/kacho/internal/repohygiene","Test":"TestSubscriptionShapeReasonContract/CI-DT-03-without-oneof","Output":"        \n"}
{"Time":"2026-09-17T16:10:07.245801625+03:00","Action":"output","Package":"github.com/PRO-Robotech/kacho/internal/repohygiene","Test":"TestSubscriptionShapeReasonContract/CI-DT-03-without-oneof","Output":"          string position = 1;\n"}
{"Time":"2026-09-17T16:10:07.245804962+03:00","Action":"output","Package":"github.com/PRO-Robotech/kacho/internal/repohygiene","Test":"TestSubscriptionShapeReasonContract/CI-DT-03-without-oneof","Output":"          string kind = 2;\n"}
{"Time":"2026-09-17T16:10:07.245807035+03:00","Action":"output","Package":"github.com/PRO-Robotech/kacho/internal/repohygiene","Test":"TestSubscriptionShapeReasonContract/CI-DT-03-without-oneof","Output":"          string resource_id = 3;\n"}
{"Time":"2026-09-17T16:10:07.245809129+03:00","Action":"output","Package":"github.com/PRO-Robotech/kacho/internal/repohygiene","Test":"TestSubscriptionShapeReasonContract/CI-DT-03-without-oneof","Output":"          // project_id — авторизуемый якорь, поле ОБОЛОЧКИ.\n"}
{"Time":"2026-09-17T16:10:07.245811564+03:00","Action":"output","Package":"github.com/PRO-Robotech/kacho/internal/repohygiene","Test":"TestSubscriptionShapeReasonContract/CI-DT-03-without-oneof","Output":"          string project_id = 4;\n"}
{"Time":"2026-09-17T16:10:07.245813748+03:00","Action":"output","Package":"github.com/PRO-Robotech/kacho/internal/repohygiene","Test":"TestSubscriptionShapeReasonContract/CI-DT-03-without-oneof","Output":"        \n"}
{"Time":"2026-09-17T16:10:07.245815792+03:00","Action":"output","Package":"github.com/PRO-Robotech/kacho/internal/repohygiene","Test":"TestSubscriptionShapeReasonContract/CI-DT-03-without-oneof","Output":"          google.protobuf.Any state = 10;\n"}
{"Time":"2026-09-17T16:10:07.245820681+03:00","Action":"output","Package":"github.com/PRO-Robotech/kacho/internal/repohygiene","Test":"TestSubscriptionShapeReasonContract/CI-DT-03-without-oneof","Output":"          StateUnavailable state_unavailable = 11;\n"}
{"Time":"2026-09-17T16:10:07.245822815+03:00","Action":"output","Package":"github.com/PRO-Robotech/kacho/internal/repohygiene","Test":"TestSubscriptionShapeReasonContract/CI-DT-03-without-oneof","Output":"        }\n"}
{"Time":"2026-09-17T16:10:07.245824809+03:00","Action":"output","Package":"github.com/PRO-Robotech/kacho/internal/repohygiene","Test":"TestSubscriptionShapeReasonContract/CI-DT-03-without-oneof","Output":"        \n"}
{"Time":"2026-09-17T16:10:07.245827063+03:00","Action":"output","Package":"github.com/PRO-Robotech/kacho/internal/repohygiene","Test":"TestSubscriptionShapeReasonContract/CI-DT-03-without-oneof","Output":"        \n"}
{"Time":"2026-09-17T16:10:07.245829788+03:00","Action":"output","Package":"github.com/PRO-Robotech/kacho/internal/repohygiene","Test":"TestSubscriptionShapePerimeterCanFail/слова_`service`_и_`rpc`_В_ПРОЗЕ_—_молчание","Output":"    subscriptionformshape_injection_test.go:583: перепись: proto/corelib/subscription/subscription.proto — строк 71, типов 5 (верхнего уровня 4), полей 17 (осей 3), значений перечислений 3; утверждений проверено 44; находок 0\n"}
{"Time":"2026-09-17T16:10:07.245835449+03:00","Action":"output","Package":"github.com/PRO-Robotech/kacho/internal/repohygiene","Test":"TestSubscriptionShapeMissingMessageCanFail","Output":"--- PASS: TestSubscriptionShapeMissingMessageCanFail (0.00s)\n"}
{"Time":"2026-09-17T16:10:07.245837793+03:00","Action":"pass","Package":"github.com/PRO-Robotech/kacho/internal/repohygiene","Test":"TestSubscriptionShapeMissingMessageCanFail","Elapsed":0}
{"Time":"2026-09-17T16:10:07.245840148+03:00","Action":"run","Package":"github.com/PRO-Robotech/kacho/internal/repohygiene","Test":"TestSubscriptionShapeAxisLedgerCanFail/запись_без_причины_—_находка"}
{"Time":"2026-09-17T16:10:07.245844215+03:00","Action":"output","Package":"github.com/PRO-Robotech/kacho/internal/repohygiene","Test":"TestSubscriptionShapeAxisLedgerCanFail/запись_без_причины_—_находка","Output":"=== RUN   TestSubscriptionShapeAxisLedgerCanFail/запись_без_причины_—_находка\n"}
{"Time":"2026-09-17T16:10:07.245849205+03:00","Action":"output","Package":"github.com/PRO-Robotech/kacho/internal/repohygiene","Test":"TestSubscriptionShapeCarrierCanFail/состояние_свободной_структурой_—_находка","Output":"    subscriptionformshape_injection_test.go:447: перепись: proto/corelib/subscription/subscription.proto — строк 69, типов 5 (верхнего уровня 4), полей 17 (осей 3), значений перечислений 3; утверждений проверено 44; находок 1\n"}
{"Time":"2026-09-17T16:10:07.245852741+03:00","Action":"run","Package":"github.com/PRO-Robotech/kacho/internal/repohygiene","Test":"TestSubscriptionShapeAnchorCanFail/якорь_ВНУТРИ_нагрузки_—_находка"}
{"Time":"2026-09-17T16:10:07.245854795+03:00","Action":"output","Package":"github.com/PRO-Robotech/kacho/internal/repohygiene","Test":"TestSubscriptionShapeAnchorCanFail/якорь_ВНУТРИ_нагрузки_—_находка","Output":"=== RUN   TestSubscriptionShapeAnchorCanFail/якорь_ВНУТРИ_нагрузки_—_находка\n"}
{"Time":"2026-09-17T16:10:07.245869603+03:00","Action":"output","Package":"github.com/PRO-Robotech/kacho/internal/repohygiene","Test":"TestSubscriptionShapeOwnerVocabularyCanFail/перечисление_рядом,_но_ось_строковая_—_молчание","Output":"--- PASS: TestSubscriptionShapeOwnerVocabularyCanFail/перечисление_рядом,_но_ось_строковая_—_молчание (0.00s)\n"}
{"Time":"2026-09-17T16:10:07.245874172+03:00","Action":"pass","Package":"github.com/PRO-Robotech/kacho/internal/repohygiene","Test":"TestSubscriptionShapeOwnerVocabularyCanFail/перечисление_рядом,_но_ось_строковая_—_молчание","Elapsed":0}
{"Time":"2026-09-17T16:10:07.245878209+03:00","Action":"output","Package":"github.com/PRO-Robotech/kacho/internal/repohygiene","Test":"TestSubscriptionShapeOwnerVocabularyCanFail","Output":"--- PASS: TestSubscriptionShapeOwnerVocabularyCanFail (0.01s)\n"}
{"Time":"2026-09-17T16:10:07.245898127+03:00","Action":"pass","Package":"github.com/PRO-Robotech/kacho/internal/repohygiene","Test":"TestSubscriptionShapeOwnerVocabularyCanFail","Elapsed":0.01}
{"Time":"2026-09-17T16:10:07.245902976+03:00","Action":"run","Package":"github.com/PRO-Robotech/kacho/internal/repohygiene","Test":"TestSubscriptionShapeUnsetOutcomeCanFail/исход_назван_ДРУГИМ_значением_и_другими_словами_—_молчание"}
{"Time":"2026-09-17T16:10:07.245906122+03:00","Action":"output","Package":"github.com/PRO-Robotech/kacho/internal/repohygiene","Test":"TestSubscriptionShapeUnsetOutcomeCanFail/исход_назван_ДРУГИМ_значением_и_другими_словами_—_молчание","Output":"=== RUN   TestSubscriptionShapeUnsetOutcomeCanFail/исход_назван_ДРУГИМ_значением_и_другими_словами_—_молчание\n"}
{"Time":"2026-09-17T16:10:07.245910279+03:00","Action":"output","Package":"github.com/PRO-Robotech/kacho/internal/repohygiene","Test":"TestSubscriptionShapeAbsentAxisCanFail/причина_переизложена_—_молчание","Output":"--- PASS: TestSubscriptionShapeAbsentAxisCanFail/причина_переизложена_—_молчание (0.00s)\n"}
{"Time":"2026-09-17T16:10:07.245914838+03:00","Action":"pass","Package":"github.com/PRO-Robotech/kacho/internal/repohygiene","Test":"TestSubscriptionShapeAbsentAxisCanFail/причина_переизложена_—_молчание","Elapsed":0}
{"Time":"2026-09-17T16:10:07.245918234+03:00","Action":"output","Package":"github.com/PRO-Robotech/kacho/internal/repohygiene","Test":"TestSubscriptionShapeAbsentAxisCanFail","Output":"--- PASS: TestSubscriptionShapeAbsentAxisCanFail (0.01s)\n"}
{"Time":"2026-09-17T16:10:07.24605988+03:00","Action":"pass","Package":"github.com/PRO-Robotech/kacho/internal/repohygiene","Test":"TestSubscriptionShapeAbsentAxisCanFail","Elapsed":0.01}
{"Time":"2026-09-17T16:10:07.24607017+03:00","Action":"output","Package":"github.com/PRO-Robotech/kacho/internal/repohygiene","Test":"TestSubscriptionShapeReasonContract/CI-DT-03-without-oneof","Output":"--- PASS: TestSubscriptionShapeReasonContract/CI-DT-03-without-oneof (0.00s)\n"}
{"Time":"2026-09-17T16:10:07.246072905+03:00","Action":"pass","Package":"github.com/PRO-Robotech/kacho/internal/repohygiene","Test":"TestSubscriptionShapeReasonContract/CI-DT-03-without-oneof","Elapsed":0}
{"Time":"2026-09-17T16:10:07.24607568+03:00","Action":"output","Package":"github.com/PRO-Robotech/kacho/internal/repohygiene","Test":"TestSubscriptionShapePerimeterCanFail/слова_`service`_и_`rpc`_В_ПРОЗЕ_—_молчание","Output":"--- PASS: TestSubscriptionShapePerimeterCanFail/слова_`service`_и_`rpc`_В_ПРОЗЕ_—_молчание (0.00s)\n"}
{"Time":"2026-09-17T16:10:07.246079688+03:00","Action":"pass","Package":"github.com/PRO-Robotech/kacho/internal/repohygiene","Test":"TestSubscriptionShapePerimeterCanFail/слова_`service`_и_`rpc`_В_ПРОЗЕ_—_молчание","Elapsed":0}
{"Time":"2026-09-17T16:10:07.246082483+03:00","Action":"run","Package":"github.com/PRO-Robotech/kacho/internal/repohygiene","Test":"TestSubscriptionShapeReasonContract/CI-DT-04-third-branch"}
{"Time":"2026-09-17T16:10:07.246085248+03:00","Action":"output","Package":"github.com/PRO-Robotech/kacho/internal/repohygiene","Test":"TestSubscriptionShapeReasonContract/CI-DT-04-third-branch","Output":"=== RUN   TestSubscriptionShapeReasonContract/CI-DT-04-third-branch\n"}
{"Time":"2026-09-17T16:10:07.246087793+03:00","Action":"run","Package":"github.com/PRO-Robotech/kacho/internal/repohygiene","Test":"TestSubscriptionShapePerimeterCanFail/импорт_доменного_контракта_—_находка"}
{"Time":"2026-09-17T16:10:07.246090237+03:00","Action":"output","Package":"github.com/PRO-Robotech/kacho/internal/repohygiene","Test":"TestSubscriptionShapePerimeterCanFail/импорт_доменного_контракта_—_находка","Output":"=== RUN   TestSubscriptionShapePerimeterCanFail/импорт_доменного_контракта_—_находка\n"}
{"Time":"2026-09-17T16:10:07.246142275+03:00","Action":"output","Package":"github.com/PRO-Robotech/kacho/internal/repohygiene","Test":"TestSubscriptionShapeRefusesAnEmptyRead/судится_не_тот_файл","Output":"--- PASS: TestSubscriptionShapeRefusesAnEmptyRead/судится_не_тот_файл (0.00s)\n"}
{"Time":"2026-09-17T16:10:07.246178042+03:00","Action":"pass","Package":"github.com/PRO-Robotech/kacho/internal/repohygiene","Test":"TestSubscriptionShapeRefusesAnEmptyRead/судится_не_тот_файл","Elapsed":0}
{"Time":"2026-09-17T16:10:07.246181629+03:00","Action":"output","Package":"github.com/PRO-Robotech/kacho/internal/repohygiene","Test":"TestSubscriptionShapeRefusesAnEmptyRead","Output":"--- PASS: TestSubscriptionShapeRefusesAnEmptyRead (0.01s)\n"}
{"Time":"2026-09-17T16:10:07.246451957+03:00","Action":"pass","Package":"github.com/PRO-Robotech/kacho/internal/repohygiene","Test":"TestSubscriptionShapeRefusesAnEmptyRead","Elapsed":0.01}
{"Time":"2026-09-17T16:10:07.246464481+03:00","Action":"output","Package":"github.com/PRO-Robotech/kacho/internal/repohygiene","Test":"TestSubscriptionShapeCarrierCanFail/состояние_свободной_структурой_—_находка","Output":"--- PASS: TestSubscriptionShapeCarrierCanFail/состояние_свободной_структурой_—_находка (0.00s)\n"}
{"Time":"2026-09-17T16:10:07.246470562+03:00","Action":"pass","Package":"github.com/PRO-Robotech/kacho/internal/repohygiene","Test":"TestSubscriptionShapeCarrierCanFail/состояние_свободной_структурой_—_находка","Elapsed":0}
{"Time":"2026-09-17T16:10:07.246475321+03:00","Action":"run","Package":"github.com/PRO-Robotech/kacho/internal/repohygiene","Test":"TestSubscriptionShapeCarrierCanFail/ветви_состояния_нет_вовсе_—_находка"}
{"Time":"2026-09-17T16:10:07.246478016+03:00","Action":"output","Package":"github.com/PRO-Robotech/kacho/internal/repohygiene","Test":"TestSubscriptionShapeCarrierCanFail/ветви_состояния_нет_вовсе_—_находка","Output":"=== RUN   TestSubscriptionShapeCarrierCanFail/ветви_состояния_нет_вовсе_—_находка\n"}
{"Time":"2026-09-17T16:10:07.246483166+03:00","Action":"output","Package":"github.com/PRO-Robotech/kacho/internal/repohygiene","Test":"TestSubscriptionShapeAxisLedgerCanFail/запись_без_причины_—_находка","Output":"    subscriptionformshape_injection_test.go:299: перепись: proto/corelib/subscription/subscription.proto — строк 69, типов 5 (верхнего уровня 4), полей 17 (осей 3), значений перечислений 3; утверждений проверено 44; находок 1\n"}
{"Time":"2026-09-17T16:10:07.246498314+03:00","Action":"output","Package":"github.com/PRO-Robotech/kacho/internal/repohygiene","Test":"TestSubscriptionShapeReasonContract/CI-DT-04-third-branch","Output":"    subscriptionreason_test.go:70: перепись: proto/corelib/subscription/subscription.proto — строк 70, типов 5 (верхнего уровня 4), полей 18 (осей 3), значений перечислений 3; утверждений проверено 44; находок 1\n"}
{"Time":"2026-09-17T16:10:07.24654908+03:00","Action":"output","Package":"github.com/PRO-Robotech/kacho/internal/repohygiene","Test":"TestSubscriptionShapeReasonContract/CI-DT-04-third-branch","Output":"    subscriptionreason_test.go:71: дефектная форма:\n"}
{"Time":"2026-09-17T16:10:07.246558477+03:00","Action":"output","Package":"github.com/PRO-Robotech/kacho/internal/repohygiene","Test":"TestSubscriptionShapeReasonContract/CI-DT-04-third-branch","Output":"        syntax = \"proto3\";\n"}
{"Time":"2026-09-17T16:10:07.246561823+03:00","Action":"output","Package":"github.com/PRO-Robotech/kacho/internal/repohygiene","Test":"TestSubscriptionShapeReasonContract/CI-DT-04-third-branch","Output":"        \n"}
{"Time":"2026-09-17T16:10:07.246564218+03:00","Action":"output","Package":"github.com/PRO-Robotech/kacho/internal/repohygiene","Test":"TestSubscriptionShapeReasonContract/CI-DT-04-third-branch","Output":"        package corelib.subscription;\n"}
{"Time":"2026-09-17T16:10:07.246566502+03:00","Action":"output","Package":"github.com/PRO-Robotech/kacho/internal/repohygiene","Test":"TestSubscriptionShapeReasonContract/CI-DT-04-third-branch","Output":"        \n"}
{"Time":"2026-09-17T16:10:07.24657054+03:00","Action":"output","Package":"github.com/PRO-Robotech/kacho/internal/repohygiene","Test":"TestSubscriptionShapeReasonContract/CI-DT-04-third-branch","Output":"        import \"google/protobuf/any.proto\";\n"}
{"Time":"2026-09-17T16:10:07.246572984+03:00","Action":"output","Package":"github.com/PRO-Robotech/kacho/internal/repohygiene","Test":"TestSubscriptionShapeReasonContract/CI-DT-04-third-branch","Output":"        \n"}
{"Time":"2026-09-17T16:10:07.246575209+03:00","Action":"output","Package":"github.com/PRO-Robotech/kacho/internal/repohygiene","Test":"TestSubscriptionShapeReasonContract/CI-DT-04-third-branch","Output":"        // SubscriptionAnchor — якорь начала.\n"}
{"Time":"2026-09-17T16:10:07.246577663+03:00","Action":"output","Package":"github.com/PRO-Robotech/kacho/internal/repohygiene","Test":"TestSubscriptionShapeReasonContract/CI-DT-04-third-branch","Output":"        enum SubscriptionAnchor {\n"}
{"Time":"2026-09-17T16:10:07.246579727+03:00","Action":"output","Package":"github.com/PRO-Robotech/kacho/internal/repohygiene","Test":"TestSubscriptionShapeReasonContract/CI-DT-04-third-branch","Output":"          SUBSCRIPTION_ANCHOR_UNSPECIFIED = 0;\n"}
{"Time":"2026-09-17T16:10:07.246581751+03:00","Action":"output","Package":"github.com/PRO-Robotech/kacho/internal/repohygiene","Test":"TestSubscriptionShapeReasonContract/CI-DT-04-third-branch","Output":"          BEGINNING = 1;\n"}
{"Time":"2026-09-17T16:10:07.246583935+03:00","Action":"output","Package":"github.com/PRO-Robotech/kacho/internal/repohygiene","Test":"TestSubscriptionShapeReasonContract/CI-DT-04-third-branch","Output":"          CURRENT_END = 2;\n"}
{"Time":"2026-09-17T16:10:07.246586089+03:00","Action":"output","Package":"github.com/PRO-Robotech/kacho/internal/repohygiene","Test":"TestSubscriptionShapeReasonContract/CI-DT-04-third-branch","Output":"        }\n"}
{"Time":"2026-09-17T16:10:07.246588133+03:00","Action":"output","Package":"github.com/PRO-Robotech/kacho/internal/repohygiene","Test":"TestSubscriptionShapeReasonContract/CI-DT-04-third-branch","Output":"        \n"}
{"Time":"2026-09-17T16:10:07.246594144+03:00","Action":"output","Package":"github.com/PRO-Robotech/kacho/internal/repohygiene","Test":"TestSubscriptionShapeReasonContract/CI-DT-04-third-branch","Output":"        // SubscriptionRequest — запрос подписки.\n"}
{"Time":"2026-09-17T16:10:07.246597851+03:00","Action":"output","Package":"github.com/PRO-Robotech/kacho/internal/repohygiene","Test":"TestSubscriptionShapeReasonContract/CI-DT-04-third-branch","Output":"        //\n"}
{"Time":"2026-09-17T16:10:07.246600035+03:00","Action":"output","Package":"github.com/PRO-Robotech/kacho/internal/repohygiene","Test":"TestSubscriptionShapeReasonContract/CI-DT-04-third-branch","Output":"        // ИМЯ сюда не берётся: оно мутабельно, и подписка по нему молча перестанет\n"}
{"Time":"2026-09-17T16:10:07.246603311+03:00","Action":"output","Package":"github.com/PRO-Robotech/kacho/internal/repohygiene","Test":"TestSubscriptionShapeReasonContract/CI-DT-04-third-branch","Output":"        // совпадать. МЕТКИ сюда не берутся: они мутабельны, и выход из выборки\n"}
{"Time":"2026-09-17T16:10:07.246606217+03:00","Action":"output","Package":"github.com/PRO-Robotech/kacho/internal/repohygiene","Test":"TestSubscriptionShapeReasonContract/CI-DT-04-third-branch","Output":"        // неотличим от удаления.\n"}
{"Time":"2026-09-17T16:10:07.246609473+03:00","Action":"output","Package":"github.com/PRO-Robotech/kacho/internal/repohygiene","Test":"TestSubscriptionShapeReasonContract/CI-DT-04-third-branch","Output":"        message SubscriptionRequest {\n"}
{"Time":"2026-09-17T16:10:07.246614262+03:00","Action":"output","Package":"github.com/PRO-Robotech/kacho/internal/repohygiene","Test":"TestSubscriptionShapeReasonContract/CI-DT-04-third-branch","Output":"          // kinds — виды предметов. Категория: УДОБСТВА.\n"}
{"Time":"2026-09-17T16:10:07.246616817+03:00","Action":"output","Package":"github.com/PRO-Robotech/kacho/internal/repohygiene","Test":"TestSubscriptionShapeReasonContract/CI-DT-04-third-branch","Output":"          repeated string kinds = 1;\n"}
{"Time":"2026-09-17T16:10:07.246618891+03:00","Action":"output","Package":"github.com/PRO-Robotech/kacho/internal/repohygiene","Test":"TestSubscriptionShapeReasonContract/CI-DT-04-third-branch","Output":"        \n"}
{"Time":"2026-09-17T16:10:07.246620995+03:00","Action":"output","Package":"github.com/PRO-Robotech/kacho/internal/repohygiene","Test":"TestSubscriptionShapeReasonContract/CI-DT-04-third-branch","Output":"          // project_id — проект. Категория: ЯКОРНАЯ.\n"}
{"Time":"2026-09-17T16:10:07.246626565+03:00","Action":"output","Package":"github.com/PRO-Robotech/kacho/internal/repohygiene","Test":"TestSubscriptionShapeReasonContract/CI-DT-04-third-branch","Output":"          string project_id = 2;\n"}
{"Time":"2026-09-17T16:10:07.246853752+03:00","Action":"output","Package":"github.com/PRO-Robotech/kacho/internal/repohygiene","Test":"TestSubscriptionShapeReasonContract/CI-DT-04-third-branch","Output":"        \n"}
{"Time":"2026-09-17T16:10:07.246867388+03:00","Action":"output","Package":"github.com/PRO-Robotech/kacho/internal/repohygiene","Test":"TestSubscriptionShapeReasonContract/CI-DT-04-third-branch","Output":"          // ids — идентификаторы. Категория: УДОБСТВА.\n"}
{"Time":"2026-09-17T16:10:07.246873048+03:00","Action":"output","Package":"github.com/PRO-Robotech/kacho/internal/repohygiene","Test":"TestSubscriptionShapeReasonContract/CI-DT-04-third-branch","Output":"          repeated string ids = 3;\n"}
{"Time":"2026-09-17T16:10:07.246877507+03:00","Action":"output","Package":"github.com/PRO-Robotech/kacho/internal/repohygiene","Test":"TestSubscriptionShapeReasonContract/CI-DT-04-third-branch","Output":"          // start — с какого места отдавать.\n"}
{"Time":"2026-09-17T16:10:07.246882015+03:00","Action":"output","Package":"github.com/PRO-Robotech/kacho/internal/repohygiene","Test":"TestSubscriptionShapeReasonContract/CI-DT-04-third-branch","Output":"          //\n"}
{"Time":"2026-09-17T16:10:07.246890601+03:00","Action":"output","Package":"github.com/PRO-Robotech/kacho/internal/repohygiene","Test":"TestSubscriptionShapeReasonContract/CI-DT-04-third-branch","Output":"          // ИСХОД НЕЗАДАННОГО НАЗВАН: start не задан означает ровно CURRENT_END.\n"}
{"Time":"2026-09-17T16:10:07.246895801+03:00","Action":"output","Package":"github.com/PRO-Robotech/kacho/internal/repohygiene","Test":"TestSubscriptionShapeReasonContract/CI-DT-04-third-branch","Output":"          oneof start {\n"}
{"Time":"2026-09-17T16:10:07.246901422+03:00","Action":"output","Package":"github.com/PRO-Robotech/kacho/internal/repohygiene","Test":"TestSubscriptionShapePerimeterCanFail/импорт_доменного_контракта_—_находка","Output":"    subscriptionformshape_injection_test.go:590: перепись: proto/corelib/subscription/subscription.proto — строк 70, типов 5 (верхнего уровня 4), полей 17 (осей 3), значений перечислений 3; утверждений проверено 45; находок 1\n"}
{"Time":"2026-09-17T16:10:07.246910579+03:00","Action":"output","Package":"github.com/PRO-Robotech/kacho/internal/repohygiene","Test":"TestSubscriptionShapeAnchorCanFail/якорь_ВНУТРИ_нагрузки_—_находка","Output":"    subscriptionformshape_injection_test.go:504: перепись: proto/corelib/subscription/subscription.proto — строк 73, типов 6 (верхнего уровня 4), полей 18 (осей 3), значений перечислений 3; утверждений проверено 45; находок 1\n"}
{"Time":"2026-09-17T16:10:07.246926469+03:00","Action":"output","Package":"github.com/PRO-Robotech/kacho/internal/repohygiene","Test":"TestSubscriptionShapeReasonContract/CI-DT-04-third-branch","Output":"            // anchor — назвать место словом.\n"}
{"Time":"2026-09-17T16:10:07.246932881+03:00","Action":"output","Package":"github.com/PRO-Robotech/kacho/internal/repohygiene","Test":"TestSubscriptionShapeReasonContract/CI-DT-04-third-branch","Output":"            SubscriptionAnchor anchor = 10;\n"}
{"Time":"2026-09-17T16:10:07.246936678+03:00","Action":"output","Package":"github.com/PRO-Robotech/kacho/internal/repohygiene","Test":"TestSubscriptionShapeReasonContract/CI-DT-04-third-branch","Output":"            // position — непрозрачный токен.\n"}
{"Time":"2026-09-17T16:10:07.246940866+03:00","Action":"output","Package":"github.com/PRO-Robotech/kacho/internal/repohygiene","Test":"TestSubscriptionShapeReasonContract/CI-DT-04-third-branch","Output":"            string position = 11;\n"}
{"Time":"2026-09-17T16:10:07.246944913+03:00","Action":"output","Package":"github.com/PRO-Robotech/kacho/internal/repohygiene","Test":"TestSubscriptionShapeReasonContract/CI-DT-04-third-branch","Output":"          }\n"}
{"Time":"2026-09-17T16:10:07.24694823+03:00","Action":"output","Package":"github.com/PRO-Robotech/kacho/internal/repohygiene","Test":"TestSubscriptionShapeReasonContract/CI-DT-04-third-branch","Output":"        }\n"}
{"Time":"2026-09-17T16:10:07.246951796+03:00","Action":"output","Package":"github.com/PRO-Robotech/kacho/internal/repohygiene","Test":"TestSubscriptionShapeReasonContract/CI-DT-04-third-branch","Output":"        \n"}
{"Time":"2026-09-17T16:10:07.246956926+03:00","Action":"output","Package":"github.com/PRO-Robotech/kacho/internal/repohygiene","Test":"TestSubscriptionShapeReasonContract/CI-DT-04-third-branch","Output":"        // SubscriptionOpened — служебное первое сообщение.\n"}
{"Time":"2026-09-17T16:10:07.246961294+03:00","Action":"output","Package":"github.com/PRO-Robotech/kacho/internal/repohygiene","Test":"TestSubscriptionShapeReasonContract/CI-DT-04-third-branch","Output":"        message SubscriptionOpened {\n"}
{"Time":"2026-09-17T16:10:07.246966083+03:00","Action":"output","Package":"github.com/PRO-Robotech/kacho/internal/repohygiene","Test":"TestSubscriptionShapeReasonContract/CI-DT-04-third-branch","Output":"          string position = 1;\n"}
{"Time":"2026-09-17T16:10:07.2469697+03:00","Action":"output","Package":"github.com/PRO-Robotech/kacho/internal/repohygiene","Test":"TestSubscriptionShapeReasonContract/CI-DT-04-third-branch","Output":"          bool caught_up = 2;\n"}
{"Time":"2026-09-17T16:10:07.246973657+03:00","Action":"output","Package":"github.com/PRO-Robotech/kacho/internal/repohygiene","Test":"TestSubscriptionShapeReasonContract/CI-DT-04-third-branch","Output":"          repeated string honored_filters = 3;\n"}
{"Time":"2026-09-17T16:10:07.246977314+03:00","Action":"output","Package":"github.com/PRO-Robotech/kacho/internal/repohygiene","Test":"TestSubscriptionShapeReasonContract/CI-DT-04-third-branch","Output":"          string earliest_resumable_position = 4;\n"}
{"Time":"2026-09-17T16:10:07.246980881+03:00","Action":"output","Package":"github.com/PRO-Robotech/kacho/internal/repohygiene","Test":"TestSubscriptionShapeReasonContract/CI-DT-04-third-branch","Output":"          bool retains_everything = 5;\n"}
{"Time":"2026-09-17T16:10:07.246984488+03:00","Action":"output","Package":"github.com/PRO-Robotech/kacho/internal/repohygiene","Test":"TestSubscriptionShapeReasonContract/CI-DT-04-third-branch","Output":"        }\n"}
{"Time":"2026-09-17T16:10:07.246988014+03:00","Action":"output","Package":"github.com/PRO-Robotech/kacho/internal/repohygiene","Test":"TestSubscriptionShapeReasonContract/CI-DT-04-third-branch","Output":"        \n"}
{"Time":"2026-09-17T16:10:07.246991551+03:00","Action":"output","Package":"github.com/PRO-Robotech/kacho/internal/repohygiene","Test":"TestSubscriptionShapeReasonContract/CI-DT-04-third-branch","Output":"        // SubscriptionEvent — оболочка события.\n"}
{"Time":"2026-09-17T16:10:07.246995488+03:00","Action":"output","Package":"github.com/PRO-Robotech/kacho/internal/repohygiene","Test":"TestSubscriptionShapeReasonContract/CI-DT-04-third-branch","Output":"        message SubscriptionEvent {\n"}
{"Time":"2026-09-17T16:10:07.246999356+03:00","Action":"output","Package":"github.com/PRO-Robotech/kacho/internal/repohygiene","Test":"TestSubscriptionShapeReasonContract/CI-DT-04-third-branch","Output":"          // StateUnavailable — вторая ветвь носителя.\n"}
{"Time":"2026-09-17T16:10:07.247003303+03:00","Action":"output","Package":"github.com/PRO-Robotech/kacho/internal/repohygiene","Test":"TestSubscriptionShapeReasonContract/CI-DT-04-third-branch","Output":"          message StateUnavailable {\n"}
{"Time":"2026-09-17T16:10:07.247008683+03:00","Action":"output","Package":"github.com/PRO-Robotech/kacho/internal/repohygiene","Test":"TestSubscriptionShapeReasonContract/CI-DT-04-third-branch","Output":"            // reason — почему состояния нет. Это НЕ причина остановки потока.\n"}
{"Time":"2026-09-17T16:10:07.247013352+03:00","Action":"output","Package":"github.com/PRO-Robotech/kacho/internal/repohygiene","Test":"TestSubscriptionShapeReasonContract/CI-DT-04-third-branch","Output":"            string reason = 1;\n"}
{"Time":"2026-09-17T16:10:07.247016728+03:00","Action":"output","Package":"github.com/PRO-Robotech/kacho/internal/repohygiene","Test":"TestSubscriptionShapeReasonContract/CI-DT-04-third-branch","Output":"          }\n"}
{"Time":"2026-09-17T16:10:07.247020215+03:00","Action":"output","Package":"github.com/PRO-Robotech/kacho/internal/repohygiene","Test":"TestSubscriptionShapeReasonContract/CI-DT-04-third-branch","Output":"        \n"}
{"Time":"2026-09-17T16:10:07.247023701+03:00","Action":"output","Package":"github.com/PRO-Robotech/kacho/internal/repohygiene","Test":"TestSubscriptionShapeReasonContract/CI-DT-04-third-branch","Output":"          string position = 1;\n"}
{"Time":"2026-09-17T16:10:07.247032308+03:00","Action":"output","Package":"github.com/PRO-Robotech/kacho/internal/repohygiene","Test":"TestSubscriptionShapeUnsetOutcomeCanFail/исход_назван_ДРУГИМ_значением_и_другими_словами_—_молчание","Output":"    subscriptionformshape_injection_test.go:407: перепись: proto/corelib/subscription/subscription.proto — строк 70, типов 5 (верхнего уровня 4), полей 17 (осей 3), значений перечислений 3; утверждений проверено 44; находок 0\n"}
{"Time":"2026-09-17T16:10:07.247039601+03:00","Action":"output","Package":"github.com/PRO-Robotech/kacho/internal/repohygiene","Test":"TestSubscriptionShapeReasonContract/CI-DT-04-third-branch","Output":"          string kind = 2;\n"}
{"Time":"2026-09-17T16:10:07.247043168+03:00","Action":"output","Package":"github.com/PRO-Robotech/kacho/internal/repohygiene","Test":"TestSubscriptionShapeReasonContract/CI-DT-04-third-branch","Output":"          string resource_id = 3;\n"}
{"Time":"2026-09-17T16:10:07.247055201+03:00","Action":"output","Package":"github.com/PRO-Robotech/kacho/internal/repohygiene","Test":"TestSubscriptionShapeReasonContract/CI-DT-04-third-branch","Output":"          // project_id — авторизуемый якорь, поле ОБОЛОЧКИ.\n"}
{"Time":"2026-09-17T16:10:07.247058827+03:00","Action":"output","Package":"github.com/PRO-Robotech/kacho/internal/repohygiene","Test":"TestSubscriptionShapeReasonContract/CI-DT-04-third-branch","Output":"          string project_id = 4;\n"}
{"Time":"2026-09-17T16:10:07.247061342+03:00","Action":"output","Package":"github.com/PRO-Robotech/kacho/internal/repohygiene","Test":"TestSubscriptionShapeReasonContract/CI-DT-04-third-branch","Output":"        \n"}
{"Time":"2026-09-17T16:10:07.247063556+03:00","Action":"output","Package":"github.com/PRO-Robotech/kacho/internal/repohygiene","Test":"TestSubscriptionShapeReasonContract/CI-DT-04-third-branch","Output":"          oneof carrier {\n"}
{"Time":"2026-09-17T16:10:07.247066913+03:00","Action":"output","Package":"github.com/PRO-Robotech/kacho/internal/repohygiene","Test":"TestSubscriptionShapeReasonContract/CI-DT-04-third-branch","Output":"            google.protobuf.Any state = 10;\n"}
{"Time":"2026-09-17T16:10:07.247069097+03:00","Action":"output","Package":"github.com/PRO-Robotech/kacho/internal/repohygiene","Test":"TestSubscriptionShapeReasonContract/CI-DT-04-third-branch","Output":"            StateUnavailable state_unavailable = 11;\n"}
{"Time":"2026-09-17T16:10:07.247071471+03:00","Action":"output","Package":"github.com/PRO-Robotech/kacho/internal/repohygiene","Test":"TestSubscriptionShapeReasonContract/CI-DT-04-third-branch","Output":"            string state_summary = 12;\n"}
{"Time":"2026-09-17T16:10:07.247073615+03:00","Action":"output","Package":"github.com/PRO-Robotech/kacho/internal/repohygiene","Test":"TestSubscriptionShapeReasonContract/CI-DT-04-third-branch","Output":"          }\n"}
{"Time":"2026-09-17T16:10:07.247075789+03:00","Action":"output","Package":"github.com/PRO-Robotech/kacho/internal/repohygiene","Test":"TestSubscriptionShapeReasonContract/CI-DT-04-third-branch","Output":"        }\n"}
{"Time":"2026-09-17T16:10:07.247077843+03:00","Action":"output","Package":"github.com/PRO-Robotech/kacho/internal/repohygiene","Test":"TestSubscriptionShapeReasonContract/CI-DT-04-third-branch","Output":"        \n"}
{"Time":"2026-09-17T16:10:07.247080027+03:00","Action":"output","Package":"github.com/PRO-Robotech/kacho/internal/repohygiene","Test":"TestSubscriptionShapeReasonContract/CI-DT-04-third-branch","Output":"        \n"}
{"Time":"2026-09-17T16:10:07.247083684+03:00","Action":"output","Package":"github.com/PRO-Robotech/kacho/internal/repohygiene","Test":"TestSubscriptionShapeAxisLedgerCanFail/запись_без_причины_—_находка","Output":"--- PASS: TestSubscriptionShapeAxisLedgerCanFail/запись_без_причины_—_находка (0.00s)\n"}
{"Time":"2026-09-17T16:10:07.247088383+03:00","Action":"pass","Package":"github.com/PRO-Robotech/kacho/internal/repohygiene","Test":"TestSubscriptionShapeAxisLedgerCanFail/запись_без_причины_—_находка","Elapsed":0}
{"Time":"2026-09-17T16:10:07.247091619+03:00","Action":"output","Package":"github.com/PRO-Robotech/kacho/internal/repohygiene","Test":"TestSubscriptionShapeAxisLedgerCanFail","Output":"--- PASS: TestSubscriptionShapeAxisLedgerCanFail (0.01s)\n"}
{"Time":"2026-09-17T16:10:07.247094224+03:00","Action":"pass","Package":"github.com/PRO-Robotech/kacho/internal/repohygiene","Test":"TestSubscriptionShapeAxisLedgerCanFail","Elapsed":0.01}
{"Time":"2026-09-17T16:10:07.247096719+03:00","Action":"output","Package":"github.com/PRO-Robotech/kacho/internal/repohygiene","Test":"TestSubscriptionShapePerimeterCanFail/импорт_доменного_контракта_—_находка","Output":"--- PASS: TestSubscriptionShapePerimeterCanFail/импорт_доменного_контракта_—_находка (0.00s)\n"}
{"Time":"2026-09-17T16:10:07.247099764+03:00","Action":"pass","Package":"github.com/PRO-Robotech/kacho/internal/repohygiene","Test":"TestSubscriptionShapePerimeterCanFail/импорт_доменного_контракта_—_находка","Elapsed":0}
{"Time":"2026-09-17T16:10:07.247104143+03:00","Action":"run","Package":"github.com/PRO-Robotech/kacho/internal/repohygiene","Test":"TestSubscriptionShapePerimeterCanFail/импорт_стандартного_контракта_—_молчание"}
{"Time":"2026-09-17T16:10:07.24710814+03:00","Action":"output","Package":"github.com/PRO-Robotech/kacho/internal/repohygiene","Test":"TestSubscriptionShapePerimeterCanFail/импорт_стандартного_контракта_—_молчание","Output":"=== RUN   TestSubscriptionShapePerimeterCanFail/импорт_стандартного_контракта_—_молчание\n"}
{"Time":"2026-09-17T16:10:07.24714019+03:00","Action":"output","Package":"github.com/PRO-Robotech/kacho/internal/repohygiene","Test":"TestSubscriptionShapeAnchorCanFail/якорь_ВНУТРИ_нагрузки_—_находка","Output":"--- PASS: TestSubscriptionShapeAnchorCanFail/якорь_ВНУТРИ_нагрузки_—_находка (0.00s)\n"}
{"Time":"2026-09-17T16:10:07.247146783+03:00","Action":"pass","Package":"github.com/PRO-Robotech/kacho/internal/repohygiene","Test":"TestSubscriptionShapeAnchorCanFail/якорь_ВНУТРИ_нагрузки_—_находка","Elapsed":0}
{"Time":"2026-09-17T16:10:07.247152744+03:00","Action":"output","Package":"github.com/PRO-Robotech/kacho/internal/repohygiene","Test":"TestSubscriptionShapeUnsetOutcomeCanFail/исход_назван_ДРУГИМ_значением_и_другими_словами_—_молчание","Output":"--- PASS: TestSubscriptionShapeUnsetOutcomeCanFail/исход_назван_ДРУГИМ_значением_и_другими_словами_—_молчание (0.00s)\n"}
{"Time":"2026-09-17T16:10:07.247159737+03:00","Action":"pass","Package":"github.com/PRO-Robotech/kacho/internal/repohygiene","Test":"TestSubscriptionShapeUnsetOutcomeCanFail/исход_назван_ДРУГИМ_значением_и_другими_словами_—_молчание","Elapsed":0}
{"Time":"2026-09-17T16:10:07.247166299+03:00","Action":"output","Package":"github.com/PRO-Robotech/kacho/internal/repohygiene","Test":"TestSubscriptionShapeCarrierCanFail/ветви_состояния_нет_вовсе_—_находка","Output":"    subscriptionformshape_injection_test.go:459: перепись: proto/corelib/subscription/subscription.proto — строк 69, типов 5 (верхнего уровня 4), полей 17 (осей 3), значений перечислений 3; утверждений проверено 43; находок 1\n"}
{"Time":"2026-09-17T16:10:07.247186187+03:00","Action":"run","Package":"github.com/PRO-Robotech/kacho/internal/repohygiene","Test":"TestSubscriptionShapeAnchorCanFail/якорь_на_верхнем_уровне,_но_иначе_записан_—_молчание"}
{"Time":"2026-09-17T16:10:07.247190164+03:00","Action":"output","Package":"github.com/PRO-Robotech/kacho/internal/repohygiene","Test":"TestSubscriptionShapeAnchorCanFail/якорь_на_верхнем_уровне,_но_иначе_записан_—_молчание","Output":"=== RUN   TestSubscriptionShapeAnchorCanFail/якорь_на_верхнем_уровне,_но_иначе_записан_—_молчание\n"}
{"Time":"2026-09-17T16:10:07.247197007+03:00","Action":"run","Package":"github.com/PRO-Robotech/kacho/internal/repohygiene","Test":"TestSubscriptionShapeUnsetOutcomeCanFail/начало_не_ветвление_—_находка"}
{"Time":"2026-09-17T16:10:07.247206966+03:00","Action":"output","Package":"github.com/PRO-Robotech/kacho/internal/repohygiene","Test":"TestSubscriptionShapeUnsetOutcomeCanFail/начало_не_ветвление_—_находка","Output":"=== RUN   TestSubscriptionShapeUnsetOutcomeCanFail/начало_не_ветвление_—_находка\n"}
{"Time":"2026-09-17T16:10:07.247211073+03:00","Action":"output","Package":"github.com/PRO-Robotech/kacho/internal/repohygiene","Test":"TestSubscriptionShapeReasonContract/CI-DT-04-third-branch","Output":"--- PASS: TestSubscriptionShapeReasonContract/CI-DT-04-third-branch (0.00s)\n"}
{"Time":"2026-09-17T16:10:07.247217506+03:00","Action":"pass","Package":"github.com/PRO-Robotech/kacho/internal/repohygiene","Test":"TestSubscriptionShapeReasonContract/CI-DT-04-third-branch","Elapsed":0}
{"Time":"2026-09-17T16:10:07.247223567+03:00","Action":"output","Package":"github.com/PRO-Robotech/kacho/internal/repohygiene","Test":"TestSubscriptionShapeReasonContract","Output":"--- PASS: TestSubscriptionShapeReasonContract (0.01s)\n"}
{"Time":"2026-09-17T16:10:07.247361726+03:00","Action":"pass","Package":"github.com/PRO-Robotech/kacho/internal/repohygiene","Test":"TestSubscriptionShapeReasonContract","Elapsed":0.01}
{"Time":"2026-09-17T16:10:07.247365944+03:00","Action":"output","Package":"github.com/PRO-Robotech/kacho/internal/repohygiene","Test":"TestSubscriptionShapePerimeterCanFail/импорт_стандартного_контракта_—_молчание","Output":"    subscriptionformshape_injection_test.go:598: перепись: proto/corelib/subscription/subscription.proto — строк 70, типов 5 (верхнего уровня 4), полей 17 (осей 3), значений перечислений 3; утверждений проверено 45; находок 0\n"}
{"Time":"2026-09-17T16:10:07.247469118+03:00","Action":"output","Package":"github.com/PRO-Robotech/kacho/internal/repohygiene","Test":"TestSubscriptionShapeCarrierCanFail/ветви_состояния_нет_вовсе_—_находка","Output":"--- PASS: TestSubscriptionShapeCarrierCanFail/ветви_состояния_нет_вовсе_—_находка (0.00s)\n"}
{"Time":"2026-09-17T16:10:07.247474188+03:00","Action":"pass","Package":"github.com/PRO-Robotech/kacho/internal/repohygiene","Test":"TestSubscriptionShapeCarrierCanFail/ветви_состояния_нет_вовсе_—_находка","Elapsed":0}
{"Time":"2026-09-17T16:10:07.247479187+03:00","Action":"run","Package":"github.com/PRO-Robotech/kacho/internal/repohygiene","Test":"TestSubscriptionShapeCarrierCanFail/состояние_ИМЕНОВАННЫМ_сообщением_—_молчание"}
{"Time":"2026-09-17T16:10:07.247481481+03:00","Action":"output","Package":"github.com/PRO-Robotech/kacho/internal/repohygiene","Test":"TestSubscriptionShapeCarrierCanFail/состояние_ИМЕНОВАННЫМ_сообщением_—_молчание","Output":"=== RUN   TestSubscriptionShapeCarrierCanFail/состояние_ИМЕНОВАННЫМ_сообщением_—_молчание\n"}
{"Time":"2026-09-17T16:10:07.247509123+03:00","Action":"output","Package":"github.com/PRO-Robotech/kacho/internal/repohygiene","Test":"TestSubscriptionShapeUnsetOutcomeCanFail/начало_не_ветвление_—_находка","Output":"    subscriptionformshape_injection_test.go:415: перепись: proto/corelib/subscription/subscription.proto — строк 62, типов 5 (верхнего уровня 4), полей 16 (осей 3), значений перечислений 3; утверждений проверено 40; находок 1\n"}
{"Time":"2026-09-17T16:10:07.247514584+03:00","Action":"output","Package":"github.com/PRO-Robotech/kacho/internal/repohygiene","Test":"TestSubscriptionShapeAnchorCanFail/якорь_на_верхнем_уровне,_но_иначе_записан_—_молчание","Output":"    subscriptionformshape_injection_test.go:515: перепись: proto/corelib/subscription/subscription.proto — строк 69, типов 5 (верхнего уровня 4), полей 17 (осей 3), значений перечислений 3; утверждений проверено 44; находок 0\n"}
{"Time":"2026-09-17T16:10:07.247522989+03:00","Action":"output","Package":"github.com/PRO-Robotech/kacho/internal/repohygiene","Test":"TestSubscriptionShapePerimeterCanFail/импорт_стандартного_контракта_—_молчание","Output":"--- PASS: TestSubscriptionShapePerimeterCanFail/импорт_стандартного_контракта_—_молчание (0.00s)\n"}
{"Time":"2026-09-17T16:10:07.247527217+03:00","Action":"pass","Package":"github.com/PRO-Robotech/kacho/internal/repohygiene","Test":"TestSubscriptionShapePerimeterCanFail/импорт_стандартного_контракта_—_молчание","Elapsed":0}
{"Time":"2026-09-17T16:10:07.247536014+03:00","Action":"output","Package":"github.com/PRO-Robotech/kacho/internal/repohygiene","Test":"TestSubscriptionShapePerimeterCanFail","Output":"--- PASS: TestSubscriptionShapePerimeterCanFail (0.01s)\n"}
{"Time":"2026-09-17T16:10:07.24770938+03:00","Action":"pass","Package":"github.com/PRO-Robotech/kacho/internal/repohygiene","Test":"TestSubscriptionShapePerimeterCanFail","Elapsed":0.01}
{"Time":"2026-09-17T16:10:07.247714429+03:00","Action":"output","Package":"github.com/PRO-Robotech/kacho/internal/repohygiene","Test":"TestSubscriptionShapeUnsetOutcomeCanFail/начало_не_ветвление_—_находка","Output":"--- PASS: TestSubscriptionShapeUnsetOutcomeCanFail/начало_не_ветвление_—_находка (0.00s)\n"}
{"Time":"2026-09-17T16:10:07.247717435+03:00","Action":"pass","Package":"github.com/PRO-Robotech/kacho/internal/repohygiene","Test":"TestSubscriptionShapeUnsetOutcomeCanFail/начало_не_ветвление_—_находка","Elapsed":0}
{"Time":"2026-09-17T16:10:07.247720911+03:00","Action":"output","Package":"github.com/PRO-Robotech/kacho/internal/repohygiene","Test":"TestSubscriptionShapeUnsetOutcomeCanFail","Output":"--- PASS: TestSubscriptionShapeUnsetOutcomeCanFail (0.01s)\n"}
{"Time":"2026-09-17T16:10:07.247723486+03:00","Action":"pass","Package":"github.com/PRO-Robotech/kacho/internal/repohygiene","Test":"TestSubscriptionShapeUnsetOutcomeCanFail","Elapsed":0.01}
{"Time":"2026-09-17T16:10:07.24772557+03:00","Action":"output","Package":"github.com/PRO-Robotech/kacho/internal/repohygiene","Test":"TestSubscriptionShapeAnchorCanFail/якорь_на_верхнем_уровне,_но_иначе_записан_—_молчание","Output":"--- PASS: TestSubscriptionShapeAnchorCanFail/якорь_на_верхнем_уровне,_но_иначе_записан_—_молчание (0.00s)\n"}
{"Time":"2026-09-17T16:10:07.247729367+03:00","Action":"pass","Package":"github.com/PRO-Robotech/kacho/internal/repohygiene","Test":"TestSubscriptionShapeAnchorCanFail/якорь_на_верхнем_уровне,_но_иначе_записан_—_молчание","Elapsed":0}
{"Time":"2026-09-17T16:10:07.247732192+03:00","Action":"output","Package":"github.com/PRO-Robotech/kacho/internal/repohygiene","Test":"TestSubscriptionShapeAnchorCanFail","Output":"--- PASS: TestSubscriptionShapeAnchorCanFail (0.01s)\n"}
{"Time":"2026-09-17T16:10:07.247788729+03:00","Action":"pass","Package":"github.com/PRO-Robotech/kacho/internal/repohygiene","Test":"TestSubscriptionShapeAnchorCanFail","Elapsed":0.01}
{"Time":"2026-09-17T16:10:07.247791875+03:00","Action":"output","Package":"github.com/PRO-Robotech/kacho/internal/repohygiene","Test":"TestSubscriptionShapeCarrierCanFail/состояние_ИМЕНОВАННЫМ_сообщением_—_молчание","Output":"    subscriptionformshape_injection_test.go:473: перепись: proto/corelib/subscription/subscription.proto — строк 73, типов 6 (верхнего уровня 4), полей 18 (осей 3), значений перечислений 3; утверждений проверено 44; находок 0\n"}
{"Time":"2026-09-17T16:10:07.247956564+03:00","Action":"output","Package":"github.com/PRO-Robotech/kacho/internal/repohygiene","Test":"TestSubscriptionShapeCarrierCanFail/состояние_ИМЕНОВАННЫМ_сообщением_—_молчание","Output":"--- PASS: TestSubscriptionShapeCarrierCanFail/состояние_ИМЕНОВАННЫМ_сообщением_—_молчание (0.00s)\n"}
{"Time":"2026-09-17T16:10:07.247960962+03:00","Action":"pass","Package":"github.com/PRO-Robotech/kacho/internal/repohygiene","Test":"TestSubscriptionShapeCarrierCanFail/состояние_ИМЕНОВАННЫМ_сообщением_—_молчание","Elapsed":0}
{"Time":"2026-09-17T16:10:07.247963838+03:00","Action":"output","Package":"github.com/PRO-Robotech/kacho/internal/repohygiene","Test":"TestSubscriptionShapeCarrierCanFail","Output":"--- PASS: TestSubscriptionShapeCarrierCanFail (0.01s)\n"}
{"Time":"2026-09-17T16:10:07.247969859+03:00","Action":"pass","Package":"github.com/PRO-Robotech/kacho/internal/repohygiene","Test":"TestSubscriptionShapeCarrierCanFail","Elapsed":0.01}
{"Time":"2026-09-17T16:10:07.247972464+03:00","Action":"output","Package":"github.com/PRO-Robotech/kacho/internal/repohygiene","Output":"PASS\n"}
{"Time":"2026-09-17T16:10:07.248324295+03:00","Action":"output","Package":"github.com/PRO-Robotech/kacho/internal/repohygiene","Output":"ok  \tgithub.com/PRO-Robotech/kacho/internal/repohygiene\t0.025s\n"}
{"Time":"2026-09-17T16:10:07.248334614+03:00","Action":"pass","Package":"github.com/PRO-Robotech/kacho/internal/repohygiene","Elapsed":0.025}
