{"Time":"2026-09-17T15:50:48.280528173+03:00","Action":"start","Package":"github.com/PRO-Robotech/kacho/internal/repohygiene"}
{"Time":"2026-09-17T15:50:48.297320273+03:00","Action":"run","Package":"github.com/PRO-Robotech/kacho/internal/repohygiene","Test":"TestCatalogReachability_EveryRowResolvesToAServedMethod"}
{"Time":"2026-09-17T15:50:48.297340161+03:00","Action":"output","Package":"github.com/PRO-Robotech/kacho/internal/repohygiene","Test":"TestCatalogReachability_EveryRowResolvesToAServedMethod","Output":"=== RUN   TestCatalogReachability_EveryRowResolvesToAServedMethod\n"}
{"Time":"2026-09-17T15:50:48.297363585+03:00","Action":"output","Package":"github.com/PRO-Robotech/kacho/internal/repohygiene","Test":"TestCatalogReachability_EveryRowResolvesToAServedMethod","Output":"=== PAUSE TestCatalogReachability_EveryRowResolvesToAServedMethod\n"}
{"Time":"2026-09-17T15:50:48.29736634+03:00","Action":"pause","Package":"github.com/PRO-Robotech/kacho/internal/repohygiene","Test":"TestCatalogReachability_EveryRowResolvesToAServedMethod"}
{"Time":"2026-09-17T15:50:48.297369135+03:00","Action":"run","Package":"github.com/PRO-Robotech/kacho/internal/repohygiene","Test":"TestCatalogReachability_InertRowsAreExactlyTheAllowedServices"}
{"Time":"2026-09-17T15:50:48.297372291+03:00","Action":"output","Package":"github.com/PRO-Robotech/kacho/internal/repohygiene","Test":"TestCatalogReachability_InertRowsAreExactlyTheAllowedServices","Output":"=== RUN   TestCatalogReachability_InertRowsAreExactlyTheAllowedServices\n"}
{"Time":"2026-09-17T15:50:48.297374956+03:00","Action":"output","Package":"github.com/PRO-Robotech/kacho/internal/repohygiene","Test":"TestCatalogReachability_InertRowsAreExactlyTheAllowedServices","Output":"=== PAUSE TestCatalogReachability_InertRowsAreExactlyTheAllowedServices\n"}
{"Time":"2026-09-17T15:50:48.29737715+03:00","Action":"pause","Package":"github.com/PRO-Robotech/kacho/internal/repohygiene","Test":"TestCatalogReachability_InertRowsAreExactlyTheAllowedServices"}
{"Time":"2026-09-17T15:50:48.297379735+03:00","Action":"run","Package":"github.com/PRO-Robotech/kacho/internal/repohygiene","Test":"TestCatalogReachability_SilentOnAServedMethod"}
{"Time":"2026-09-17T15:50:48.297381719+03:00","Action":"output","Package":"github.com/PRO-Robotech/kacho/internal/repohygiene","Test":"TestCatalogReachability_SilentOnAServedMethod","Output":"=== RUN   TestCatalogReachability_SilentOnAServedMethod\n"}
{"Time":"2026-09-17T15:50:48.297386318+03:00","Action":"output","Package":"github.com/PRO-Robotech/kacho/internal/repohygiene","Test":"TestCatalogReachability_SilentOnAServedMethod","Output":"=== PAUSE TestCatalogReachability_SilentOnAServedMethod\n"}
{"Time":"2026-09-17T15:50:48.297394844+03:00","Action":"pause","Package":"github.com/PRO-Robotech/kacho/internal/repohygiene","Test":"TestCatalogReachability_SilentOnAServedMethod"}
{"Time":"2026-09-17T15:50:48.297397348+03:00","Action":"run","Package":"github.com/PRO-Robotech/kacho/internal/repohygiene","Test":"TestCatalogReachability_RedOnAnUnmountedService"}
{"Time":"2026-09-17T15:50:48.297399312+03:00","Action":"output","Package":"github.com/PRO-Robotech/kacho/internal/repohygiene","Test":"TestCatalogReachability_RedOnAnUnmountedService","Output":"=== RUN   TestCatalogReachability_RedOnAnUnmountedService\n"}
{"Time":"2026-09-17T15:50:48.297401867+03:00","Action":"output","Package":"github.com/PRO-Robotech/kacho/internal/repohygiene","Test":"TestCatalogReachability_RedOnAnUnmountedService","Output":"=== PAUSE TestCatalogReachability_RedOnAnUnmountedService\n"}
{"Time":"2026-09-17T15:50:48.297406516+03:00","Action":"pause","Package":"github.com/PRO-Robotech/kacho/internal/repohygiene","Test":"TestCatalogReachability_RedOnAnUnmountedService"}
{"Time":"2026-09-17T15:50:48.297410703+03:00","Action":"run","Package":"github.com/PRO-Robotech/kacho/internal/repohygiene","Test":"TestCatalogReachability_RedOnAMethodTheContractDoesNotHave"}
{"Time":"2026-09-17T15:50:48.297413028+03:00","Action":"output","Package":"github.com/PRO-Robotech/kacho/internal/repohygiene","Test":"TestCatalogReachability_RedOnAMethodTheContractDoesNotHave","Output":"=== RUN   TestCatalogReachability_RedOnAMethodTheContractDoesNotHave\n"}
{"Time":"2026-09-17T15:50:48.297416584+03:00","Action":"output","Package":"github.com/PRO-Robotech/kacho/internal/repohygiene","Test":"TestCatalogReachability_RedOnAMethodTheContractDoesNotHave","Output":"=== PAUSE TestCatalogReachability_RedOnAMethodTheContractDoesNotHave\n"}
{"Time":"2026-09-17T15:50:48.297418999+03:00","Action":"pause","Package":"github.com/PRO-Robotech/kacho/internal/repohygiene","Test":"TestCatalogReachability_RedOnAMethodTheContractDoesNotHave"}
{"Time":"2026-09-17T15:50:48.297422345+03:00","Action":"run","Package":"github.com/PRO-Robotech/kacho/internal/repohygiene","Test":"TestCatalogReachability_RedOnAServiceTheContractDoesNotHave"}
{"Time":"2026-09-17T15:50:48.297424219+03:00","Action":"output","Package":"github.com/PRO-Robotech/kacho/internal/repohygiene","Test":"TestCatalogReachability_RedOnAServiceTheContractDoesNotHave","Output":"=== RUN   TestCatalogReachability_RedOnAServiceTheContractDoesNotHave\n"}
{"Time":"2026-09-17T15:50:48.297426854+03:00","Action":"output","Package":"github.com/PRO-Robotech/kacho/internal/repohygiene","Test":"TestCatalogReachability_RedOnAServiceTheContractDoesNotHave","Output":"=== PAUSE TestCatalogReachability_RedOnAServiceTheContractDoesNotHave\n"}
{"Time":"2026-09-17T15:50:48.297429038+03:00","Action":"pause","Package":"github.com/PRO-Robotech/kacho/internal/repohygiene","Test":"TestCatalogReachability_RedOnAServiceTheContractDoesNotHave"}
{"Time":"2026-09-17T15:50:48.297433266+03:00","Action":"run","Package":"github.com/PRO-Robotech/kacho/internal/repohygiene","Test":"TestCatalogReachability_MethodsAreNotBorrowedBetweenDescriptors"}
{"Time":"2026-09-17T15:50:48.297435791+03:00","Action":"output","Package":"github.com/PRO-Robotech/kacho/internal/repohygiene","Test":"TestCatalogReachability_MethodsAreNotBorrowedBetweenDescriptors","Output":"=== RUN   TestCatalogReachability_MethodsAreNotBorrowedBetweenDescriptors\n"}
{"Time":"2026-09-17T15:50:48.297438496+03:00","Action":"output","Package":"github.com/PRO-Robotech/kacho/internal/repohygiene","Test":"TestCatalogReachability_MethodsAreNotBorrowedBetweenDescriptors","Output":"=== PAUSE TestCatalogReachability_MethodsAreNotBorrowedBetweenDescriptors\n"}
{"Time":"2026-09-17T15:50:48.2974406+03:00","Action":"pause","Package":"github.com/PRO-Robotech/kacho/internal/repohygiene","Test":"TestCatalogReachability_MethodsAreNotBorrowedBetweenDescriptors"}
{"Time":"2026-09-17T15:50:48.297443976+03:00","Action":"run","Package":"github.com/PRO-Robotech/kacho/internal/repohygiene","Test":"TestCatalogReachability_AllowExcusesAndThenExpires"}
{"Time":"2026-09-17T15:50:48.29744623+03:00","Action":"output","Package":"github.com/PRO-Robotech/kacho/internal/repohygiene","Test":"TestCatalogReachability_AllowExcusesAndThenExpires","Output":"=== RUN   TestCatalogReachability_AllowExcusesAndThenExpires\n"}
{"Time":"2026-09-17T15:50:48.297448725+03:00","Action":"output","Package":"github.com/PRO-Robotech/kacho/internal/repohygiene","Test":"TestCatalogReachability_AllowExcusesAndThenExpires","Output":"=== PAUSE TestCatalogReachability_AllowExcusesAndThenExpires\n"}
{"Time":"2026-09-17T15:50:48.297450779+03:00","Action":"pause","Package":"github.com/PRO-Robotech/kacho/internal/repohygiene","Test":"TestCatalogReachability_AllowExcusesAndThenExpires"}
{"Time":"2026-09-17T15:50:48.297453985+03:00","Action":"run","Package":"github.com/PRO-Robotech/kacho/internal/repohygiene","Test":"TestCatalogReachability_EmptyCatalogIsAnError"}
{"Time":"2026-09-17T15:50:48.297458032+03:00","Action":"output","Package":"github.com/PRO-Robotech/kacho/internal/repohygiene","Test":"TestCatalogReachability_EmptyCatalogIsAnError","Output":"=== RUN   TestCatalogReachability_EmptyCatalogIsAnError\n"}
{"Time":"2026-09-17T15:50:48.297466428+03:00","Action":"output","Package":"github.com/PRO-Robotech/kacho/internal/repohygiene","Test":"TestCatalogReachability_EmptyCatalogIsAnError","Output":"=== PAUSE TestCatalogReachability_EmptyCatalogIsAnError\n"}
{"Time":"2026-09-17T15:50:48.297469945+03:00","Action":"pause","Package":"github.com/PRO-Robotech/kacho/internal/repohygiene","Test":"TestCatalogReachability_EmptyCatalogIsAnError"}
{"Time":"2026-09-17T15:50:48.297611461+03:00","Action":"run","Package":"github.com/PRO-Robotech/kacho/internal/repohygiene","Test":"TestGRPCMountParity_EveryDeclaredServiceIsMounted"}
{"Time":"2026-09-17T15:50:48.297614406+03:00","Action":"output","Package":"github.com/PRO-Robotech/kacho/internal/repohygiene","Test":"TestGRPCMountParity_EveryDeclaredServiceIsMounted","Output":"=== RUN   TestGRPCMountParity_EveryDeclaredServiceIsMounted\n"}
{"Time":"2026-09-17T15:50:48.297633622+03:00","Action":"output","Package":"github.com/PRO-Robotech/kacho/internal/repohygiene","Test":"TestGRPCMountParity_EveryDeclaredServiceIsMounted","Output":"=== PAUSE TestGRPCMountParity_EveryDeclaredServiceIsMounted\n"}
{"Time":"2026-09-17T15:50:48.297636287+03:00","Action":"pause","Package":"github.com/PRO-Robotech/kacho/internal/repohygiene","Test":"TestGRPCMountParity_EveryDeclaredServiceIsMounted"}
{"Time":"2026-09-17T15:50:48.297638722+03:00","Action":"run","Package":"github.com/PRO-Robotech/kacho/internal/repohygiene","Test":"TestGRPCMountParity_SeesAnUnmountedServiceAsUnmounted"}
{"Time":"2026-09-17T15:50:48.297640686+03:00","Action":"output","Package":"github.com/PRO-Robotech/kacho/internal/repohygiene","Test":"TestGRPCMountParity_SeesAnUnmountedServiceAsUnmounted","Output":"=== RUN   TestGRPCMountParity_SeesAnUnmountedServiceAsUnmounted\n"}
{"Time":"2026-09-17T15:50:48.297646707+03:00","Action":"output","Package":"github.com/PRO-Robotech/kacho/internal/repohygiene","Test":"TestGRPCMountParity_SeesAnUnmountedServiceAsUnmounted","Output":"=== PAUSE TestGRPCMountParity_SeesAnUnmountedServiceAsUnmounted\n"}
{"Time":"2026-09-17T15:50:48.297648711+03:00","Action":"pause","Package":"github.com/PRO-Robotech/kacho/internal/repohygiene","Test":"TestGRPCMountParity_SeesAnUnmountedServiceAsUnmounted"}
{"Time":"2026-09-17T15:50:48.297651065+03:00","Action":"run","Package":"github.com/PRO-Robotech/kacho/internal/repohygiene","Test":"TestGRPCMountParity_ReadsTheImportAliasAndNotThePathTail"}
{"Time":"2026-09-17T15:50:48.297653039+03:00","Action":"output","Package":"github.com/PRO-Robotech/kacho/internal/repohygiene","Test":"TestGRPCMountParity_ReadsTheImportAliasAndNotThePathTail","Output":"=== RUN   TestGRPCMountParity_ReadsTheImportAliasAndNotThePathTail\n"}
{"Time":"2026-09-17T15:50:48.297660713+03:00","Action":"output","Package":"github.com/PRO-Robotech/kacho/internal/repohygiene","Test":"TestGRPCMountParity_ReadsTheImportAliasAndNotThePathTail","Output":"=== PAUSE TestGRPCMountParity_ReadsTheImportAliasAndNotThePathTail\n"}
{"Time":"2026-09-17T15:50:48.297662817+03:00","Action":"pause","Package":"github.com/PRO-Robotech/kacho/internal/repohygiene","Test":"TestGRPCMountParity_ReadsTheImportAliasAndNotThePathTail"}
{"Time":"2026-09-17T15:50:48.297665302+03:00","Action":"run","Package":"github.com/PRO-Robotech/kacho/internal/repohygiene","Test":"TestGRPCMountParity_AStaleAllowIsItselfAFinding"}
{"Time":"2026-09-17T15:50:48.297667175+03:00","Action":"output","Package":"github.com/PRO-Robotech/kacho/internal/repohygiene","Test":"TestGRPCMountParity_AStaleAllowIsItselfAFinding","Output":"=== RUN   TestGRPCMountParity_AStaleAllowIsItselfAFinding\n"}
{"Time":"2026-09-17T15:50:48.297670822+03:00","Action":"output","Package":"github.com/PRO-Robotech/kacho/internal/repohygiene","Test":"TestGRPCMountParity_AStaleAllowIsItselfAFinding","Output":"=== PAUSE TestGRPCMountParity_AStaleAllowIsItselfAFinding\n"}
{"Time":"2026-09-17T15:50:48.297674359+03:00","Action":"pause","Package":"github.com/PRO-Robotech/kacho/internal/repohygiene","Test":"TestGRPCMountParity_AStaleAllowIsItselfAFinding"}
{"Time":"2026-09-17T15:50:48.297676653+03:00","Action":"run","Package":"github.com/PRO-Robotech/kacho/internal/repohygiene","Test":"TestGRPCMountParity_EmptySubjectIsAnError"}
{"Time":"2026-09-17T15:50:48.297678928+03:00","Action":"output","Package":"github.com/PRO-Robotech/kacho/internal/repohygiene","Test":"TestGRPCMountParity_EmptySubjectIsAnError","Output":"=== RUN   TestGRPCMountParity_EmptySubjectIsAnError\n"}
{"Time":"2026-09-17T15:50:48.297682154+03:00","Action":"output","Package":"github.com/PRO-Robotech/kacho/internal/repohygiene","Test":"TestGRPCMountParity_EmptySubjectIsAnError","Output":"=== PAUSE TestGRPCMountParity_EmptySubjectIsAnError\n"}
{"Time":"2026-09-17T15:50:48.297684498+03:00","Action":"pause","Package":"github.com/PRO-Robotech/kacho/internal/repohygiene","Test":"TestGRPCMountParity_EmptySubjectIsAnError"}
{"Time":"2026-09-17T15:50:48.297686893+03:00","Action":"run","Package":"github.com/PRO-Robotech/kacho/internal/repohygiene","Test":"TestGRPCMountParity_AnAllowForAnUnownedPackageIsOutOfSubject"}
{"Time":"2026-09-17T15:50:48.297688836+03:00","Action":"output","Package":"github.com/PRO-Robotech/kacho/internal/repohygiene","Test":"TestGRPCMountParity_AnAllowForAnUnownedPackageIsOutOfSubject","Output":"=== RUN   TestGRPCMountParity_AnAllowForAnUnownedPackageIsOutOfSubject\n"}
{"Time":"2026-09-17T15:50:48.297692082+03:00","Action":"output","Package":"github.com/PRO-Robotech/kacho/internal/repohygiene","Test":"TestGRPCMountParity_AnAllowForAnUnownedPackageIsOutOfSubject","Output":"=== PAUSE TestGRPCMountParity_AnAllowForAnUnownedPackageIsOutOfSubject\n"}
{"Time":"2026-09-17T15:50:48.29769633+03:00","Action":"pause","Package":"github.com/PRO-Robotech/kacho/internal/repohygiene","Test":"TestGRPCMountParity_AnAllowForAnUnownedPackageIsOutOfSubject"}
{"Time":"2026-09-17T15:50:48.297857814+03:00","Action":"run","Package":"github.com/PRO-Robotech/kacho/internal/repohygiene","Test":"TestGRPCMountParity_DoesNotReadThroughASymlinkOutOfTheAPIRoot"}
{"Time":"2026-09-17T15:50:48.297860318+03:00","Action":"output","Package":"github.com/PRO-Robotech/kacho/internal/repohygiene","Test":"TestGRPCMountParity_DoesNotReadThroughASymlinkOutOfTheAPIRoot","Output":"=== RUN   TestGRPCMountParity_DoesNotReadThroughASymlinkOutOfTheAPIRoot\n"}
{"Time":"2026-09-17T15:50:48.297877671+03:00","Action":"output","Package":"github.com/PRO-Robotech/kacho/internal/repohygiene","Test":"TestGRPCMountParity_DoesNotReadThroughASymlinkOutOfTheAPIRoot","Output":"=== PAUSE TestGRPCMountParity_DoesNotReadThroughASymlinkOutOfTheAPIRoot\n"}
{"Time":"2026-09-17T15:50:48.297880426+03:00","Action":"pause","Package":"github.com/PRO-Robotech/kacho/internal/repohygiene","Test":"TestGRPCMountParity_DoesNotReadThroughASymlinkOutOfTheAPIRoot"}
{"Time":"2026-09-17T15:50:48.297909411+03:00","Action":"run","Package":"github.com/PRO-Robotech/kacho/internal/repohygiene","Test":"TestSubscriptionShapeStandIsCleanBeforeInjection"}
{"Time":"2026-09-17T15:50:48.297911825+03:00","Action":"output","Package":"github.com/PRO-Robotech/kacho/internal/repohygiene","Test":"TestSubscriptionShapeStandIsCleanBeforeInjection","Output":"=== RUN   TestSubscriptionShapeStandIsCleanBeforeInjection\n"}
{"Time":"2026-09-17T15:50:48.297942413+03:00","Action":"output","Package":"github.com/PRO-Robotech/kacho/internal/repohygiene","Test":"TestSubscriptionShapeStandIsCleanBeforeInjection","Output":"=== PAUSE TestSubscriptionShapeStandIsCleanBeforeInjection\n"}
{"Time":"2026-09-17T15:50:48.297944998+03:00","Action":"pause","Package":"github.com/PRO-Robotech/kacho/internal/repohygiene","Test":"TestSubscriptionShapeStandIsCleanBeforeInjection"}
{"Time":"2026-09-17T15:50:48.297948274+03:00","Action":"run","Package":"github.com/PRO-Robotech/kacho/internal/repohygiene","Test":"TestSubscriptionShapeAxisLedgerCanFail"}
{"Time":"2026-09-17T15:50:48.297950197+03:00","Action":"output","Package":"github.com/PRO-Robotech/kacho/internal/repohygiene","Test":"TestSubscriptionShapeAxisLedgerCanFail","Output":"=== RUN   TestSubscriptionShapeAxisLedgerCanFail\n"}
{"Time":"2026-09-17T15:50:48.297959976+03:00","Action":"output","Package":"github.com/PRO-Robotech/kacho/internal/repohygiene","Test":"TestSubscriptionShapeAxisLedgerCanFail","Output":"=== PAUSE TestSubscriptionShapeAxisLedgerCanFail\n"}
{"Time":"2026-09-17T15:50:48.29796211+03:00","Action":"pause","Package":"github.com/PRO-Robotech/kacho/internal/repohygiene","Test":"TestSubscriptionShapeAxisLedgerCanFail"}
{"Time":"2026-09-17T15:50:48.29797801+03:00","Action":"run","Package":"github.com/PRO-Robotech/kacho/internal/repohygiene","Test":"TestSubscriptionShapeCategoryMarkCanFail"}
{"Time":"2026-09-17T15:50:48.297980484+03:00","Action":"output","Package":"github.com/PRO-Robotech/kacho/internal/repohygiene","Test":"TestSubscriptionShapeCategoryMarkCanFail","Output":"=== RUN   TestSubscriptionShapeCategoryMarkCanFail\n"}
{"Time":"2026-09-17T15:50:48.297983901+03:00","Action":"output","Package":"github.com/PRO-Robotech/kacho/internal/repohygiene","Test":"TestSubscriptionShapeCategoryMarkCanFail","Output":"=== PAUSE TestSubscriptionShapeCategoryMarkCanFail\n"}
{"Time":"2026-09-17T15:50:48.29798857+03:00","Action":"pause","Package":"github.com/PRO-Robotech/kacho/internal/repohygiene","Test":"TestSubscriptionShapeCategoryMarkCanFail"}
{"Time":"2026-09-17T15:50:48.297992256+03:00","Action":"run","Package":"github.com/PRO-Robotech/kacho/internal/repohygiene","Test":"TestSubscriptionShapeAbsentAxisCanFail"}
{"Time":"2026-09-17T15:50:48.29799432+03:00","Action":"output","Package":"github.com/PRO-Robotech/kacho/internal/repohygiene","Test":"TestSubscriptionShapeAbsentAxisCanFail","Output":"=== RUN   TestSubscriptionShapeAbsentAxisCanFail\n"}
{"Time":"2026-09-17T15:50:48.297997446+03:00","Action":"output","Package":"github.com/PRO-Robotech/kacho/internal/repohygiene","Test":"TestSubscriptionShapeAbsentAxisCanFail","Output":"=== PAUSE TestSubscriptionShapeAbsentAxisCanFail\n"}
{"Time":"2026-09-17T15:50:48.29799934+03:00","Action":"pause","Package":"github.com/PRO-Robotech/kacho/internal/repohygiene","Test":"TestSubscriptionShapeAbsentAxisCanFail"}
{"Time":"2026-09-17T15:50:48.298002416+03:00","Action":"run","Package":"github.com/PRO-Robotech/kacho/internal/repohygiene","Test":"TestSubscriptionShapeUnsetOutcomeCanFail"}
{"Time":"2026-09-17T15:50:48.298004289+03:00","Action":"output","Package":"github.com/PRO-Robotech/kacho/internal/repohygiene","Test":"TestSubscriptionShapeUnsetOutcomeCanFail","Output":"=== RUN   TestSubscriptionShapeUnsetOutcomeCanFail\n"}
{"Time":"2026-09-17T15:50:48.298007705+03:00","Action":"output","Package":"github.com/PRO-Robotech/kacho/internal/repohygiene","Test":"TestSubscriptionShapeUnsetOutcomeCanFail","Output":"=== PAUSE TestSubscriptionShapeUnsetOutcomeCanFail\n"}
{"Time":"2026-09-17T15:50:48.29800987+03:00","Action":"pause","Package":"github.com/PRO-Robotech/kacho/internal/repohygiene","Test":"TestSubscriptionShapeUnsetOutcomeCanFail"}
{"Time":"2026-09-17T15:50:48.298014618+03:00","Action":"run","Package":"github.com/PRO-Robotech/kacho/internal/repohygiene","Test":"TestSubscriptionShapeCarrierCanFail"}
{"Time":"2026-09-17T15:50:48.298016492+03:00","Action":"output","Package":"github.com/PRO-Robotech/kacho/internal/repohygiene","Test":"TestSubscriptionShapeCarrierCanFail","Output":"=== RUN   TestSubscriptionShapeCarrierCanFail\n"}
{"Time":"2026-09-17T15:50:48.298019608+03:00","Action":"output","Package":"github.com/PRO-Robotech/kacho/internal/repohygiene","Test":"TestSubscriptionShapeCarrierCanFail","Output":"=== PAUSE TestSubscriptionShapeCarrierCanFail\n"}
{"Time":"2026-09-17T15:50:48.298021552+03:00","Action":"pause","Package":"github.com/PRO-Robotech/kacho/internal/repohygiene","Test":"TestSubscriptionShapeCarrierCanFail"}
{"Time":"2026-09-17T15:50:48.298024607+03:00","Action":"run","Package":"github.com/PRO-Robotech/kacho/internal/repohygiene","Test":"TestSubscriptionShapeAnchorCanFail"}
{"Time":"2026-09-17T15:50:48.298026491+03:00","Action":"output","Package":"github.com/PRO-Robotech/kacho/internal/repohygiene","Test":"TestSubscriptionShapeAnchorCanFail","Output":"=== RUN   TestSubscriptionShapeAnchorCanFail\n"}
{"Time":"2026-09-17T15:50:48.298029537+03:00","Action":"output","Package":"github.com/PRO-Robotech/kacho/internal/repohygiene","Test":"TestSubscriptionShapeAnchorCanFail","Output":"=== PAUSE TestSubscriptionShapeAnchorCanFail\n"}
{"Time":"2026-09-17T15:50:48.298031851+03:00","Action":"pause","Package":"github.com/PRO-Robotech/kacho/internal/repohygiene","Test":"TestSubscriptionShapeAnchorCanFail"}
{"Time":"2026-09-17T15:50:48.298035027+03:00","Action":"run","Package":"github.com/PRO-Robotech/kacho/internal/repohygiene","Test":"TestSubscriptionShapeHorizonCanFail"}
{"Time":"2026-09-17T15:50:48.29803695+03:00","Action":"output","Package":"github.com/PRO-Robotech/kacho/internal/repohygiene","Test":"TestSubscriptionShapeHorizonCanFail","Output":"=== RUN   TestSubscriptionShapeHorizonCanFail\n"}
{"Time":"2026-09-17T15:50:48.298044585+03:00","Action":"output","Package":"github.com/PRO-Robotech/kacho/internal/repohygiene","Test":"TestSubscriptionShapeHorizonCanFail","Output":"=== PAUSE TestSubscriptionShapeHorizonCanFail\n"}
{"Time":"2026-09-17T15:50:48.298046569+03:00","Action":"pause","Package":"github.com/PRO-Robotech/kacho/internal/repohygiene","Test":"TestSubscriptionShapeHorizonCanFail"}
{"Time":"2026-09-17T15:50:48.298048713+03:00","Action":"run","Package":"github.com/PRO-Robotech/kacho/internal/repohygiene","Test":"TestSubscriptionShapeStopReasonCanFail"}
{"Time":"2026-09-17T15:50:48.298050766+03:00","Action":"output","Package":"github.com/PRO-Robotech/kacho/internal/repohygiene","Test":"TestSubscriptionShapeStopReasonCanFail","Output":"=== RUN   TestSubscriptionShapeStopReasonCanFail\n"}
{"Time":"2026-09-17T15:50:48.298068981+03:00","Action":"output","Package":"github.com/PRO-Robotech/kacho/internal/repohygiene","Test":"TestSubscriptionShapeStopReasonCanFail","Output":"=== PAUSE TestSubscriptionShapeStopReasonCanFail\n"}
{"Time":"2026-09-17T15:50:48.298076124+03:00","Action":"pause","Package":"github.com/PRO-Robotech/kacho/internal/repohygiene","Test":"TestSubscriptionShapeStopReasonCanFail"}
{"Time":"2026-09-17T15:50:48.298081113+03:00","Action":"run","Package":"github.com/PRO-Robotech/kacho/internal/repohygiene","Test":"TestSubscriptionShapePerimeterCanFail"}
{"Time":"2026-09-17T15:50:48.298083298+03:00","Action":"output","Package":"github.com/PRO-Robotech/kacho/internal/repohygiene","Test":"TestSubscriptionShapePerimeterCanFail","Output":"=== RUN   TestSubscriptionShapePerimeterCanFail\n"}
{"Time":"2026-09-17T15:50:48.298086964+03:00","Action":"output","Package":"github.com/PRO-Robotech/kacho/internal/repohygiene","Test":"TestSubscriptionShapePerimeterCanFail","Output":"=== PAUSE TestSubscriptionShapePerimeterCanFail\n"}
{"Time":"2026-09-17T15:50:48.298091162+03:00","Action":"pause","Package":"github.com/PRO-Robotech/kacho/internal/repohygiene","Test":"TestSubscriptionShapePerimeterCanFail"}
{"Time":"2026-09-17T15:50:48.298093897+03:00","Action":"run","Package":"github.com/PRO-Robotech/kacho/internal/repohygiene","Test":"TestSubscriptionShapeOwnerVocabularyCanFail"}
{"Time":"2026-09-17T15:50:48.298096032+03:00","Action":"output","Package":"github.com/PRO-Robotech/kacho/internal/repohygiene","Test":"TestSubscriptionShapeOwnerVocabularyCanFail","Output":"=== RUN   TestSubscriptionShapeOwnerVocabularyCanFail\n"}
{"Time":"2026-09-17T15:50:48.298099929+03:00","Action":"output","Package":"github.com/PRO-Robotech/kacho/internal/repohygiene","Test":"TestSubscriptionShapeOwnerVocabularyCanFail","Output":"=== PAUSE TestSubscriptionShapeOwnerVocabularyCanFail\n"}
{"Time":"2026-09-17T15:50:48.298102043+03:00","Action":"pause","Package":"github.com/PRO-Robotech/kacho/internal/repohygiene","Test":"TestSubscriptionShapeOwnerVocabularyCanFail"}
{"Time":"2026-09-17T15:50:48.298104437+03:00","Action":"run","Package":"github.com/PRO-Robotech/kacho/internal/repohygiene","Test":"TestSubscriptionShapeRefusesAnEmptyRead"}
{"Time":"2026-09-17T15:50:48.298108445+03:00","Action":"output","Package":"github.com/PRO-Robotech/kacho/internal/repohygiene","Test":"TestSubscriptionShapeRefusesAnEmptyRead","Output":"=== RUN   TestSubscriptionShapeRefusesAnEmptyRead\n"}
{"Time":"2026-09-17T15:50:48.298110889+03:00","Action":"output","Package":"github.com/PRO-Robotech/kacho/internal/repohygiene","Test":"TestSubscriptionShapeRefusesAnEmptyRead","Output":"=== PAUSE TestSubscriptionShapeRefusesAnEmptyRead\n"}
{"Time":"2026-09-17T15:50:48.298112783+03:00","Action":"pause","Package":"github.com/PRO-Robotech/kacho/internal/repohygiene","Test":"TestSubscriptionShapeRefusesAnEmptyRead"}
{"Time":"2026-09-17T15:50:48.298118183+03:00","Action":"run","Package":"github.com/PRO-Robotech/kacho/internal/repohygiene","Test":"TestSubscriptionShapeMissingMessageCanFail"}
{"Time":"2026-09-17T15:50:48.298128102+03:00","Action":"output","Package":"github.com/PRO-Robotech/kacho/internal/repohygiene","Test":"TestSubscriptionShapeMissingMessageCanFail","Output":"=== RUN   TestSubscriptionShapeMissingMessageCanFail\n"}
{"Time":"2026-09-17T15:50:48.298131047+03:00","Action":"output","Package":"github.com/PRO-Robotech/kacho/internal/repohygiene","Test":"TestSubscriptionShapeMissingMessageCanFail","Output":"=== PAUSE TestSubscriptionShapeMissingMessageCanFail\n"}
{"Time":"2026-09-17T15:50:48.298135265+03:00","Action":"pause","Package":"github.com/PRO-Robotech/kacho/internal/repohygiene","Test":"TestSubscriptionShapeMissingMessageCanFail"}
{"Time":"2026-09-17T15:50:48.29813771+03:00","Action":"run","Package":"github.com/PRO-Robotech/kacho/internal/repohygiene","Test":"TestSubscriptionFormShape"}
{"Time":"2026-09-17T15:50:48.298140655+03:00","Action":"output","Package":"github.com/PRO-Robotech/kacho/internal/repohygiene","Test":"TestSubscriptionFormShape","Output":"=== RUN   TestSubscriptionFormShape\n"}
{"Time":"2026-09-17T15:50:48.298147248+03:00","Action":"output","Package":"github.com/PRO-Robotech/kacho/internal/repohygiene","Test":"TestSubscriptionFormShape","Output":"=== PAUSE TestSubscriptionFormShape\n"}
{"Time":"2026-09-17T15:50:48.298149282+03:00","Action":"pause","Package":"github.com/PRO-Robotech/kacho/internal/repohygiene","Test":"TestSubscriptionFormShape"}
{"Time":"2026-09-17T15:50:48.298152598+03:00","Action":"run","Package":"github.com/PRO-Robotech/kacho/internal/repohygiene","Test":"TestSubscriptionShapeReasonContract"}
{"Time":"2026-09-17T15:50:48.298154792+03:00","Action":"output","Package":"github.com/PRO-Robotech/kacho/internal/repohygiene","Test":"TestSubscriptionShapeReasonContract","Output":"=== RUN   TestSubscriptionShapeReasonContract\n"}
{"Time":"2026-09-17T15:50:48.298157186+03:00","Action":"output","Package":"github.com/PRO-Robotech/kacho/internal/repohygiene","Test":"TestSubscriptionShapeReasonContract","Output":"=== PAUSE TestSubscriptionShapeReasonContract\n"}
{"Time":"2026-09-17T15:50:48.29815909+03:00","Action":"pause","Package":"github.com/PRO-Robotech/kacho/internal/repohygiene","Test":"TestSubscriptionShapeReasonContract"}
{"Time":"2026-09-17T15:50:48.298220405+03:00","Action":"cont","Package":"github.com/PRO-Robotech/kacho/internal/repohygiene","Test":"TestCatalogReachability_EveryRowResolvesToAServedMethod"}
{"Time":"2026-09-17T15:50:48.298226647+03:00","Action":"output","Package":"github.com/PRO-Robotech/kacho/internal/repohygiene","Test":"TestCatalogReachability_EveryRowResolvesToAServedMethod","Output":"=== CONT  TestCatalogReachability_EveryRowResolvesToAServedMethod\n"}
{"Time":"2026-09-17T15:50:48.298287872+03:00","Action":"cont","Package":"github.com/PRO-Robotech/kacho/internal/repohygiene","Test":"TestSubscriptionShapeStandIsCleanBeforeInjection"}
{"Time":"2026-09-17T15:50:48.298293923+03:00","Action":"output","Package":"github.com/PRO-Robotech/kacho/internal/repohygiene","Test":"TestSubscriptionShapeStandIsCleanBeforeInjection","Output":"=== CONT  TestSubscriptionShapeStandIsCleanBeforeInjection\n"}
{"Time":"2026-09-17T15:50:48.298307409+03:00","Action":"cont","Package":"github.com/PRO-Robotech/kacho/internal/repohygiene","Test":"TestCatalogReachability_AllowExcusesAndThenExpires"}
{"Time":"2026-09-17T15:50:48.298310996+03:00","Action":"output","Package":"github.com/PRO-Robotech/kacho/internal/repohygiene","Test":"TestCatalogReachability_AllowExcusesAndThenExpires","Output":"=== CONT  TestCatalogReachability_AllowExcusesAndThenExpires\n"}
{"Time":"2026-09-17T15:50:48.298316326+03:00","Action":"cont","Package":"github.com/PRO-Robotech/kacho/internal/repohygiene","Test":"TestGRPCMountParity_EveryDeclaredServiceIsMounted"}
{"Time":"2026-09-17T15:50:48.298322968+03:00","Action":"output","Package":"github.com/PRO-Robotech/kacho/internal/repohygiene","Test":"TestGRPCMountParity_EveryDeclaredServiceIsMounted","Output":"=== CONT  TestGRPCMountParity_EveryDeclaredServiceIsMounted\n"}
{"Time":"2026-09-17T15:50:48.298355189+03:00","Action":"cont","Package":"github.com/PRO-Robotech/kacho/internal/repohygiene","Test":"TestSubscriptionShapeStopReasonCanFail"}
{"Time":"2026-09-17T15:50:48.298359557+03:00","Action":"output","Package":"github.com/PRO-Robotech/kacho/internal/repohygiene","Test":"TestSubscriptionShapeStopReasonCanFail","Output":"=== CONT  TestSubscriptionShapeStopReasonCanFail\n"}
{"Time":"2026-09-17T15:50:48.298382029+03:00","Action":"cont","Package":"github.com/PRO-Robotech/kacho/internal/repohygiene","Test":"TestSubscriptionShapeUnsetOutcomeCanFail"}
{"Time":"2026-09-17T15:50:48.298386007+03:00","Action":"output","Package":"github.com/PRO-Robotech/kacho/internal/repohygiene","Test":"TestSubscriptionShapeUnsetOutcomeCanFail","Output":"=== CONT  TestSubscriptionShapeUnsetOutcomeCanFail\n"}
{"Time":"2026-09-17T15:50:48.298422124+03:00","Action":"cont","Package":"github.com/PRO-Robotech/kacho/internal/repohygiene","Test":"TestSubscriptionShapeOwnerVocabularyCanFail"}
{"Time":"2026-09-17T15:50:48.298438916+03:00","Action":"output","Package":"github.com/PRO-Robotech/kacho/internal/repohygiene","Test":"TestSubscriptionShapeOwnerVocabularyCanFail","Output":"=== CONT  TestSubscriptionShapeOwnerVocabularyCanFail\n"}
{"Time":"2026-09-17T15:50:48.298444206+03:00","Action":"cont","Package":"github.com/PRO-Robotech/kacho/internal/repohygiene","Test":"TestSubscriptionShapeRefusesAnEmptyRead"}
{"Time":"2026-09-17T15:50:48.29844664+03:00","Action":"output","Package":"github.com/PRO-Robotech/kacho/internal/repohygiene","Test":"TestSubscriptionShapeRefusesAnEmptyRead","Output":"=== CONT  TestSubscriptionShapeRefusesAnEmptyRead\n"}
{"Time":"2026-09-17T15:50:48.29845193+03:00","Action":"cont","Package":"github.com/PRO-Robotech/kacho/internal/repohygiene","Test":"TestSubscriptionFormShape"}
{"Time":"2026-09-17T15:50:48.298454575+03:00","Action":"output","Package":"github.com/PRO-Robotech/kacho/internal/repohygiene","Test":"TestSubscriptionFormShape","Output":"=== CONT  TestSubscriptionFormShape\n"}
{"Time":"2026-09-17T15:50:48.29845714+03:00","Action":"cont","Package":"github.com/PRO-Robotech/kacho/internal/repohygiene","Test":"TestSubscriptionShapeAbsentAxisCanFail"}
{"Time":"2026-09-17T15:50:48.298459224+03:00","Action":"output","Package":"github.com/PRO-Robotech/kacho/internal/repohygiene","Test":"TestSubscriptionShapeAbsentAxisCanFail","Output":"=== CONT  TestSubscriptionShapeAbsentAxisCanFail\n"}
{"Time":"2026-09-17T15:50:48.298461569+03:00","Action":"cont","Package":"github.com/PRO-Robotech/kacho/internal/repohygiene","Test":"TestSubscriptionShapeHorizonCanFail"}
{"Time":"2026-09-17T15:50:48.298463642+03:00","Action":"output","Package":"github.com/PRO-Robotech/kacho/internal/repohygiene","Test":"TestSubscriptionShapeHorizonCanFail","Output":"=== CONT  TestSubscriptionShapeHorizonCanFail\n"}
{"Time":"2026-09-17T15:50:48.298465957+03:00","Action":"cont","Package":"github.com/PRO-Robotech/kacho/internal/repohygiene","Test":"TestSubscriptionShapeAxisLedgerCanFail"}
{"Time":"2026-09-17T15:50:48.29846781+03:00","Action":"output","Package":"github.com/PRO-Robotech/kacho/internal/repohygiene","Test":"TestSubscriptionShapeAxisLedgerCanFail","Output":"=== CONT  TestSubscriptionShapeAxisLedgerCanFail\n"}
{"Time":"2026-09-17T15:50:48.298471878+03:00","Action":"run","Package":"github.com/PRO-Robotech/kacho/internal/repohygiene","Test":"TestSubscriptionShapeStopReasonCanFail/причина_остановки_полем_события_—_находка"}
{"Time":"2026-09-17T15:50:48.298474503+03:00","Action":"output","Package":"github.com/PRO-Robotech/kacho/internal/repohygiene","Test":"TestSubscriptionShapeStopReasonCanFail/причина_остановки_полем_события_—_находка","Output":"=== RUN   TestSubscriptionShapeStopReasonCanFail/причина_остановки_полем_события_—_находка\n"}
{"Time":"2026-09-17T15:50:48.298491284+03:00","Action":"cont","Package":"github.com/PRO-Robotech/kacho/internal/repohygiene","Test":"TestCatalogReachability_MethodsAreNotBorrowedBetweenDescriptors"}
{"Time":"2026-09-17T15:50:48.29849413+03:00","Action":"output","Package":"github.com/PRO-Robotech/kacho/internal/repohygiene","Test":"TestCatalogReachability_MethodsAreNotBorrowedBetweenDescriptors","Output":"=== CONT  TestCatalogReachability_MethodsAreNotBorrowedBetweenDescriptors\n"}
{"Time":"2026-09-17T15:50:48.298497065+03:00","Action":"cont","Package":"github.com/PRO-Robotech/kacho/internal/repohygiene","Test":"TestSubscriptionShapePerimeterCanFail"}
{"Time":"2026-09-17T15:50:48.298499099+03:00","Action":"output","Package":"github.com/PRO-Robotech/kacho/internal/repohygiene","Test":"TestSubscriptionShapePerimeterCanFail","Output":"=== CONT  TestSubscriptionShapePerimeterCanFail\n"}
{"Time":"2026-09-17T15:50:48.298502165+03:00","Action":"run","Package":"github.com/PRO-Robotech/kacho/internal/repohygiene","Test":"TestSubscriptionShapeUnsetOutcomeCanFail/исход_не_назван_—_находка"}
{"Time":"2026-09-17T15:50:48.298504299+03:00","Action":"output","Package":"github.com/PRO-Robotech/kacho/internal/repohygiene","Test":"TestSubscriptionShapeUnsetOutcomeCanFail/исход_не_назван_—_находка","Output":"=== RUN   TestSubscriptionShapeUnsetOutcomeCanFail/исход_не_назван_—_находка\n"}
{"Time":"2026-09-17T15:50:48.298508467+03:00","Action":"cont","Package":"github.com/PRO-Robotech/kacho/internal/repohygiene","Test":"TestSubscriptionShapeAnchorCanFail"}
{"Time":"2026-09-17T15:50:48.29851044+03:00","Action":"output","Package":"github.com/PRO-Robotech/kacho/internal/repohygiene","Test":"TestSubscriptionShapeAnchorCanFail","Output":"=== CONT  TestSubscriptionShapeAnchorCanFail\n"}
{"Time":"2026-09-17T15:50:48.298513406+03:00","Action":"cont","Package":"github.com/PRO-Robotech/kacho/internal/repohygiene","Test":"TestCatalogReachability_RedOnAnUnmountedService"}
{"Time":"2026-09-17T15:50:48.29851542+03:00","Action":"output","Package":"github.com/PRO-Robotech/kacho/internal/repohygiene","Test":"TestCatalogReachability_RedOnAnUnmountedService","Output":"=== CONT  TestCatalogReachability_RedOnAnUnmountedService\n"}
{"Time":"2026-09-17T15:50:48.298518125+03:00","Action":"run","Package":"github.com/PRO-Robotech/kacho/internal/repohygiene","Test":"TestSubscriptionShapeAbsentAxisCanFail/объявленная_отсутствующей_ось_ЗАВЕДЕНА_—_находка"}
{"Time":"2026-09-17T15:50:48.298522884+03:00","Action":"output","Package":"github.com/PRO-Robotech/kacho/internal/repohygiene","Test":"TestSubscriptionShapeAbsentAxisCanFail/объявленная_отсутствующей_ось_ЗАВЕДЕНА_—_находка","Output":"=== RUN   TestSubscriptionShapeAbsentAxisCanFail/объявленная_отсутствующей_ось_ЗАВЕДЕНА_—_находка\n"}
{"Time":"2026-09-17T15:50:48.298527092+03:00","Action":"cont","Package":"github.com/PRO-Robotech/kacho/internal/repohygiene","Test":"TestSubscriptionShapeCategoryMarkCanFail"}
{"Time":"2026-09-17T15:50:48.29853142+03:00","Action":"output","Package":"github.com/PRO-Robotech/kacho/internal/repohygiene","Test":"TestSubscriptionShapeCategoryMarkCanFail","Output":"=== CONT  TestSubscriptionShapeCategoryMarkCanFail\n"}
{"Time":"2026-09-17T15:50:48.298565985+03:00","Action":"cont","Package":"github.com/PRO-Robotech/kacho/internal/repohygiene","Test":"TestCatalogReachability_SilentOnAServedMethod"}
{"Time":"2026-09-17T15:50:48.298569071+03:00","Action":"output","Package":"github.com/PRO-Robotech/kacho/internal/repohygiene","Test":"TestCatalogReachability_SilentOnAServedMethod","Output":"=== CONT  TestCatalogReachability_SilentOnAServedMethod\n"}
{"Time":"2026-09-17T15:50:48.298572978+03:00","Action":"run","Package":"github.com/PRO-Robotech/kacho/internal/repohygiene","Test":"TestSubscriptionShapeCategoryMarkCanFail/признак_не_проставлен_—_краснеет_с_координатой"}
{"Time":"2026-09-17T15:50:48.298575302+03:00","Action":"output","Package":"github.com/PRO-Robotech/kacho/internal/repohygiene","Test":"TestSubscriptionShapeCategoryMarkCanFail/признак_не_проставлен_—_краснеет_с_координатой","Output":"=== RUN   TestSubscriptionShapeCategoryMarkCanFail/признак_не_проставлен_—_краснеет_с_координатой\n"}
{"Time":"2026-09-17T15:50:48.298689637+03:00","Action":"cont","Package":"github.com/PRO-Robotech/kacho/internal/repohygiene","Test":"TestSubscriptionShapeCarrierCanFail"}
{"Time":"2026-09-17T15:50:48.298698133+03:00","Action":"output","Package":"github.com/PRO-Robotech/kacho/internal/repohygiene","Test":"TestSubscriptionShapeCarrierCanFail","Output":"=== CONT  TestSubscriptionShapeCarrierCanFail\n"}
{"Time":"2026-09-17T15:50:48.298706008+03:00","Action":"run","Package":"github.com/PRO-Robotech/kacho/internal/repohygiene","Test":"TestSubscriptionShapePerimeterCanFail/объявлен_глагол_—_находка"}
{"Time":"2026-09-17T15:50:48.298710156+03:00","Action":"output","Package":"github.com/PRO-Robotech/kacho/internal/repohygiene","Test":"TestSubscriptionShapePerimeterCanFail/объявлен_глагол_—_находка","Output":"=== RUN   TestSubscriptionShapePerimeterCanFail/объявлен_глагол_—_находка\n"}
{"Time":"2026-09-17T15:50:48.298716067+03:00","Action":"run","Package":"github.com/PRO-Robotech/kacho/internal/repohygiene","Test":"TestSubscriptionShapeAnchorCanFail/якоря_в_оболочке_нет_—_находка"}
{"Time":"2026-09-17T15:50:48.298719844+03:00","Action":"output","Package":"github.com/PRO-Robotech/kacho/internal/repohygiene","Test":"TestSubscriptionShapeAnchorCanFail/якоря_в_оболочке_нет_—_находка","Output":"=== RUN   TestSubscriptionShapeAnchorCanFail/якоря_в_оболочке_нет_—_находка\n"}
{"Time":"2026-09-17T15:50:48.298729793+03:00","Action":"cont","Package":"github.com/PRO-Robotech/kacho/internal/repohygiene","Test":"TestGRPCMountParity_AnAllowForAnUnownedPackageIsOutOfSubject"}
{"Time":"2026-09-17T15:50:48.298733329+03:00","Action":"output","Package":"github.com/PRO-Robotech/kacho/internal/repohygiene","Test":"TestGRPCMountParity_AnAllowForAnUnownedPackageIsOutOfSubject","Output":"=== CONT  TestGRPCMountParity_AnAllowForAnUnownedPackageIsOutOfSubject\n"}
{"Time":"2026-09-17T15:50:48.299521461+03:00","Action":"cont","Package":"github.com/PRO-Robotech/kacho/internal/repohygiene","Test":"TestCatalogReachability_RedOnAServiceTheContractDoesNotHave"}
{"Time":"2026-09-17T15:50:48.299536078+03:00","Action":"output","Package":"github.com/PRO-Robotech/kacho/internal/repohygiene","Test":"TestCatalogReachability_RedOnAServiceTheContractDoesNotHave","Output":"=== CONT  TestCatalogReachability_RedOnAServiceTheContractDoesNotHave\n"}
{"Time":"2026-09-17T15:50:48.299601231+03:00","Action":"cont","Package":"github.com/PRO-Robotech/kacho/internal/repohygiene","Test":"TestGRPCMountParity_DoesNotReadThroughASymlinkOutOfTheAPIRoot"}
{"Time":"2026-09-17T15:50:48.299605278+03:00","Action":"output","Package":"github.com/PRO-Robotech/kacho/internal/repohygiene","Test":"TestGRPCMountParity_DoesNotReadThroughASymlinkOutOfTheAPIRoot","Output":"=== CONT  TestGRPCMountParity_DoesNotReadThroughASymlinkOutOfTheAPIRoot\n"}
{"Time":"2026-09-17T15:50:48.299844929+03:00","Action":"output","Package":"github.com/PRO-Robotech/kacho/internal/repohygiene","Test":"TestSubscriptionShapeUnsetOutcomeCanFail/исход_не_назван_—_находка","Output":"    subscriptionformshape_injection_test.go:385: перепись: proto/corelib/subscription/subscription.proto — строк 69, типов 5 (верхнего уровня 4), полей 17 (осей 3), значений перечислений 3; утверждений проверено 44; находок 1\n"}
{"Time":"2026-09-17T15:50:48.29985617+03:00","Action":"cont","Package":"github.com/PRO-Robotech/kacho/internal/repohygiene","Test":"TestGRPCMountParity_EmptySubjectIsAnError"}
{"Time":"2026-09-17T15:50:48.299858965+03:00","Action":"output","Package":"github.com/PRO-Robotech/kacho/internal/repohygiene","Test":"TestGRPCMountParity_EmptySubjectIsAnError","Output":"=== CONT  TestGRPCMountParity_EmptySubjectIsAnError\n"}
{"Time":"2026-09-17T15:50:48.29986147+03:00","Action":"cont","Package":"github.com/PRO-Robotech/kacho/internal/repohygiene","Test":"TestGRPCMountParity_AStaleAllowIsItselfAFinding"}
{"Time":"2026-09-17T15:50:48.29986709+03:00","Action":"output","Package":"github.com/PRO-Robotech/kacho/internal/repohygiene","Test":"TestGRPCMountParity_AStaleAllowIsItselfAFinding","Output":"=== CONT  TestGRPCMountParity_AStaleAllowIsItselfAFinding\n"}
{"Time":"2026-09-17T15:50:48.299869725+03:00","Action":"cont","Package":"github.com/PRO-Robotech/kacho/internal/repohygiene","Test":"TestGRPCMountParity_ReadsTheImportAliasAndNotThePathTail"}
{"Time":"2026-09-17T15:50:48.299871729+03:00","Action":"output","Package":"github.com/PRO-Robotech/kacho/internal/repohygiene","Test":"TestGRPCMountParity_ReadsTheImportAliasAndNotThePathTail","Output":"=== CONT  TestGRPCMountParity_ReadsTheImportAliasAndNotThePathTail\n"}
{"Time":"2026-09-17T15:50:48.299875125+03:00","Action":"cont","Package":"github.com/PRO-Robotech/kacho/internal/repohygiene","Test":"TestGRPCMountParity_SeesAnUnmountedServiceAsUnmounted"}
{"Time":"2026-09-17T15:50:48.299877199+03:00","Action":"output","Package":"github.com/PRO-Robotech/kacho/internal/repohygiene","Test":"TestGRPCMountParity_SeesAnUnmountedServiceAsUnmounted","Output":"=== CONT  TestGRPCMountParity_SeesAnUnmountedServiceAsUnmounted\n"}
{"Time":"2026-09-17T15:50:48.299879524+03:00","Action":"cont","Package":"github.com/PRO-Robotech/kacho/internal/repohygiene","Test":"TestSubscriptionShapeReasonContract"}
{"Time":"2026-09-17T15:50:48.299881537+03:00","Action":"output","Package":"github.com/PRO-Robotech/kacho/internal/repohygiene","Test":"TestSubscriptionShapeReasonContract","Output":"=== CONT  TestSubscriptionShapeReasonContract\n"}
{"Time":"2026-09-17T15:50:48.299907927+03:00","Action":"run","Package":"github.com/PRO-Robotech/kacho/internal/repohygiene","Test":"TestSubscriptionShapeRefusesAnEmptyRead/контракта_нет"}
{"Time":"2026-09-17T15:50:48.299910622+03:00","Action":"output","Package":"github.com/PRO-Robotech/kacho/internal/repohygiene","Test":"TestSubscriptionShapeRefusesAnEmptyRead/контракта_нет","Output":"=== RUN   TestSubscriptionShapeRefusesAnEmptyRead/контракта_нет\n"}
{"Time":"2026-09-17T15:50:48.29991466+03:00","Action":"run","Package":"github.com/PRO-Robotech/kacho/internal/repohygiene","Test":"TestSubscriptionShapeOwnerVocabularyCanFail/словарь_закрыт_контрактом_—_находка"}
{"Time":"2026-09-17T15:50:48.299918116+03:00","Action":"output","Package":"github.com/PRO-Robotech/kacho/internal/repohygiene","Test":"TestSubscriptionShapeOwnerVocabularyCanFail/словарь_закрыт_контрактом_—_находка","Output":"=== RUN   TestSubscriptionShapeOwnerVocabularyCanFail/словарь_закрыт_контрактом_—_находка\n"}
{"Time":"2026-09-17T15:50:48.299926131+03:00","Action":"run","Package":"github.com/PRO-Robotech/kacho/internal/repohygiene","Test":"TestSubscriptionShapeHorizonCanFail/поля_горизонта_нет_—_находка"}
{"Time":"2026-09-17T15:50:48.299928716+03:00","Action":"output","Package":"github.com/PRO-Robotech/kacho/internal/repohygiene","Test":"TestSubscriptionShapeHorizonCanFail/поля_горизонта_нет_—_находка","Output":"=== RUN   TestSubscriptionShapeHorizonCanFail/поля_горизонта_нет_—_находка\n"}
{"Time":"2026-09-17T15:50:48.299931631+03:00","Action":"cont","Package":"github.com/PRO-Robotech/kacho/internal/repohygiene","Test":"TestCatalogReachability_InertRowsAreExactlyTheAllowedServices"}
{"Time":"2026-09-17T15:50:48.299933655+03:00","Action":"output","Package":"github.com/PRO-Robotech/kacho/internal/repohygiene","Test":"TestCatalogReachability_InertRowsAreExactlyTheAllowedServices","Output":"=== CONT  TestCatalogReachability_InertRowsAreExactlyTheAllowedServices\n"}
{"Time":"2026-09-17T15:50:48.29993611+03:00","Action":"cont","Package":"github.com/PRO-Robotech/kacho/internal/repohygiene","Test":"TestSubscriptionShapeMissingMessageCanFail"}
{"Time":"2026-09-17T15:50:48.299938565+03:00","Action":"output","Package":"github.com/PRO-Robotech/kacho/internal/repohygiene","Test":"TestSubscriptionShapeMissingMessageCanFail","Output":"=== CONT  TestSubscriptionShapeMissingMessageCanFail\n"}
{"Time":"2026-09-17T15:50:48.299943464+03:00","Action":"cont","Package":"github.com/PRO-Robotech/kacho/internal/repohygiene","Test":"TestCatalogReachability_RedOnAMethodTheContractDoesNotHave"}
{"Time":"2026-09-17T15:50:48.299945868+03:00","Action":"output","Package":"github.com/PRO-Robotech/kacho/internal/repohygiene","Test":"TestCatalogReachability_RedOnAMethodTheContractDoesNotHave","Output":"=== CONT  TestCatalogReachability_RedOnAMethodTheContractDoesNotHave\n"}
{"Time":"2026-09-17T15:50:48.300655963+03:00","Action":"cont","Package":"github.com/PRO-Robotech/kacho/internal/repohygiene","Test":"TestCatalogReachability_EmptyCatalogIsAnError"}
{"Time":"2026-09-17T15:50:48.300670701+03:00","Action":"output","Package":"github.com/PRO-Robotech/kacho/internal/repohygiene","Test":"TestCatalogReachability_EmptyCatalogIsAnError","Output":"=== CONT  TestCatalogReachability_EmptyCatalogIsAnError\n"}
{"Time":"2026-09-17T15:50:48.300677704+03:00","Action":"run","Package":"github.com/PRO-Robotech/kacho/internal/repohygiene","Test":"TestSubscriptionShapeAxisLedgerCanFail/поле_вне_перечня_—_краснеет_и_называет_ПОЛЕ"}
{"Time":"2026-09-17T15:50:48.300681882+03:00","Action":"output","Package":"github.com/PRO-Robotech/kacho/internal/repohygiene","Test":"TestSubscriptionShapeAxisLedgerCanFail/поле_вне_перечня_—_краснеет_и_называет_ПОЛЕ","Output":"=== RUN   TestSubscriptionShapeAxisLedgerCanFail/поле_вне_перечня_—_краснеет_и_называет_ПОЛЕ\n"}
{"Time":"2026-09-17T15:50:48.300690167+03:00","Action":"run","Package":"github.com/PRO-Robotech/kacho/internal/repohygiene","Test":"TestSubscriptionShapeCarrierCanFail/носитель_не_ветвление_—_находка"}
{"Time":"2026-09-17T15:50:48.300695157+03:00","Action":"output","Package":"github.com/PRO-Robotech/kacho/internal/repohygiene","Test":"TestSubscriptionShapeCarrierCanFail/носитель_не_ветвление_—_находка","Output":"=== RUN   TestSubscriptionShapeCarrierCanFail/носитель_не_ветвление_—_находка\n"}
{"Time":"2026-09-17T15:50:48.300699294+03:00","Action":"output","Package":"github.com/PRO-Robotech/kacho/internal/repohygiene","Test":"TestSubscriptionShapeCategoryMarkCanFail/признак_не_проставлен_—_краснеет_с_координатой","Output":"    subscriptionformshape_injection_test.go:312: перепись: proto/corelib/subscription/subscription.proto — строк 69, типов 5 (верхнего уровня 4), полей 17 (осей 3), значений перечислений 3; утверждений проверено 44; находок 1\n"}
{"Time":"2026-09-17T15:50:48.300705726+03:00","Action":"run","Package":"github.com/PRO-Robotech/kacho/internal/repohygiene","Test":"TestSubscriptionShapeMissingMessageCanFail/служебного_сообщения_нет_—_находка"}
{"Time":"2026-09-17T15:50:48.300708171+03:00","Action":"output","Package":"github.com/PRO-Robotech/kacho/internal/repohygiene","Test":"TestSubscriptionShapeMissingMessageCanFail/служебного_сообщения_нет_—_находка","Output":"=== RUN   TestSubscriptionShapeMissingMessageCanFail/служебного_сообщения_нет_—_находка\n"}
{"Time":"2026-09-17T15:50:48.30071306+03:00","Action":"output","Package":"github.com/PRO-Robotech/kacho/internal/repohygiene","Test":"TestSubscriptionShapeCategoryMarkCanFail/признак_не_проставлен_—_краснеет_с_координатой","Output":"    subscriptionformshape_injection_test.go:317: axis-without-category proto/corelib/subscription/subscription.proto:24 — у оси `project_id` не проставлен признак категории. Категорий две: ЯКОРНАЯ — по ней принимается решение о показе, и исхода «названа, но не применена» у неё не существует; УДОБСТВА — доотбор на клиенте законен. Гейт требует, чтобы признак СТОЯЛ; верен ли выбор — смысл, а не синтаксис, и решается обзором\n"}
{"Time":"2026-09-17T15:50:48.301369063+03:00","Action":"run","Package":"github.com/PRO-Robotech/kacho/internal/repohygiene","Test":"TestGRPCMountParity_AnAllowForAnUnownedPackageIsOutOfSubject/запись_про_сервис_невладеемого_пакета_—_молчание_и_перепись"}
{"Time":"2026-09-17T15:50:48.301379373+03:00","Action":"output","Package":"github.com/PRO-Robotech/kacho/internal/repohygiene","Test":"TestGRPCMountParity_AnAllowForAnUnownedPackageIsOutOfSubject/запись_про_сервис_невладеемого_пакета_—_молчание_и_перепись","Output":"=== RUN   TestGRPCMountParity_AnAllowForAnUnownedPackageIsOutOfSubject/запись_про_сервис_невладеемого_пакета_—_молчание_и_перепись\n"}
{"Time":"2026-09-17T15:50:48.30142063+03:00","Action":"output","Package":"github.com/PRO-Robotech/kacho/internal/repohygiene","Test":"TestGRPCMountParity_EmptySubjectIsAnError","Output":"--- PASS: TestGRPCMountParity_EmptySubjectIsAnError (0.00s)\n"}
{"Time":"2026-09-17T15:50:48.301509327+03:00","Action":"pass","Package":"github.com/PRO-Robotech/kacho/internal/repohygiene","Test":"TestGRPCMountParity_EmptySubjectIsAnError","Elapsed":0}
{"Time":"2026-09-17T15:50:48.301520688+03:00","Action":"run","Package":"github.com/PRO-Robotech/kacho/internal/repohygiene","Test":"TestGRPCMountParity_AStaleAllowIsItselfAFinding/сервис_смонтирован"}
{"Time":"2026-09-17T15:50:48.301525237+03:00","Action":"output","Package":"github.com/PRO-Robotech/kacho/internal/repohygiene","Test":"TestGRPCMountParity_AStaleAllowIsItselfAFinding/сервис_смонтирован","Output":"=== RUN   TestGRPCMountParity_AStaleAllowIsItselfAFinding/сервис_смонтирован\n"}
{"Time":"2026-09-17T15:50:48.301565162+03:00","Action":"output","Package":"github.com/PRO-Robotech/kacho/internal/repohygiene","Test":"TestSubscriptionShapeAbsentAxisCanFail/объявленная_отсутствующей_ось_ЗАВЕДЕНА_—_находка","Output":"    subscriptionformshape_injection_test.go:352: перепись: proto/corelib/subscription/subscription.proto — строк 72, типов 5 (верхнего уровня 4), полей 18 (осей 4), значений перечислений 3; утверждений проверено 47; находок 1\n"}
{"Time":"2026-09-17T15:50:48.301643339+03:00","Action":"output","Package":"github.com/PRO-Robotech/kacho/internal/repohygiene","Test":"TestSubscriptionShapeCategoryMarkCanFail/признак_не_проставлен_—_краснеет_с_координатой","Output":"--- PASS: TestSubscriptionShapeCategoryMarkCanFail/признак_не_проставлен_—_краснеет_с_координатой (0.00s)\n"}
{"Time":"2026-09-17T15:50:48.301693743+03:00","Action":"pass","Package":"github.com/PRO-Robotech/kacho/internal/repohygiene","Test":"TestSubscriptionShapeCategoryMarkCanFail/признак_не_проставлен_—_краснеет_с_координатой","Elapsed":0}
{"Time":"2026-09-17T15:50:48.301707108+03:00","Action":"output","Package":"github.com/PRO-Robotech/kacho/internal/repohygiene","Test":"TestSubscriptionShapeStandIsCleanBeforeInjection","Output":"    subscriptionformshape_injection_test.go:246: перепись: proto/corelib/subscription/subscription.proto — строк 69, типов 5 (верхнего уровня 4), полей 17 (осей 3), значений перечислений 3; утверждений проверено 44; находок 0\n"}
{"Time":"2026-09-17T15:50:48.301870015+03:00","Action":"output","Package":"github.com/PRO-Robotech/kacho/internal/repohygiene","Test":"TestCatalogReachability_RedOnAnUnmountedService","Output":"--- PASS: TestCatalogReachability_RedOnAnUnmountedService (0.00s)\n"}
{"Time":"2026-09-17T15:50:48.301880815+03:00","Action":"pass","Package":"github.com/PRO-Robotech/kacho/internal/repohygiene","Test":"TestCatalogReachability_RedOnAnUnmountedService","Elapsed":0}
{"Time":"2026-09-17T15:50:48.301887588+03:00","Action":"output","Package":"github.com/PRO-Robotech/kacho/internal/repohygiene","Test":"TestSubscriptionFormShape","Output":"    subscriptionformshape_test.go:127: перепись: proto/corelib/subscription/subscription.proto — строк 480, типов 7 (верхнего уровня 4), полей 19 (осей 3), значений перечислений 12; утверждений проверено 46; находок 0\n"}
{"Time":"2026-09-17T15:50:48.301897136+03:00","Action":"output","Package":"github.com/PRO-Robotech/kacho/internal/repohygiene","Test":"TestSubscriptionShapeAnchorCanFail/якоря_в_оболочке_нет_—_находка","Output":"    subscriptionformshape_injection_test.go:484: перепись: proto/corelib/subscription/subscription.proto — строк 68, типов 5 (верхнего уровня 4), полей 16 (осей 3), значений перечислений 3; утверждений проверено 44; находок 1\n"}
{"Time":"2026-09-17T15:50:48.301907495+03:00","Action":"output","Package":"github.com/PRO-Robotech/kacho/internal/repohygiene","Test":"TestSubscriptionShapePerimeterCanFail/объявлен_глагол_—_находка","Output":"    subscriptionformshape_injection_test.go:571: перепись: proto/corelib/subscription/subscription.proto — строк 71, типов 5 (верхнего уровня 4), полей 17 (осей 3), значений перечислений 3; утверждений проверено 44; находок 1\n"}
{"Time":"2026-09-17T15:50:48.301915981+03:00","Action":"run","Package":"github.com/PRO-Robotech/kacho/internal/repohygiene","Test":"TestSubscriptionShapeReasonContract/CI-DT-05-lawful"}
{"Time":"2026-09-17T15:50:48.301920039+03:00","Action":"output","Package":"github.com/PRO-Robotech/kacho/internal/repohygiene","Test":"TestSubscriptionShapeReasonContract/CI-DT-05-lawful","Output":"=== RUN   TestSubscriptionShapeReasonContract/CI-DT-05-lawful\n"}
{"Time":"2026-09-17T15:50:48.301930248+03:00","Action":"output","Package":"github.com/PRO-Robotech/kacho/internal/repohygiene","Test":"TestSubscriptionShapeStopReasonCanFail/причина_остановки_полем_события_—_находка","Output":"    subscriptionformshape_injection_test.go:547: перепись: proto/corelib/subscription/subscription.proto — строк 70, типов 5 (верхнего уровня 4), полей 18 (осей 3), значений перечислений 3; утверждений проверено 44; находок 1\n"}
{"Time":"2026-09-17T15:50:48.301938173+03:00","Action":"output","Package":"github.com/PRO-Robotech/kacho/internal/repohygiene","Test":"TestSubscriptionShapeUnsetOutcomeCanFail/исход_не_назван_—_находка","Output":"--- PASS: TestSubscriptionShapeUnsetOutcomeCanFail/исход_не_назван_—_находка (0.00s)\n"}
{"Time":"2026-09-17T15:50:48.301948111+03:00","Action":"pass","Package":"github.com/PRO-Robotech/kacho/internal/repohygiene","Test":"TestSubscriptionShapeUnsetOutcomeCanFail/исход_не_назван_—_находка","Elapsed":0}
{"Time":"2026-09-17T15:50:48.301953642+03:00","Action":"output","Package":"github.com/PRO-Robotech/kacho/internal/repohygiene","Test":"TestSubscriptionShapeRefusesAnEmptyRead/контракта_нет","Output":"--- PASS: TestSubscriptionShapeRefusesAnEmptyRead/контракта_нет (0.00s)\n"}
{"Time":"2026-09-17T15:50:48.301998416+03:00","Action":"pass","Package":"github.com/PRO-Robotech/kacho/internal/repohygiene","Test":"TestSubscriptionShapeRefusesAnEmptyRead/контракта_нет","Elapsed":0}
{"Time":"2026-09-17T15:50:48.302004718+03:00","Action":"run","Package":"github.com/PRO-Robotech/kacho/internal/repohygiene","Test":"TestSubscriptionShapeCategoryMarkCanFail/признак_переизложен_—_молчание"}
{"Time":"2026-09-17T15:50:48.302009327+03:00","Action":"output","Package":"github.com/PRO-Robotech/kacho/internal/repohygiene","Test":"TestSubscriptionShapeCategoryMarkCanFail/признак_переизложен_—_молчание","Output":"=== RUN   TestSubscriptionShapeCategoryMarkCanFail/признак_переизложен_—_молчание\n"}
{"Time":"2026-09-17T15:50:48.302045274+03:00","Action":"output","Package":"github.com/PRO-Robotech/kacho/internal/repohygiene","Test":"TestCatalogReachability_SilentOnAServedMethod","Output":"--- PASS: TestCatalogReachability_SilentOnAServedMethod (0.00s)\n"}
{"Time":"2026-09-17T15:50:48.302055193+03:00","Action":"pass","Package":"github.com/PRO-Robotech/kacho/internal/repohygiene","Test":"TestCatalogReachability_SilentOnAServedMethod","Elapsed":0}
{"Time":"2026-09-17T15:50:48.302060663+03:00","Action":"output","Package":"github.com/PRO-Robotech/kacho/internal/repohygiene","Test":"TestSubscriptionShapeMissingMessageCanFail/служебного_сообщения_нет_—_находка","Output":"    subscriptionformshape_injection_test.go:729: missing-message proto/corelib/subscription/subscription.proto — форма обязана объявлять сообщение SubscriptionOpened, а его в контракте нет: часть утверждений ниже проверить не на чем\n"}
{"Time":"2026-09-17T15:50:48.302083386+03:00","Action":"output","Package":"github.com/PRO-Robotech/kacho/internal/repohygiene","Test":"TestSubscriptionShapeAbsentAxisCanFail/объявленная_отсутствующей_ось_ЗАВЕДЕНА_—_находка","Output":"--- PASS: TestSubscriptionShapeAbsentAxisCanFail/объявленная_отсутствующей_ось_ЗАВЕДЕНА_—_находка (0.00s)\n"}
{"Time":"2026-09-17T15:50:48.302090619+03:00","Action":"pass","Package":"github.com/PRO-Robotech/kacho/internal/repohygiene","Test":"TestSubscriptionShapeAbsentAxisCanFail/объявленная_отсутствующей_ось_ЗАВЕДЕНА_—_находка","Elapsed":0}
{"Time":"2026-09-17T15:50:48.302094507+03:00","Action":"output","Package":"github.com/PRO-Robotech/kacho/internal/repohygiene","Test":"TestSubscriptionFormShape","Output":"--- PASS: TestSubscriptionFormShape (0.00s)\n"}
{"Time":"2026-09-17T15:50:48.302099025+03:00","Action":"pass","Package":"github.com/PRO-Robotech/kacho/internal/repohygiene","Test":"TestSubscriptionFormShape","Elapsed":0}
{"Time":"2026-09-17T15:50:48.302196528+03:00","Action":"output","Package":"github.com/PRO-Robotech/kacho/internal/repohygiene","Test":"TestSubscriptionShapeStandIsCleanBeforeInjection","Output":"--- PASS: TestSubscriptionShapeStandIsCleanBeforeInjection (0.00s)\n"}
{"Time":"2026-09-17T15:50:48.302205295+03:00","Action":"pass","Package":"github.com/PRO-Robotech/kacho/internal/repohygiene","Test":"TestSubscriptionShapeStandIsCleanBeforeInjection","Elapsed":0}
{"Time":"2026-09-17T15:50:48.302209222+03:00","Action":"output","Package":"github.com/PRO-Robotech/kacho/internal/repohygiene","Test":"TestSubscriptionShapeHorizonCanFail/поля_горизонта_нет_—_находка","Output":"    subscriptionformshape_injection_test.go:525: перепись: proto/corelib/subscription/subscription.proto — строк 68, типов 5 (верхнего уровня 4), полей 16 (осей 3), значений перечислений 3; утверждений проверено 44; находок 1\n"}
{"Time":"2026-09-17T15:50:48.302213761+03:00","Action":"output","Package":"github.com/PRO-Robotech/kacho/internal/repohygiene","Test":"TestGRPCMountParity_AStaleAllowIsItselfAFinding/сервис_смонтирован","Output":"--- PASS: TestGRPCMountParity_AStaleAllowIsItselfAFinding/сервис_смонтирован (0.00s)\n"}
{"Time":"2026-09-17T15:50:48.302216887+03:00","Action":"pass","Package":"github.com/PRO-Robotech/kacho/internal/repohygiene","Test":"TestGRPCMountParity_AStaleAllowIsItselfAFinding/сервис_смонтирован","Elapsed":0}
{"Time":"2026-09-17T15:50:48.302389391+03:00","Action":"run","Package":"github.com/PRO-Robotech/kacho/internal/repohygiene","Test":"TestSubscriptionShapeRefusesAnEmptyRead/файл_есть,_объявлений_нет"}
{"Time":"2026-09-17T15:50:48.302399099+03:00","Action":"output","Package":"github.com/PRO-Robotech/kacho/internal/repohygiene","Test":"TestSubscriptionShapeRefusesAnEmptyRead/файл_есть,_объявлений_нет","Output":"=== RUN   TestSubscriptionShapeRefusesAnEmptyRead/файл_есть,_объявлений_нет\n"}
{"Time":"2026-09-17T15:50:48.302406293+03:00","Action":"output","Package":"github.com/PRO-Robotech/kacho/internal/repohygiene","Test":"TestSubscriptionShapeCarrierCanFail/носитель_не_ветвление_—_находка","Output":"    subscriptionformshape_injection_test.go:428: перепись: proto/corelib/subscription/subscription.proto — строк 67, типов 5 (верхнего уровня 4), полей 17 (осей 3), значений перечислений 3; утверждений проверено 41; находок 1\n"}
{"Time":"2026-09-17T15:50:48.30253261+03:00","Action":"output","Package":"github.com/PRO-Robotech/kacho/internal/repohygiene","Test":"TestSubscriptionShapeOwnerVocabularyCanFail/словарь_закрыт_контрактом_—_находка","Output":"    subscriptionformshape_injection_test.go:611: перепись: proto/corelib/subscription/subscription.proto — строк 75, типов 6 (верхнего уровня 5), полей 17 (осей 3), значений перечислений 5; утверждений проверено 44; находок 1\n"}
{"Time":"2026-09-17T15:50:48.302550724+03:00","Action":"output","Package":"github.com/PRO-Robotech/kacho/internal/repohygiene","Test":"TestSubscriptionShapeStopReasonCanFail/причина_остановки_полем_события_—_находка","Output":"--- PASS: TestSubscriptionShapeStopReasonCanFail/причина_остановки_полем_события_—_находка (0.00s)\n"}
{"Time":"2026-09-17T15:50:48.302555934+03:00","Action":"pass","Package":"github.com/PRO-Robotech/kacho/internal/repohygiene","Test":"TestSubscriptionShapeStopReasonCanFail/причина_остановки_полем_события_—_находка","Elapsed":0}
{"Time":"2026-09-17T15:50:48.302559651+03:00","Action":"run","Package":"github.com/PRO-Robotech/kacho/internal/repohygiene","Test":"TestSubscriptionShapeUnsetOutcomeCanFail/исход_назван,_но_не_называет_объявленного_значения_—_находка"}
{"Time":"2026-09-17T15:50:48.302562727+03:00","Action":"output","Package":"github.com/PRO-Robotech/kacho/internal/repohygiene","Test":"TestSubscriptionShapeUnsetOutcomeCanFail/исход_назван,_но_не_называет_объявленного_значения_—_находка","Output":"=== RUN   TestSubscriptionShapeUnsetOutcomeCanFail/исход_назван,_но_не_называет_объявленного_значения_—_находка\n"}
{"Time":"2026-09-17T15:50:48.302568137+03:00","Action":"run","Package":"github.com/PRO-Robotech/kacho/internal/repohygiene","Test":"TestGRPCMountParity_AStaleAllowIsItselfAFinding/сервиса_нет_в_контракте"}
{"Time":"2026-09-17T15:50:48.302570812+03:00","Action":"output","Package":"github.com/PRO-Robotech/kacho/internal/repohygiene","Test":"TestGRPCMountParity_AStaleAllowIsItselfAFinding/сервиса_нет_в_контракте","Output":"=== RUN   TestGRPCMountParity_AStaleAllowIsItselfAFinding/сервиса_нет_в_контракте\n"}
{"Time":"2026-09-17T15:50:48.302579869+03:00","Action":"output","Package":"github.com/PRO-Robotech/kacho/internal/repohygiene","Test":"TestSubscriptionShapePerimeterCanFail/объявлен_глагол_—_находка","Output":"--- PASS: TestSubscriptionShapePerimeterCanFail/объявлен_глагол_—_находка (0.00s)\n"}
{"Time":"2026-09-17T15:50:48.302593524+03:00","Action":"pass","Package":"github.com/PRO-Robotech/kacho/internal/repohygiene","Test":"TestSubscriptionShapePerimeterCanFail/объявлен_глагол_—_находка","Elapsed":0}
{"Time":"2026-09-17T15:50:48.302597422+03:00","Action":"output","Package":"github.com/PRO-Robotech/kacho/internal/repohygiene","Test":"TestCatalogReachability_MethodsAreNotBorrowedBetweenDescriptors","Output":"--- PASS: TestCatalogReachability_MethodsAreNotBorrowedBetweenDescriptors (0.00s)\n"}
{"Time":"2026-09-17T15:50:48.302608222+03:00","Action":"pass","Package":"github.com/PRO-Robotech/kacho/internal/repohygiene","Test":"TestCatalogReachability_MethodsAreNotBorrowedBetweenDescriptors","Elapsed":0}
{"Time":"2026-09-17T15:50:48.302610957+03:00","Action":"output","Package":"github.com/PRO-Robotech/kacho/internal/repohygiene","Test":"TestSubscriptionShapeAnchorCanFail/якоря_в_оболочке_нет_—_находка","Output":"--- PASS: TestSubscriptionShapeAnchorCanFail/якоря_в_оболочке_нет_—_находка (0.00s)\n"}
{"Time":"2026-09-17T15:50:48.30261768+03:00","Action":"pass","Package":"github.com/PRO-Robotech/kacho/internal/repohygiene","Test":"TestSubscriptionShapeAnchorCanFail/якоря_в_оболочке_нет_—_находка","Elapsed":0}
{"Time":"2026-09-17T15:50:48.302620505+03:00","Action":"output","Package":"github.com/PRO-Robotech/kacho/internal/repohygiene","Test":"TestSubscriptionShapeAxisLedgerCanFail/поле_вне_перечня_—_краснеет_и_называет_ПОЛЕ","Output":"    subscriptionformshape_injection_test.go:265: перепись: proto/corelib/subscription/subscription.proto — строк 72, типов 5 (верхнего уровня 4), полей 18 (осей 3), значений перечислений 3; утверждений проверено 45; находок 1\n"}
{"Time":"2026-09-17T15:50:48.302657274+03:00","Action":"output","Package":"github.com/PRO-Robotech/kacho/internal/repohygiene","Test":"TestSubscriptionShapeAxisLedgerCanFail/поле_вне_перечня_—_краснеет_и_называет_ПОЛЕ","Output":"    subscriptionformshape_injection_test.go:270: field-outside-the-ledger proto/corelib/subscription/subscription.proto:30 — поле `label_selector` запроса подписки не значится в закрытом перечне. Ось заводится не злым умыслом — «для удобства», — и следующий заведёт вторую. Перечень закрыт: добавь поле ВМЕСТЕ с записью, называющей роль и причину, и решение станет видимым на обзоре\n"}
{"Time":"2026-09-17T15:50:48.302720553+03:00","Action":"run","Package":"github.com/PRO-Robotech/kacho/internal/repohygiene","Test":"TestSubscriptionShapeAbsentAxisCanFail/причина_отсутствия_НЕ_названа_—_находка"}
{"Time":"2026-09-17T15:50:48.302729791+03:00","Action":"output","Package":"github.com/PRO-Robotech/kacho/internal/repohygiene","Test":"TestSubscriptionShapeAbsentAxisCanFail/причина_отсутствия_НЕ_названа_—_находка","Output":"=== RUN   TestSubscriptionShapeAbsentAxisCanFail/причина_отсутствия_НЕ_названа_—_находка\n"}
{"Time":"2026-09-17T15:50:48.302737896+03:00","Action":"output","Package":"github.com/PRO-Robotech/kacho/internal/repohygiene","Test":"TestSubscriptionShapeHorizonCanFail/поля_горизонта_нет_—_находка","Output":"--- PASS: TestSubscriptionShapeHorizonCanFail/поля_горизонта_нет_—_находка (0.00s)\n"}
{"Time":"2026-09-17T15:50:48.302748345+03:00","Action":"pass","Package":"github.com/PRO-Robotech/kacho/internal/repohygiene","Test":"TestSubscriptionShapeHorizonCanFail/поля_горизонта_нет_—_находка","Elapsed":0}
{"Time":"2026-09-17T15:50:48.302753906+03:00","Action":"run","Package":"github.com/PRO-Robotech/kacho/internal/repohygiene","Test":"TestSubscriptionShapeHorizonCanFail/поля_горизонта_на_месте,_порядок_другой_—_молчание"}
{"Time":"2026-09-17T15:50:48.302761841+03:00","Action":"output","Package":"github.com/PRO-Robotech/kacho/internal/repohygiene","Test":"TestSubscriptionShapeHorizonCanFail/поля_горизонта_на_месте,_порядок_другой_—_молчание","Output":"=== RUN   TestSubscriptionShapeHorizonCanFail/поля_горизонта_на_месте,_порядок_другой_—_молчание\n"}
{"Time":"2026-09-17T15:50:48.302768443+03:00","Action":"output","Package":"github.com/PRO-Robotech/kacho/internal/repohygiene","Test":"TestSubscriptionShapeCarrierCanFail/носитель_не_ветвление_—_находка","Output":"--- PASS: TestSubscriptionShapeCarrierCanFail/носитель_не_ветвление_—_находка (0.00s)\n"}
{"Time":"2026-09-17T15:50:48.302779514+03:00","Action":"pass","Package":"github.com/PRO-Robotech/kacho/internal/repohygiene","Test":"TestSubscriptionShapeCarrierCanFail/носитель_не_ветвление_—_находка","Elapsed":0}
{"Time":"2026-09-17T15:50:48.302784323+03:00","Action":"run","Package":"github.com/PRO-Robotech/kacho/internal/repohygiene","Test":"TestSubscriptionShapeCarrierCanFail/ветвей_три_—_находка"}
{"Time":"2026-09-17T15:50:48.302792639+03:00","Action":"output","Package":"github.com/PRO-Robotech/kacho/internal/repohygiene","Test":"TestSubscriptionShapeCarrierCanFail/ветвей_три_—_находка","Output":"=== RUN   TestSubscriptionShapeCarrierCanFail/ветвей_три_—_находка\n"}
{"Time":"2026-09-17T15:50:48.302797608+03:00","Action":"output","Package":"github.com/PRO-Robotech/kacho/internal/repohygiene","Test":"TestSubscriptionShapeMissingMessageCanFail/служебного_сообщения_нет_—_находка","Output":"--- PASS: TestSubscriptionShapeMissingMessageCanFail/служебного_сообщения_нет_—_находка (0.00s)\n"}
{"Time":"2026-09-17T15:50:48.3028037+03:00","Action":"pass","Package":"github.com/PRO-Robotech/kacho/internal/repohygiene","Test":"TestSubscriptionShapeMissingMessageCanFail/служебного_сообщения_нет_—_находка","Elapsed":0}
{"Time":"2026-09-17T15:50:48.302831572+03:00","Action":"run","Package":"github.com/PRO-Robotech/kacho/internal/repohygiene","Test":"TestSubscriptionShapeStopReasonCanFail/то_же_имя_ВНУТРИ_вложенного_сообщения_—_молчание"}
{"Time":"2026-09-17T15:50:48.302839216+03:00","Action":"output","Package":"github.com/PRO-Robotech/kacho/internal/repohygiene","Test":"TestSubscriptionShapeStopReasonCanFail/то_же_имя_ВНУТРИ_вложенного_сообщения_—_молчание","Output":"=== RUN   TestSubscriptionShapeStopReasonCanFail/то_же_имя_ВНУТРИ_вложенного_сообщения_—_молчание\n"}
{"Time":"2026-09-17T15:50:48.302845909+03:00","Action":"output","Package":"github.com/PRO-Robotech/kacho/internal/repohygiene","Test":"TestGRPCMountParity_AnAllowForAnUnownedPackageIsOutOfSubject/запись_про_сервис_невладеемого_пакета_—_молчание_и_перепись","Output":"--- PASS: TestGRPCMountParity_AnAllowForAnUnownedPackageIsOutOfSubject/запись_про_сервис_невладеемого_пакета_—_молчание_и_перепись (0.00s)\n"}
{"Time":"2026-09-17T15:50:48.302852852+03:00","Action":"pass","Package":"github.com/PRO-Robotech/kacho/internal/repohygiene","Test":"TestGRPCMountParity_AnAllowForAnUnownedPackageIsOutOfSubject/запись_про_сервис_невладеемого_пакета_—_молчание_и_перепись","Elapsed":0}
{"Time":"2026-09-17T15:50:48.302885363+03:00","Action":"run","Package":"github.com/PRO-Robotech/kacho/internal/repohygiene","Test":"TestSubscriptionShapePerimeterCanFail/слова_`service`_и_`rpc`_В_ПРОЗЕ_—_молчание"}
{"Time":"2026-09-17T15:50:48.30289436+03:00","Action":"output","Package":"github.com/PRO-Robotech/kacho/internal/repohygiene","Test":"TestSubscriptionShapePerimeterCanFail/слова_`service`_и_`rpc`_В_ПРОЗЕ_—_молчание","Output":"=== RUN   TestSubscriptionShapePerimeterCanFail/слова_`service`_и_`rpc`_В_ПРОЗЕ_—_молчание\n"}
{"Time":"2026-09-17T15:50:48.302933503+03:00","Action":"output","Package":"github.com/PRO-Robotech/kacho/internal/repohygiene","Test":"TestSubscriptionShapeCategoryMarkCanFail/признак_переизложен_—_молчание","Output":"    subscriptionformshape_injection_test.go:330: перепись: proto/corelib/subscription/subscription.proto — строк 72, типов 5 (верхнего уровня 4), полей 17 (осей 3), значений перечислений 3; утверждений проверено 44; находок 0\n"}
{"Time":"2026-09-17T15:50:48.305646633+03:00","Action":"run","Package":"github.com/PRO-Robotech/kacho/internal/repohygiene","Test":"TestGRPCMountParity_AnAllowForAnUnownedPackageIsOutOfSubject/та_же_запись_СТАНОВИТСЯ_находкой,_как_только_пакетом_начинают_владеть"}
{"Time":"2026-09-17T15:50:48.305655199+03:00","Action":"output","Package":"github.com/PRO-Robotech/kacho/internal/repohygiene","Test":"TestGRPCMountParity_AnAllowForAnUnownedPackageIsOutOfSubject/та_же_запись_СТАНОВИТСЯ_находкой,_как_только_пакетом_начинают_владеть","Output":"=== RUN   TestGRPCMountParity_AnAllowForAnUnownedPackageIsOutOfSubject/та_же_запись_СТАНОВИТСЯ_находкой,_как_только_пакетом_начинают_владеть\n"}
{"Time":"2026-09-17T15:50:48.305720202+03:00","Action":"output","Package":"github.com/PRO-Robotech/kacho/internal/repohygiene","Test":"TestSubscriptionShapeReasonContract/CI-DT-05-lawful","Output":"    subscriptionreason_test.go:19: перепись: proto/corelib/subscription/subscription.proto — строк 69, типов 5 (верхнего уровня 4), полей 17 (осей 3), значений перечислений 3; утверждений проверено 44; находок 0\n"}
{"Time":"2026-09-17T15:50:48.305732264+03:00","Action":"run","Package":"github.com/PRO-Robotech/kacho/internal/repohygiene","Test":"TestSubscriptionShapeMissingMessageCanFail/все_три_сообщения_на_месте,_порядок_другой_—_молчание"}
{"Time":"2026-09-17T15:50:48.305736893+03:00","Action":"output","Package":"github.com/PRO-Robotech/kacho/internal/repohygiene","Test":"TestSubscriptionShapeMissingMessageCanFail/все_три_сообщения_на_месте,_порядок_другой_—_молчание","Output":"=== RUN   TestSubscriptionShapeMissingMessageCanFail/все_три_сообщения_на_месте,_порядок_другой_—_молчание\n"}
{"Time":"2026-09-17T15:50:48.305744798+03:00","Action":"output","Package":"github.com/PRO-Robotech/kacho/internal/repohygiene","Test":"TestSubscriptionShapeReasonContract/CI-DT-05-lawful","Output":"    subscriptionreason_test.go:20: законная форма:\n"}
{"Time":"2026-09-17T15:50:48.30575122+03:00","Action":"output","Package":"github.com/PRO-Robotech/kacho/internal/repohygiene","Test":"TestSubscriptionShapeReasonContract/CI-DT-05-lawful","Output":"        syntax = \"proto3\";\n"}
{"Time":"2026-09-17T15:50:48.305755538+03:00","Action":"output","Package":"github.com/PRO-Robotech/kacho/internal/repohygiene","Test":"TestSubscriptionShapeReasonContract/CI-DT-05-lawful","Output":"        \n"}
{"Time":"2026-09-17T15:50:48.305759405+03:00","Action":"output","Package":"github.com/PRO-Robotech/kacho/internal/repohygiene","Test":"TestSubscriptionShapeReasonContract/CI-DT-05-lawful","Output":"        package corelib.subscription;\n"}
{"Time":"2026-09-17T15:50:48.305766368+03:00","Action":"output","Package":"github.com/PRO-Robotech/kacho/internal/repohygiene","Test":"TestSubscriptionShapeReasonContract/CI-DT-05-lawful","Output":"        \n"}
{"Time":"2026-09-17T15:50:48.305769825+03:00","Action":"output","Package":"github.com/PRO-Robotech/kacho/internal/repohygiene","Test":"TestSubscriptionShapeReasonContract/CI-DT-05-lawful","Output":"        import \"google/protobuf/any.proto\";\n"}
{"Time":"2026-09-17T15:50:48.305773381+03:00","Action":"output","Package":"github.com/PRO-Robotech/kacho/internal/repohygiene","Test":"TestSubscriptionShapeReasonContract/CI-DT-05-lawful","Output":"        \n"}
{"Time":"2026-09-17T15:50:48.305777559+03:00","Action":"output","Package":"github.com/PRO-Robotech/kacho/internal/repohygiene","Test":"TestSubscriptionShapeReasonContract/CI-DT-05-lawful","Output":"        // SubscriptionAnchor — якорь начала.\n"}
{"Time":"2026-09-17T15:50:48.305781487+03:00","Action":"output","Package":"github.com/PRO-Robotech/kacho/internal/repohygiene","Test":"TestSubscriptionShapeReasonContract/CI-DT-05-lawful","Output":"        enum SubscriptionAnchor {\n"}
{"Time":"2026-09-17T15:50:48.305785144+03:00","Action":"output","Package":"github.com/PRO-Robotech/kacho/internal/repohygiene","Test":"TestSubscriptionShapeReasonContract/CI-DT-05-lawful","Output":"          SUBSCRIPTION_ANCHOR_UNSPECIFIED = 0;\n"}
{"Time":"2026-09-17T15:50:48.305791926+03:00","Action":"output","Package":"github.com/PRO-Robotech/kacho/internal/repohygiene","Test":"TestSubscriptionShapeReasonContract/CI-DT-05-lawful","Output":"          BEGINNING = 1;\n"}
{"Time":"2026-09-17T15:50:48.305795794+03:00","Action":"output","Package":"github.com/PRO-Robotech/kacho/internal/repohygiene","Test":"TestSubscriptionShapeReasonContract/CI-DT-05-lawful","Output":"          CURRENT_END = 2;\n"}
{"Time":"2026-09-17T15:50:48.30580435+03:00","Action":"output","Package":"github.com/PRO-Robotech/kacho/internal/repohygiene","Test":"TestSubscriptionShapeReasonContract/CI-DT-05-lawful","Output":"        }\n"}
{"Time":"2026-09-17T15:50:48.3058097+03:00","Action":"output","Package":"github.com/PRO-Robotech/kacho/internal/repohygiene","Test":"TestSubscriptionShapeReasonContract/CI-DT-05-lawful","Output":"        \n"}
{"Time":"2026-09-17T15:50:48.305813367+03:00","Action":"output","Package":"github.com/PRO-Robotech/kacho/internal/repohygiene","Test":"TestSubscriptionShapeReasonContract/CI-DT-05-lawful","Output":"        // SubscriptionRequest — запрос подписки.\n"}
{"Time":"2026-09-17T15:50:48.305819358+03:00","Action":"output","Package":"github.com/PRO-Robotech/kacho/internal/repohygiene","Test":"TestSubscriptionShapeReasonContract/CI-DT-05-lawful","Output":"        //\n"}
{"Time":"2026-09-17T15:50:48.305826081+03:00","Action":"output","Package":"github.com/PRO-Robotech/kacho/internal/repohygiene","Test":"TestSubscriptionShapeReasonContract/CI-DT-05-lawful","Output":"        // ИМЯ сюда не берётся: оно мутабельно, и подписка по нему молча перестанет\n"}
{"Time":"2026-09-17T15:50:48.305830719+03:00","Action":"output","Package":"github.com/PRO-Robotech/kacho/internal/repohygiene","Test":"TestSubscriptionShapeReasonContract/CI-DT-05-lawful","Output":"        // совпадать. МЕТКИ сюда не берутся: они мутабельны, и выход из выборки\n"}
{"Time":"2026-09-17T15:50:48.305835829+03:00","Action":"output","Package":"github.com/PRO-Robotech/kacho/internal/repohygiene","Test":"TestSubscriptionShapeReasonContract/CI-DT-05-lawful","Output":"        // неотличим от удаления.\n"}
{"Time":"2026-09-17T15:50:48.305839756+03:00","Action":"output","Package":"github.com/PRO-Robotech/kacho/internal/repohygiene","Test":"TestSubscriptionShapeReasonContract/CI-DT-05-lawful","Output":"        message SubscriptionRequest {\n"}
{"Time":"2026-09-17T15:50:48.305843563+03:00","Action":"output","Package":"github.com/PRO-Robotech/kacho/internal/repohygiene","Test":"TestSubscriptionShapeReasonContract/CI-DT-05-lawful","Output":"          // kinds — виды предметов. Категория: УДОБСТВА.\n"}
{"Time":"2026-09-17T15:50:48.305847851+03:00","Action":"output","Package":"github.com/PRO-Robotech/kacho/internal/repohygiene","Test":"TestSubscriptionShapeReasonContract/CI-DT-05-lawful","Output":"          repeated string kinds = 1;\n"}
{"Time":"2026-09-17T15:50:48.305851478+03:00","Action":"output","Package":"github.com/PRO-Robotech/kacho/internal/repohygiene","Test":"TestSubscriptionShapeReasonContract/CI-DT-05-lawful","Output":"        \n"}
{"Time":"2026-09-17T15:50:48.305854885+03:00","Action":"output","Package":"github.com/PRO-Robotech/kacho/internal/repohygiene","Test":"TestSubscriptionShapeReasonContract/CI-DT-05-lawful","Output":"          // project_id — проект. Категория: ЯКОРНАЯ.\n"}
{"Time":"2026-09-17T15:50:48.305859213+03:00","Action":"output","Package":"github.com/PRO-Robotech/kacho/internal/repohygiene","Test":"TestSubscriptionShapeReasonContract/CI-DT-05-lawful","Output":"          string project_id = 2;\n"}
{"Time":"2026-09-17T15:50:48.305862489+03:00","Action":"output","Package":"github.com/PRO-Robotech/kacho/internal/repohygiene","Test":"TestSubscriptionShapeReasonContract/CI-DT-05-lawful","Output":"        \n"}
{"Time":"2026-09-17T15:50:48.305866436+03:00","Action":"output","Package":"github.com/PRO-Robotech/kacho/internal/repohygiene","Test":"TestSubscriptionShapeReasonContract/CI-DT-05-lawful","Output":"          // ids — идентификаторы. Категория: УДОБСТВА.\n"}
{"Time":"2026-09-17T15:50:48.305871055+03:00","Action":"output","Package":"github.com/PRO-Robotech/kacho/internal/repohygiene","Test":"TestSubscriptionShapeReasonContract/CI-DT-05-lawful","Output":"          repeated string ids = 3;\n"}
{"Time":"2026-09-17T15:50:48.305876495+03:00","Action":"output","Package":"github.com/PRO-Robotech/kacho/internal/repohygiene","Test":"TestSubscriptionShapeReasonContract/CI-DT-05-lawful","Output":"          // start — с какого места отдавать.\n"}
{"Time":"2026-09-17T15:50:48.305880353+03:00","Action":"output","Package":"github.com/PRO-Robotech/kacho/internal/repohygiene","Test":"TestSubscriptionShapeReasonContract/CI-DT-05-lawful","Output":"          //\n"}
{"Time":"2026-09-17T15:50:48.30588449+03:00","Action":"output","Package":"github.com/PRO-Robotech/kacho/internal/repohygiene","Test":"TestSubscriptionShapeReasonContract/CI-DT-05-lawful","Output":"          // ИСХОД НЕЗАДАННОГО НАЗВАН: start не задан означает ровно CURRENT_END.\n"}
{"Time":"2026-09-17T15:50:48.305888788+03:00","Action":"output","Package":"github.com/PRO-Robotech/kacho/internal/repohygiene","Test":"TestSubscriptionShapeReasonContract/CI-DT-05-lawful","Output":"          oneof start {\n"}
{"Time":"2026-09-17T15:50:48.305893858+03:00","Action":"output","Package":"github.com/PRO-Robotech/kacho/internal/repohygiene","Test":"TestSubscriptionShapeReasonContract/CI-DT-05-lawful","Output":"            // anchor — назвать место словом.\n"}
{"Time":"2026-09-17T15:50:48.305897565+03:00","Action":"output","Package":"github.com/PRO-Robotech/kacho/internal/repohygiene","Test":"TestSubscriptionShapeReasonContract/CI-DT-05-lawful","Output":"            SubscriptionAnchor anchor = 10;\n"}
{"Time":"2026-09-17T15:50:48.305901592+03:00","Action":"output","Package":"github.com/PRO-Robotech/kacho/internal/repohygiene","Test":"TestSubscriptionShapeReasonContract/CI-DT-05-lawful","Output":"            // position — непрозрачный токен.\n"}
{"Time":"2026-09-17T15:50:48.305905089+03:00","Action":"output","Package":"github.com/PRO-Robotech/kacho/internal/repohygiene","Test":"TestSubscriptionShapeReasonContract/CI-DT-05-lawful","Output":"            string position = 11;\n"}
{"Time":"2026-09-17T15:50:48.305908756+03:00","Action":"output","Package":"github.com/PRO-Robotech/kacho/internal/repohygiene","Test":"TestSubscriptionShapeReasonContract/CI-DT-05-lawful","Output":"          }\n"}
{"Time":"2026-09-17T15:50:48.305912313+03:00","Action":"output","Package":"github.com/PRO-Robotech/kacho/internal/repohygiene","Test":"TestSubscriptionShapeReasonContract/CI-DT-05-lawful","Output":"        }\n"}
{"Time":"2026-09-17T15:50:48.30591606+03:00","Action":"output","Package":"github.com/PRO-Robotech/kacho/internal/repohygiene","Test":"TestSubscriptionShapeReasonContract/CI-DT-05-lawful","Output":"        \n"}
{"Time":"2026-09-17T15:50:48.305919526+03:00","Action":"output","Package":"github.com/PRO-Robotech/kacho/internal/repohygiene","Test":"TestSubscriptionShapeReasonContract/CI-DT-05-lawful","Output":"        // SubscriptionOpened — служебное первое сообщение.\n"}
{"Time":"2026-09-17T15:50:48.305924926+03:00","Action":"output","Package":"github.com/PRO-Robotech/kacho/internal/repohygiene","Test":"TestSubscriptionShapeReasonContract/CI-DT-05-lawful","Output":"        message SubscriptionOpened {\n"}
{"Time":"2026-09-17T15:50:48.305928884+03:00","Action":"output","Package":"github.com/PRO-Robotech/kacho/internal/repohygiene","Test":"TestSubscriptionShapeReasonContract/CI-DT-05-lawful","Output":"          string position = 1;\n"}
{"Time":"2026-09-17T15:50:48.305932911+03:00","Action":"output","Package":"github.com/PRO-Robotech/kacho/internal/repohygiene","Test":"TestSubscriptionShapeReasonContract/CI-DT-05-lawful","Output":"          bool caught_up = 2;\n"}
{"Time":"2026-09-17T15:50:48.305936318+03:00","Action":"output","Package":"github.com/PRO-Robotech/kacho/internal/repohygiene","Test":"TestSubscriptionShapeReasonContract/CI-DT-05-lawful","Output":"          repeated string honored_filters = 3;\n"}
{"Time":"2026-09-17T15:50:48.305941237+03:00","Action":"output","Package":"github.com/PRO-Robotech/kacho/internal/repohygiene","Test":"TestSubscriptionShapeReasonContract/CI-DT-05-lawful","Output":"          string earliest_resumable_position = 4;\n"}
{"Time":"2026-09-17T15:50:48.305944884+03:00","Action":"output","Package":"github.com/PRO-Robotech/kacho/internal/repohygiene","Test":"TestSubscriptionShapeReasonContract/CI-DT-05-lawful","Output":"          bool retains_everything = 5;\n"}
{"Time":"2026-09-17T15:50:48.305949202+03:00","Action":"output","Package":"github.com/PRO-Robotech/kacho/internal/repohygiene","Test":"TestSubscriptionShapeReasonContract/CI-DT-05-lawful","Output":"        }\n"}
{"Time":"2026-09-17T15:50:48.305952638+03:00","Action":"output","Package":"github.com/PRO-Robotech/kacho/internal/repohygiene","Test":"TestSubscriptionShapeReasonContract/CI-DT-05-lawful","Output":"        \n"}
{"Time":"2026-09-17T15:50:48.305956666+03:00","Action":"output","Package":"github.com/PRO-Robotech/kacho/internal/repohygiene","Test":"TestSubscriptionShapeReasonContract/CI-DT-05-lawful","Output":"        // SubscriptionEvent — оболочка события.\n"}
{"Time":"2026-09-17T15:50:48.305961014+03:00","Action":"output","Package":"github.com/PRO-Robotech/kacho/internal/repohygiene","Test":"TestSubscriptionShapeReasonContract/CI-DT-05-lawful","Output":"        message SubscriptionEvent {\n"}
{"Time":"2026-09-17T15:50:48.305966975+03:00","Action":"output","Package":"github.com/PRO-Robotech/kacho/internal/repohygiene","Test":"TestSubscriptionShapeReasonContract/CI-DT-05-lawful","Output":"          // StateUnavailable — вторая ветвь носителя.\n"}
{"Time":"2026-09-17T15:50:48.305971023+03:00","Action":"output","Package":"github.com/PRO-Robotech/kacho/internal/repohygiene","Test":"TestSubscriptionShapeReasonContract/CI-DT-05-lawful","Output":"          message StateUnavailable {\n"}
{"Time":"2026-09-17T15:50:48.30597456+03:00","Action":"output","Package":"github.com/PRO-Robotech/kacho/internal/repohygiene","Test":"TestSubscriptionShapeReasonContract/CI-DT-05-lawful","Output":"            // reason — почему состояния нет. Это НЕ причина остановки потока.\n"}
{"Time":"2026-09-17T15:50:48.305978918+03:00","Action":"output","Package":"github.com/PRO-Robotech/kacho/internal/repohygiene","Test":"TestSubscriptionShapeReasonContract/CI-DT-05-lawful","Output":"            string reason = 1;\n"}
{"Time":"2026-09-17T15:50:48.305984849+03:00","Action":"output","Package":"github.com/PRO-Robotech/kacho/internal/repohygiene","Test":"TestCatalogReachability_EmptyCatalogIsAnError","Output":"--- PASS: TestCatalogReachability_EmptyCatalogIsAnError (0.00s)\n"}
{"Time":"2026-09-17T15:50:48.305989798+03:00","Action":"pass","Package":"github.com/PRO-Robotech/kacho/internal/repohygiene","Test":"TestCatalogReachability_EmptyCatalogIsAnError","Elapsed":0}
{"Time":"2026-09-17T15:50:48.305996741+03:00","Action":"output","Package":"github.com/PRO-Robotech/kacho/internal/repohygiene","Test":"TestGRPCMountParity_SeesAnUnmountedServiceAsUnmounted","Output":"--- PASS: TestGRPCMountParity_SeesAnUnmountedServiceAsUnmounted (0.00s)\n"}
{"Time":"2026-09-17T15:50:48.306008764+03:00","Action":"pass","Package":"github.com/PRO-Robotech/kacho/internal/repohygiene","Test":"TestGRPCMountParity_SeesAnUnmountedServiceAsUnmounted","Elapsed":0}
{"Time":"2026-09-17T15:50:48.306012902+03:00","Action":"run","Package":"github.com/PRO-Robotech/kacho/internal/repohygiene","Test":"TestSubscriptionShapeAnchorCanFail/якорь_ветвью_ветвления_—_находка"}
{"Time":"2026-09-17T15:50:48.306016549+03:00","Action":"output","Package":"github.com/PRO-Robotech/kacho/internal/repohygiene","Test":"TestSubscriptionShapeAnchorCanFail/якорь_ветвью_ветвления_—_находка","Output":"=== RUN   TestSubscriptionShapeAnchorCanFail/якорь_ветвью_ветвления_—_находка\n"}
{"Time":"2026-09-17T15:50:48.30602258+03:00","Action":"output","Package":"github.com/PRO-Robotech/kacho/internal/repohygiene","Test":"TestSubscriptionShapeRefusesAnEmptyRead/файл_есть,_объявлений_нет","Output":"--- PASS: TestSubscriptionShapeRefusesAnEmptyRead/файл_есть,_объявлений_нет (0.00s)\n"}
{"Time":"2026-09-17T15:50:48.306030946+03:00","Action":"pass","Package":"github.com/PRO-Robotech/kacho/internal/repohygiene","Test":"TestSubscriptionShapeRefusesAnEmptyRead/файл_есть,_объявлений_нет","Elapsed":0}
{"Time":"2026-09-17T15:50:48.306035745+03:00","Action":"output","Package":"github.com/PRO-Robotech/kacho/internal/repohygiene","Test":"TestSubscriptionShapeReasonContract/CI-DT-05-lawful","Output":"          }\n"}
{"Time":"2026-09-17T15:50:48.306040524+03:00","Action":"run","Package":"github.com/PRO-Robotech/kacho/internal/repohygiene","Test":"TestSubscriptionShapeRefusesAnEmptyRead/судится_не_тот_файл"}
{"Time":"2026-09-17T15:50:48.30604403+03:00","Action":"output","Package":"github.com/PRO-Robotech/kacho/internal/repohygiene","Test":"TestSubscriptionShapeRefusesAnEmptyRead/судится_не_тот_файл","Output":"=== RUN   TestSubscriptionShapeRefusesAnEmptyRead/судится_не_тот_файл\n"}
{"Time":"2026-09-17T15:50:48.306050112+03:00","Action":"output","Package":"github.com/PRO-Robotech/kacho/internal/repohygiene","Test":"TestSubscriptionShapeCategoryMarkCanFail/признак_переизложен_—_молчание","Output":"--- PASS: TestSubscriptionShapeCategoryMarkCanFail/признак_переизложен_—_молчание (0.00s)\n"}
{"Time":"2026-09-17T15:50:48.306056814+03:00","Action":"pass","Package":"github.com/PRO-Robotech/kacho/internal/repohygiene","Test":"TestSubscriptionShapeCategoryMarkCanFail/признак_переизложен_—_молчание","Elapsed":0}
{"Time":"2026-09-17T15:50:48.306061653+03:00","Action":"output","Package":"github.com/PRO-Robotech/kacho/internal/repohygiene","Test":"TestSubscriptionShapeCategoryMarkCanFail","Output":"--- PASS: TestSubscriptionShapeCategoryMarkCanFail (0.01s)\n"}
{"Time":"2026-09-17T15:50:48.306066182+03:00","Action":"pass","Package":"github.com/PRO-Robotech/kacho/internal/repohygiene","Test":"TestSubscriptionShapeCategoryMarkCanFail","Elapsed":0.01}
{"Time":"2026-09-17T15:50:48.30607067+03:00","Action":"output","Package":"github.com/PRO-Robotech/kacho/internal/repohygiene","Test":"TestSubscriptionShapeReasonContract/CI-DT-05-lawful","Output":"        \n"}
{"Time":"2026-09-17T15:50:48.306074688+03:00","Action":"output","Package":"github.com/PRO-Robotech/kacho/internal/repohygiene","Test":"TestSubscriptionShapeReasonContract/CI-DT-05-lawful","Output":"          string position = 1;\n"}
{"Time":"2026-09-17T15:50:48.306078425+03:00","Action":"output","Package":"github.com/PRO-Robotech/kacho/internal/repohygiene","Test":"TestSubscriptionShapeReasonContract/CI-DT-05-lawful","Output":"          string kind = 2;\n"}
{"Time":"2026-09-17T15:50:48.306082593+03:00","Action":"output","Package":"github.com/PRO-Robotech/kacho/internal/repohygiene","Test":"TestSubscriptionShapeReasonContract/CI-DT-05-lawful","Output":"          string resource_id = 3;\n"}
{"Time":"2026-09-17T15:50:48.306087782+03:00","Action":"output","Package":"github.com/PRO-Robotech/kacho/internal/repohygiene","Test":"TestSubscriptionShapeReasonContract/CI-DT-05-lawful","Output":"          // project_id — авторизуемый якорь, поле ОБОЛОЧКИ.\n"}
{"Time":"2026-09-17T15:50:48.306092972+03:00","Action":"output","Package":"github.com/PRO-Robotech/kacho/internal/repohygiene","Test":"TestSubscriptionShapeReasonContract/CI-DT-05-lawful","Output":"          string project_id = 4;\n"}
{"Time":"2026-09-17T15:50:48.306096479+03:00","Action":"output","Package":"github.com/PRO-Robotech/kacho/internal/repohygiene","Test":"TestSubscriptionShapeReasonContract/CI-DT-05-lawful","Output":"        \n"}
{"Time":"2026-09-17T15:50:48.306100486+03:00","Action":"output","Package":"github.com/PRO-Robotech/kacho/internal/repohygiene","Test":"TestSubscriptionShapeReasonContract/CI-DT-05-lawful","Output":"          oneof carrier {\n"}
{"Time":"2026-09-17T15:50:48.306104133+03:00","Action":"output","Package":"github.com/PRO-Robotech/kacho/internal/repohygiene","Test":"TestSubscriptionShapeReasonContract/CI-DT-05-lawful","Output":"            google.protobuf.Any state = 10;\n"}
{"Time":"2026-09-17T15:50:48.306108161+03:00","Action":"output","Package":"github.com/PRO-Robotech/kacho/internal/repohygiene","Test":"TestSubscriptionShapeReasonContract/CI-DT-05-lawful","Output":"            StateUnavailable state_unavailable = 11;\n"}
{"Time":"2026-09-17T15:50:48.306111727+03:00","Action":"output","Package":"github.com/PRO-Robotech/kacho/internal/repohygiene","Test":"TestSubscriptionShapeReasonContract/CI-DT-05-lawful","Output":"          }\n"}
{"Time":"2026-09-17T15:50:48.306115825+03:00","Action":"output","Package":"github.com/PRO-Robotech/kacho/internal/repohygiene","Test":"TestSubscriptionShapeReasonContract/CI-DT-05-lawful","Output":"        }\n"}
{"Time":"2026-09-17T15:50:48.306119362+03:00","Action":"output","Package":"github.com/PRO-Robotech/kacho/internal/repohygiene","Test":"TestSubscriptionShapeReasonContract/CI-DT-05-lawful","Output":"        \n"}
{"Time":"2026-09-17T15:50:48.306123159+03:00","Action":"output","Package":"github.com/PRO-Robotech/kacho/internal/repohygiene","Test":"TestSubscriptionShapeReasonContract/CI-DT-05-lawful","Output":"        \n"}
{"Time":"2026-09-17T15:50:48.306129341+03:00","Action":"output","Package":"github.com/PRO-Robotech/kacho/internal/repohygiene","Test":"TestSubscriptionShapeAxisLedgerCanFail/поле_вне_перечня_—_краснеет_и_называет_ПОЛЕ","Output":"--- PASS: TestSubscriptionShapeAxisLedgerCanFail/поле_вне_перечня_—_краснеет_и_называет_ПОЛЕ (0.00s)\n"}
{"Time":"2026-09-17T15:50:48.306134741+03:00","Action":"pass","Package":"github.com/PRO-Robotech/kacho/internal/repohygiene","Test":"TestSubscriptionShapeAxisLedgerCanFail/поле_вне_перечня_—_краснеет_и_называет_ПОЛЕ","Elapsed":0}
{"Time":"2026-09-17T15:50:48.306141022+03:00","Action":"run","Package":"github.com/PRO-Robotech/kacho/internal/repohygiene","Test":"TestSubscriptionShapeAxisLedgerCanFail/поле,_добавленное_ВМЕСТЕ_с_записью,_—_молчание"}
{"Time":"2026-09-17T15:50:48.30614519+03:00","Action":"output","Package":"github.com/PRO-Robotech/kacho/internal/repohygiene","Test":"TestSubscriptionShapeAxisLedgerCanFail/поле,_добавленное_ВМЕСТЕ_с_записью,_—_молчание","Output":"=== RUN   TestSubscriptionShapeAxisLedgerCanFail/поле,_добавленное_ВМЕСТЕ_с_записью,_—_молчание\n"}
{"Time":"2026-09-17T15:50:48.306152494+03:00","Action":"output","Package":"github.com/PRO-Robotech/kacho/internal/repohygiene","Test":"TestSubscriptionShapeStopReasonCanFail/то_же_имя_ВНУТРИ_вложенного_сообщения_—_молчание","Output":"    subscriptionformshape_injection_test.go:560: перепись: proto/corelib/subscription/subscription.proto — строк 71, типов 5 (верхнего уровня 4), полей 18 (осей 3), значений перечислений 3; утверждений проверено 44; находок 0\n"}
{"Time":"2026-09-17T15:50:48.306160459+03:00","Action":"output","Package":"github.com/PRO-Robotech/kacho/internal/repohygiene","Test":"TestCatalogReachability_RedOnAServiceTheContractDoesNotHave","Output":"--- PASS: TestCatalogReachability_RedOnAServiceTheContractDoesNotHave (0.01s)\n"}
{"Time":"2026-09-17T15:50:48.306164527+03:00","Action":"pass","Package":"github.com/PRO-Robotech/kacho/internal/repohygiene","Test":"TestCatalogReachability_RedOnAServiceTheContractDoesNotHave","Elapsed":0.01}
{"Time":"2026-09-17T15:50:48.306169576+03:00","Action":"output","Package":"github.com/PRO-Robotech/kacho/internal/repohygiene","Test":"TestSubscriptionShapeReasonContract/CI-DT-05-lawful","Output":"--- PASS: TestSubscriptionShapeReasonContract/CI-DT-05-lawful (0.00s)\n"}
{"Time":"2026-09-17T15:50:48.306173724+03:00","Action":"pass","Package":"github.com/PRO-Robotech/kacho/internal/repohygiene","Test":"TestSubscriptionShapeReasonContract/CI-DT-05-lawful","Elapsed":0}
{"Time":"2026-09-17T15:50:48.306179264+03:00","Action":"output","Package":"github.com/PRO-Robotech/kacho/internal/repohygiene","Test":"TestSubscriptionShapeUnsetOutcomeCanFail/исход_назван,_но_не_называет_объявленного_значения_—_находка","Output":"    subscriptionformshape_injection_test.go:397: перепись: proto/corelib/subscription/subscription.proto — строк 69, типов 5 (верхнего уровня 4), полей 17 (осей 3), значений перечислений 3; утверждений проверено 44; находок 1\n"}
{"Time":"2026-09-17T15:50:48.306186939+03:00","Action":"run","Package":"github.com/PRO-Robotech/kacho/internal/repohygiene","Test":"TestSubscriptionShapeReasonContract/CI-DT-03-without-oneof"}
{"Time":"2026-09-17T15:50:48.306190906+03:00","Action":"output","Package":"github.com/PRO-Robotech/kacho/internal/repohygiene","Test":"TestSubscriptionShapeReasonContract/CI-DT-03-without-oneof","Output":"=== RUN   TestSubscriptionShapeReasonContract/CI-DT-03-without-oneof\n"}
{"Time":"2026-09-17T15:50:48.306244808+03:00","Action":"output","Package":"github.com/PRO-Robotech/kacho/internal/repohygiene","Test":"TestSubscriptionShapeAbsentAxisCanFail/причина_отсутствия_НЕ_названа_—_находка","Output":"    subscriptionformshape_injection_test.go:359: перепись: proto/corelib/subscription/subscription.proto — строк 65, типов 5 (верхнего уровня 4), полей 17 (осей 3), значений перечислений 3; утверждений проверено 44; находок 2\n"}
{"Time":"2026-09-17T15:50:48.3062781+03:00","Action":"output","Package":"github.com/PRO-Robotech/kacho/internal/repohygiene","Test":"TestSubscriptionShapeAbsentAxisCanFail/причина_отсутствия_НЕ_названа_—_находка","Output":"    subscriptionformshape_injection_test.go:361: absent-axis-unexplained proto/corelib/subscription/subscription.proto:15 — ось `name` в форме отсутствует, но контракт об этом молчит: слова «ИМЯ» в описании запроса нет. Поле без записанной причины отсутствия заводит следующий «для удобства», и он будет прав по-своему — возразить ему будет нечем\n"}
{"Time":"2026-09-17T15:50:48.306290233+03:00","Action":"output","Package":"github.com/PRO-Robotech/kacho/internal/repohygiene","Test":"TestSubscriptionShapeHorizonCanFail/поля_горизонта_на_месте,_порядок_другой_—_молчание","Output":"    subscriptionformshape_injection_test.go:536: перепись: proto/corelib/subscription/subscription.proto — строк 69, типов 5 (верхнего уровня 4), полей 17 (осей 3), значений перечислений 3; утверждений проверено 44; находок 0\n"}
{"Time":"2026-09-17T15:50:48.306297777+03:00","Action":"output","Package":"github.com/PRO-Robotech/kacho/internal/repohygiene","Test":"TestGRPCMountParity_AStaleAllowIsItselfAFinding/сервиса_нет_в_контракте","Output":"--- PASS: TestGRPCMountParity_AStaleAllowIsItselfAFinding/сервиса_нет_в_контракте (0.00s)\n"}
{"Time":"2026-09-17T15:50:48.30630447+03:00","Action":"pass","Package":"github.com/PRO-Robotech/kacho/internal/repohygiene","Test":"TestGRPCMountParity_AStaleAllowIsItselfAFinding/сервиса_нет_в_контракте","Elapsed":0}
{"Time":"2026-09-17T15:50:48.306335288+03:00","Action":"output","Package":"github.com/PRO-Robotech/kacho/internal/repohygiene","Test":"TestSubscriptionShapeAnchorCanFail/якорь_ветвью_ветвления_—_находка","Output":"    subscriptionformshape_injection_test.go:495: перепись: proto/corelib/subscription/subscription.proto — строк 69, типов 5 (верхнего уровня 4), полей 17 (осей 3), значений перечислений 3; утверждений проверено 44; находок 2\n"}
{"Time":"2026-09-17T15:50:48.306382767+03:00","Action":"output","Package":"github.com/PRO-Robotech/kacho/internal/repohygiene","Test":"TestSubscriptionShapeStopReasonCanFail/то_же_имя_ВНУТРИ_вложенного_сообщения_—_молчание","Output":"--- PASS: TestSubscriptionShapeStopReasonCanFail/то_же_имя_ВНУТРИ_вложенного_сообщения_—_молчание (0.00s)\n"}
{"Time":"2026-09-17T15:50:48.30639499+03:00","Action":"pass","Package":"github.com/PRO-Robotech/kacho/internal/repohygiene","Test":"TestSubscriptionShapeStopReasonCanFail/то_же_имя_ВНУТРИ_вложенного_сообщения_—_молчание","Elapsed":0}
{"Time":"2026-09-17T15:50:48.306399859+03:00","Action":"output","Package":"github.com/PRO-Robotech/kacho/internal/repohygiene","Test":"TestSubscriptionShapeStopReasonCanFail","Output":"--- PASS: TestSubscriptionShapeStopReasonCanFail (0.01s)\n"}
{"Time":"2026-09-17T15:50:48.306404928+03:00","Action":"pass","Package":"github.com/PRO-Robotech/kacho/internal/repohygiene","Test":"TestSubscriptionShapeStopReasonCanFail","Elapsed":0.01}
{"Time":"2026-09-17T15:50:48.306408385+03:00","Action":"output","Package":"github.com/PRO-Robotech/kacho/internal/repohygiene","Test":"TestSubscriptionShapeCarrierCanFail/ветвей_три_—_находка","Output":"    subscriptionformshape_injection_test.go:437: перепись: proto/corelib/subscription/subscription.proto — строк 70, типов 5 (верхнего уровня 4), полей 18 (осей 3), значений перечислений 3; утверждений проверено 44; находок 1\n"}
{"Time":"2026-09-17T15:50:48.306414957+03:00","Action":"output","Package":"github.com/PRO-Robotech/kacho/internal/repohygiene","Test":"TestSubscriptionShapeMissingMessageCanFail/все_три_сообщения_на_месте,_порядок_другой_—_молчание","Output":"--- PASS: TestSubscriptionShapeMissingMessageCanFail/все_три_сообщения_на_месте,_порядок_другой_—_молчание (0.00s)\n"}
{"Time":"2026-09-17T15:50:48.306420488+03:00","Action":"pass","Package":"github.com/PRO-Robotech/kacho/internal/repohygiene","Test":"TestSubscriptionShapeMissingMessageCanFail/все_три_сообщения_на_месте,_порядок_другой_—_молчание","Elapsed":0}
{"Time":"2026-09-17T15:50:48.306426148+03:00","Action":"output","Package":"github.com/PRO-Robotech/kacho/internal/repohygiene","Test":"TestSubscriptionShapeMissingMessageCanFail","Output":"--- PASS: TestSubscriptionShapeMissingMessageCanFail (0.01s)\n"}
{"Time":"2026-09-17T15:50:48.306430577+03:00","Action":"pass","Package":"github.com/PRO-Robotech/kacho/internal/repohygiene","Test":"TestSubscriptionShapeMissingMessageCanFail","Elapsed":0.01}
{"Time":"2026-09-17T15:50:48.306441647+03:00","Action":"output","Package":"github.com/PRO-Robotech/kacho/internal/repohygiene","Test":"TestSubscriptionShapeOwnerVocabularyCanFail/словарь_закрыт_контрактом_—_находка","Output":"--- PASS: TestSubscriptionShapeOwnerVocabularyCanFail/словарь_закрыт_контрактом_—_находка (0.00s)\n"}
{"Time":"2026-09-17T15:50:48.3064483+03:00","Action":"pass","Package":"github.com/PRO-Robotech/kacho/internal/repohygiene","Test":"TestSubscriptionShapeOwnerVocabularyCanFail/словарь_закрыт_контрактом_—_находка","Elapsed":0}
{"Time":"2026-09-17T15:50:48.306455624+03:00","Action":"output","Package":"github.com/PRO-Robotech/kacho/internal/repohygiene","Test":"TestSubscriptionShapeUnsetOutcomeCanFail/исход_назван,_но_не_называет_объявленного_значения_—_находка","Output":"--- PASS: TestSubscriptionShapeUnsetOutcomeCanFail/исход_назван,_но_не_называет_объявленного_значения_—_находка (0.00s)\n"}
{"Time":"2026-09-17T15:50:48.306461034+03:00","Action":"pass","Package":"github.com/PRO-Robotech/kacho/internal/repohygiene","Test":"TestSubscriptionShapeUnsetOutcomeCanFail/исход_назван,_но_не_называет_объявленного_значения_—_находка","Elapsed":0}
{"Time":"2026-09-17T15:50:48.306466224+03:00","Action":"run","Package":"github.com/PRO-Robotech/kacho/internal/repohygiene","Test":"TestSubscriptionShapeOwnerVocabularyCanFail/перечисление_рядом,_но_ось_строковая_—_молчание"}
{"Time":"2026-09-17T15:50:48.306470061+03:00","Action":"output","Package":"github.com/PRO-Robotech/kacho/internal/repohygiene","Test":"TestSubscriptionShapeOwnerVocabularyCanFail/перечисление_рядом,_но_ось_строковая_—_молчание","Output":"=== RUN   TestSubscriptionShapeOwnerVocabularyCanFail/перечисление_рядом,_но_ось_строковая_—_молчание\n"}
{"Time":"2026-09-17T15:50:48.306480731+03:00","Action":"run","Package":"github.com/PRO-Robotech/kacho/internal/repohygiene","Test":"TestSubscriptionShapeUnsetOutcomeCanFail/исход_назван_ДРУГИМ_значением_и_другими_словами_—_молчание"}
{"Time":"2026-09-17T15:50:48.306483446+03:00","Action":"output","Package":"github.com/PRO-Robotech/kacho/internal/repohygiene","Test":"TestSubscriptionShapeUnsetOutcomeCanFail/исход_назван_ДРУГИМ_значением_и_другими_словами_—_молчание","Output":"=== RUN   TestSubscriptionShapeUnsetOutcomeCanFail/исход_назван_ДРУГИМ_значением_и_другими_словами_—_молчание\n"}
{"Time":"2026-09-17T15:50:48.306487343+03:00","Action":"output","Package":"github.com/PRO-Robotech/kacho/internal/repohygiene","Test":"TestGRPCMountParity_AnAllowForAnUnownedPackageIsOutOfSubject/та_же_запись_СТАНОВИТСЯ_находкой,_как_только_пакетом_начинают_владеть","Output":"--- PASS: TestGRPCMountParity_AnAllowForAnUnownedPackageIsOutOfSubject/та_же_запись_СТАНОВИТСЯ_находкой,_как_только_пакетом_начинают_владеть (0.00s)\n"}
{"Time":"2026-09-17T15:50:48.306493365+03:00","Action":"pass","Package":"github.com/PRO-Robotech/kacho/internal/repohygiene","Test":"TestGRPCMountParity_AnAllowForAnUnownedPackageIsOutOfSubject/та_же_запись_СТАНОВИТСЯ_находкой,_как_только_пакетом_начинают_владеть","Elapsed":0}
{"Time":"2026-09-17T15:50:48.306499266+03:00","Action":"output","Package":"github.com/PRO-Robotech/kacho/internal/repohygiene","Test":"TestSubscriptionShapeHorizonCanFail/поля_горизонта_на_месте,_порядок_другой_—_молчание","Output":"--- PASS: TestSubscriptionShapeHorizonCanFail/поля_горизонта_на_месте,_порядок_другой_—_молчание (0.00s)\n"}
{"Time":"2026-09-17T15:50:48.306504205+03:00","Action":"pass","Package":"github.com/PRO-Robotech/kacho/internal/repohygiene","Test":"TestSubscriptionShapeHorizonCanFail/поля_горизонта_на_месте,_порядок_другой_—_молчание","Elapsed":0}
{"Time":"2026-09-17T15:50:48.306508343+03:00","Action":"output","Package":"github.com/PRO-Robotech/kacho/internal/repohygiene","Test":"TestSubscriptionShapeHorizonCanFail","Output":"--- PASS: TestSubscriptionShapeHorizonCanFail (0.01s)\n"}
{"Time":"2026-09-17T15:50:48.306511138+03:00","Action":"pass","Package":"github.com/PRO-Robotech/kacho/internal/repohygiene","Test":"TestSubscriptionShapeHorizonCanFail","Elapsed":0.01}
{"Time":"2026-09-17T15:50:48.306513573+03:00","Action":"output","Package":"github.com/PRO-Robotech/kacho/internal/repohygiene","Test":"TestSubscriptionShapeAbsentAxisCanFail/причина_отсутствия_НЕ_названа_—_находка","Output":"--- PASS: TestSubscriptionShapeAbsentAxisCanFail/причина_отсутствия_НЕ_названа_—_находка (0.00s)\n"}
{"Time":"2026-09-17T15:50:48.306516899+03:00","Action":"pass","Package":"github.com/PRO-Robotech/kacho/internal/repohygiene","Test":"TestSubscriptionShapeAbsentAxisCanFail/причина_отсутствия_НЕ_названа_—_находка","Elapsed":0}
{"Time":"2026-09-17T15:50:48.306520816+03:00","Action":"output","Package":"github.com/PRO-Robotech/kacho/internal/repohygiene","Test":"TestSubscriptionShapeAxisLedgerCanFail/поле,_добавленное_ВМЕСТЕ_с_записью,_—_молчание","Output":"    subscriptionformshape_injection_test.go:282: перепись: proto/corelib/subscription/subscription.proto — строк 72, типов 5 (верхнего уровня 4), полей 18 (осей 4), значений перечислений 3; утверждений проверено 48; находок 0\n"}
{"Time":"2026-09-17T15:50:48.306526627+03:00","Action":"run","Package":"github.com/PRO-Robotech/kacho/internal/repohygiene","Test":"TestSubscriptionShapeAbsentAxisCanFail/причина_переизложена_—_молчание"}
{"Time":"2026-09-17T15:50:48.306528962+03:00","Action":"output","Package":"github.com/PRO-Robotech/kacho/internal/repohygiene","Test":"TestSubscriptionShapeAbsentAxisCanFail/причина_переизложена_—_молчание","Output":"=== RUN   TestSubscriptionShapeAbsentAxisCanFail/причина_переизложена_—_молчание\n"}
{"Time":"2026-09-17T15:50:48.306550893+03:00","Action":"output","Package":"github.com/PRO-Robotech/kacho/internal/repohygiene","Test":"TestSubscriptionShapeReasonContract/CI-DT-03-without-oneof","Output":"    subscriptionreason_test.go:70: перепись: proto/corelib/subscription/subscription.proto — строк 67, типов 5 (верхнего уровня 4), полей 17 (осей 3), значений перечислений 3; утверждений проверено 41; находок 1\n"}
{"Time":"2026-09-17T15:50:48.30655996+03:00","Action":"output","Package":"github.com/PRO-Robotech/kacho/internal/repohygiene","Test":"TestSubscriptionShapeReasonContract/CI-DT-03-without-oneof","Output":"    subscriptionreason_test.go:71: дефектная форма:\n"}
{"Time":"2026-09-17T15:50:48.306562475+03:00","Action":"output","Package":"github.com/PRO-Robotech/kacho/internal/repohygiene","Test":"TestSubscriptionShapeReasonContract/CI-DT-03-without-oneof","Output":"        syntax = \"proto3\";\n"}
{"Time":"2026-09-17T15:50:48.306565741+03:00","Action":"output","Package":"github.com/PRO-Robotech/kacho/internal/repohygiene","Test":"TestSubscriptionShapeReasonContract/CI-DT-03-without-oneof","Output":"        \n"}
{"Time":"2026-09-17T15:50:48.306568366+03:00","Action":"output","Package":"github.com/PRO-Robotech/kacho/internal/repohygiene","Test":"TestSubscriptionShapeReasonContract/CI-DT-03-without-oneof","Output":"        package corelib.subscription;\n"}
{"Time":"2026-09-17T15:50:48.30657086+03:00","Action":"output","Package":"github.com/PRO-Robotech/kacho/internal/repohygiene","Test":"TestSubscriptionShapeReasonContract/CI-DT-03-without-oneof","Output":"        \n"}
{"Time":"2026-09-17T15:50:48.306572984+03:00","Action":"output","Package":"github.com/PRO-Robotech/kacho/internal/repohygiene","Test":"TestSubscriptionShapeReasonContract/CI-DT-03-without-oneof","Output":"        import \"google/protobuf/any.proto\";\n"}
{"Time":"2026-09-17T15:50:48.306575249+03:00","Action":"output","Package":"github.com/PRO-Robotech/kacho/internal/repohygiene","Test":"TestSubscriptionShapeReasonContract/CI-DT-03-without-oneof","Output":"        \n"}
{"Time":"2026-09-17T15:50:48.306578405+03:00","Action":"output","Package":"github.com/PRO-Robotech/kacho/internal/repohygiene","Test":"TestSubscriptionShapeReasonContract/CI-DT-03-without-oneof","Output":"        // SubscriptionAnchor — якорь начала.\n"}
{"Time":"2026-09-17T15:50:48.306580839+03:00","Action":"output","Package":"github.com/PRO-Robotech/kacho/internal/repohygiene","Test":"TestSubscriptionShapeReasonContract/CI-DT-03-without-oneof","Output":"        enum SubscriptionAnchor {\n"}
{"Time":"2026-09-17T15:50:48.306583344+03:00","Action":"output","Package":"github.com/PRO-Robotech/kacho/internal/repohygiene","Test":"TestSubscriptionShapeReasonContract/CI-DT-03-without-oneof","Output":"          SUBSCRIPTION_ANCHOR_UNSPECIFIED = 0;\n"}
{"Time":"2026-09-17T15:50:48.306585608+03:00","Action":"output","Package":"github.com/PRO-Robotech/kacho/internal/repohygiene","Test":"TestSubscriptionShapeReasonContract/CI-DT-03-without-oneof","Output":"          BEGINNING = 1;\n"}
{"Time":"2026-09-17T15:50:48.306587922+03:00","Action":"output","Package":"github.com/PRO-Robotech/kacho/internal/repohygiene","Test":"TestSubscriptionShapeReasonContract/CI-DT-03-without-oneof","Output":"          CURRENT_END = 2;\n"}
{"Time":"2026-09-17T15:50:48.306590167+03:00","Action":"output","Package":"github.com/PRO-Robotech/kacho/internal/repohygiene","Test":"TestSubscriptionShapeReasonContract/CI-DT-03-without-oneof","Output":"        }\n"}
{"Time":"2026-09-17T15:50:48.306592401+03:00","Action":"output","Package":"github.com/PRO-Robotech/kacho/internal/repohygiene","Test":"TestSubscriptionShapeReasonContract/CI-DT-03-without-oneof","Output":"        \n"}
{"Time":"2026-09-17T15:50:48.306594645+03:00","Action":"output","Package":"github.com/PRO-Robotech/kacho/internal/repohygiene","Test":"TestSubscriptionShapeReasonContract/CI-DT-03-without-oneof","Output":"        // SubscriptionRequest — запрос подписки.\n"}
{"Time":"2026-09-17T15:50:48.30659708+03:00","Action":"output","Package":"github.com/PRO-Robotech/kacho/internal/repohygiene","Test":"TestSubscriptionShapeReasonContract/CI-DT-03-without-oneof","Output":"        //\n"}
{"Time":"2026-09-17T15:50:48.306600356+03:00","Action":"output","Package":"github.com/PRO-Robotech/kacho/internal/repohygiene","Test":"TestSubscriptionShapeReasonContract/CI-DT-03-without-oneof","Output":"        // ИМЯ сюда не берётся: оно мутабельно, и подписка по нему молча перестанет\n"}
{"Time":"2026-09-17T15:50:48.306607199+03:00","Action":"output","Package":"github.com/PRO-Robotech/kacho/internal/repohygiene","Test":"TestSubscriptionShapeReasonContract/CI-DT-03-without-oneof","Output":"        // совпадать. МЕТКИ сюда не берутся: они мутабельны, и выход из выборки\n"}
{"Time":"2026-09-17T15:50:48.306610184+03:00","Action":"output","Package":"github.com/PRO-Robotech/kacho/internal/repohygiene","Test":"TestSubscriptionShapeReasonContract/CI-DT-03-without-oneof","Output":"        // неотличим от удаления.\n"}
{"Time":"2026-09-17T15:50:48.306612679+03:00","Action":"output","Package":"github.com/PRO-Robotech/kacho/internal/repohygiene","Test":"TestSubscriptionShapeReasonContract/CI-DT-03-without-oneof","Output":"        message SubscriptionRequest {\n"}
{"Time":"2026-09-17T15:50:48.306615033+03:00","Action":"output","Package":"github.com/PRO-Robotech/kacho/internal/repohygiene","Test":"TestSubscriptionShapeReasonContract/CI-DT-03-without-oneof","Output":"          // kinds — виды предметов. Категория: УДОБСТВА.\n"}
{"Time":"2026-09-17T15:50:48.306617728+03:00","Action":"output","Package":"github.com/PRO-Robotech/kacho/internal/repohygiene","Test":"TestSubscriptionShapeReasonContract/CI-DT-03-without-oneof","Output":"          repeated string kinds = 1;\n"}
{"Time":"2026-09-17T15:50:48.306619973+03:00","Action":"output","Package":"github.com/PRO-Robotech/kacho/internal/repohygiene","Test":"TestSubscriptionShapeReasonContract/CI-DT-03-without-oneof","Output":"        \n"}
{"Time":"2026-09-17T15:50:48.306622307+03:00","Action":"output","Package":"github.com/PRO-Robotech/kacho/internal/repohygiene","Test":"TestSubscriptionShapeReasonContract/CI-DT-03-without-oneof","Output":"          // project_id — проект. Категория: ЯКОРНАЯ.\n"}
{"Time":"2026-09-17T15:50:48.306624702+03:00","Action":"output","Package":"github.com/PRO-Robotech/kacho/internal/repohygiene","Test":"TestSubscriptionShapeReasonContract/CI-DT-03-without-oneof","Output":"          string project_id = 2;\n"}
{"Time":"2026-09-17T15:50:48.306626886+03:00","Action":"output","Package":"github.com/PRO-Robotech/kacho/internal/repohygiene","Test":"TestSubscriptionShapeReasonContract/CI-DT-03-without-oneof","Output":"        \n"}
{"Time":"2026-09-17T15:50:48.306637496+03:00","Action":"output","Package":"github.com/PRO-Robotech/kacho/internal/repohygiene","Test":"TestSubscriptionShapeReasonContract/CI-DT-03-without-oneof","Output":"          // ids — идентификаторы. Категория: УДОБСТВА.\n"}
{"Time":"2026-09-17T15:50:48.306640171+03:00","Action":"output","Package":"github.com/PRO-Robotech/kacho/internal/repohygiene","Test":"TestSubscriptionShapeReasonContract/CI-DT-03-without-oneof","Output":"          repeated string ids = 3;\n"}
{"Time":"2026-09-17T15:50:48.306642555+03:00","Action":"output","Package":"github.com/PRO-Robotech/kacho/internal/repohygiene","Test":"TestSubscriptionShapeReasonContract/CI-DT-03-without-oneof","Output":"          // start — с какого места отдавать.\n"}
{"Time":"2026-09-17T15:50:48.306644849+03:00","Action":"output","Package":"github.com/PRO-Robotech/kacho/internal/repohygiene","Test":"TestSubscriptionShapeReasonContract/CI-DT-03-without-oneof","Output":"          //\n"}
{"Time":"2026-09-17T15:50:48.306646973+03:00","Action":"output","Package":"github.com/PRO-Robotech/kacho/internal/repohygiene","Test":"TestSubscriptionShapeReasonContract/CI-DT-03-without-oneof","Output":"          // ИСХОД НЕЗАДАННОГО НАЗВАН: start не задан означает ровно CURRENT_END.\n"}
{"Time":"2026-09-17T15:50:48.306653426+03:00","Action":"output","Package":"github.com/PRO-Robotech/kacho/internal/repohygiene","Test":"TestSubscriptionShapeReasonContract/CI-DT-03-without-oneof","Output":"          oneof start {\n"}
{"Time":"2026-09-17T15:50:48.306656772+03:00","Action":"output","Package":"github.com/PRO-Robotech/kacho/internal/repohygiene","Test":"TestSubscriptionShapeReasonContract/CI-DT-03-without-oneof","Output":"            // anchor — назвать место словом.\n"}
{"Time":"2026-09-17T15:50:48.306659347+03:00","Action":"output","Package":"github.com/PRO-Robotech/kacho/internal/repohygiene","Test":"TestSubscriptionShapeReasonContract/CI-DT-03-without-oneof","Output":"            SubscriptionAnchor anchor = 10;\n"}
{"Time":"2026-09-17T15:50:48.306661821+03:00","Action":"output","Package":"github.com/PRO-Robotech/kacho/internal/repohygiene","Test":"TestSubscriptionShapeReasonContract/CI-DT-03-without-oneof","Output":"            // position — непрозрачный токен.\n"}
{"Time":"2026-09-17T15:50:48.306664256+03:00","Action":"output","Package":"github.com/PRO-Robotech/kacho/internal/repohygiene","Test":"TestSubscriptionShapeReasonContract/CI-DT-03-without-oneof","Output":"            string position = 11;\n"}
{"Time":"2026-09-17T15:50:48.30666634+03:00","Action":"output","Package":"github.com/PRO-Robotech/kacho/internal/repohygiene","Test":"TestSubscriptionShapeReasonContract/CI-DT-03-without-oneof","Output":"          }\n"}
{"Time":"2026-09-17T15:50:48.306668844+03:00","Action":"output","Package":"github.com/PRO-Robotech/kacho/internal/repohygiene","Test":"TestSubscriptionShapeReasonContract/CI-DT-03-without-oneof","Output":"        }\n"}
{"Time":"2026-09-17T15:50:48.306670999+03:00","Action":"output","Package":"github.com/PRO-Robotech/kacho/internal/repohygiene","Test":"TestSubscriptionShapeReasonContract/CI-DT-03-without-oneof","Output":"        \n"}
{"Time":"2026-09-17T15:50:48.306673173+03:00","Action":"output","Package":"github.com/PRO-Robotech/kacho/internal/repohygiene","Test":"TestSubscriptionShapeReasonContract/CI-DT-03-without-oneof","Output":"        // SubscriptionOpened — служебное первое сообщение.\n"}
{"Time":"2026-09-17T15:50:48.306679204+03:00","Action":"output","Package":"github.com/PRO-Robotech/kacho/internal/repohygiene","Test":"TestSubscriptionShapeReasonContract/CI-DT-03-without-oneof","Output":"        message SubscriptionOpened {\n"}
{"Time":"2026-09-17T15:50:48.306681418+03:00","Action":"output","Package":"github.com/PRO-Robotech/kacho/internal/repohygiene","Test":"TestSubscriptionShapeReasonContract/CI-DT-03-without-oneof","Output":"          string position = 1;\n"}
{"Time":"2026-09-17T15:50:48.306683973+03:00","Action":"output","Package":"github.com/PRO-Robotech/kacho/internal/repohygiene","Test":"TestSubscriptionShapeReasonContract/CI-DT-03-without-oneof","Output":"          bool caught_up = 2;\n"}
{"Time":"2026-09-17T15:50:48.306686177+03:00","Action":"output","Package":"github.com/PRO-Robotech/kacho/internal/repohygiene","Test":"TestSubscriptionShapeReasonContract/CI-DT-03-without-oneof","Output":"          repeated string honored_filters = 3;\n"}
{"Time":"2026-09-17T15:50:48.306688391+03:00","Action":"output","Package":"github.com/PRO-Robotech/kacho/internal/repohygiene","Test":"TestSubscriptionShapeReasonContract/CI-DT-03-without-oneof","Output":"          string earliest_resumable_position = 4;\n"}
{"Time":"2026-09-17T15:50:48.306690796+03:00","Action":"output","Package":"github.com/PRO-Robotech/kacho/internal/repohygiene","Test":"TestSubscriptionShapeReasonContract/CI-DT-03-without-oneof","Output":"          bool retains_everything = 5;\n"}
{"Time":"2026-09-17T15:50:48.30669309+03:00","Action":"output","Package":"github.com/PRO-Robotech/kacho/internal/repohygiene","Test":"TestSubscriptionShapeReasonContract/CI-DT-03-without-oneof","Output":"        }\n"}
{"Time":"2026-09-17T15:50:48.306695164+03:00","Action":"output","Package":"github.com/PRO-Robotech/kacho/internal/repohygiene","Test":"TestSubscriptionShapeReasonContract/CI-DT-03-without-oneof","Output":"        \n"}
{"Time":"2026-09-17T15:50:48.306700895+03:00","Action":"output","Package":"github.com/PRO-Robotech/kacho/internal/repohygiene","Test":"TestSubscriptionShapeReasonContract/CI-DT-03-without-oneof","Output":"        // SubscriptionEvent — оболочка события.\n"}
{"Time":"2026-09-17T15:50:48.306703349+03:00","Action":"output","Package":"github.com/PRO-Robotech/kacho/internal/repohygiene","Test":"TestSubscriptionShapeReasonContract/CI-DT-03-without-oneof","Output":"        message SubscriptionEvent {\n"}
{"Time":"2026-09-17T15:50:48.306705493+03:00","Action":"output","Package":"github.com/PRO-Robotech/kacho/internal/repohygiene","Test":"TestSubscriptionShapeReasonContract/CI-DT-03-without-oneof","Output":"          // StateUnavailable — вторая ветвь носителя.\n"}
{"Time":"2026-09-17T15:50:48.306708098+03:00","Action":"output","Package":"github.com/PRO-Robotech/kacho/internal/repohygiene","Test":"TestSubscriptionShapeReasonContract/CI-DT-03-without-oneof","Output":"          message StateUnavailable {\n"}
{"Time":"2026-09-17T15:50:48.306710342+03:00","Action":"output","Package":"github.com/PRO-Robotech/kacho/internal/repohygiene","Test":"TestSubscriptionShapeReasonContract/CI-DT-03-without-oneof","Output":"            // reason — почему состояния нет. Это НЕ причина остановки потока.\n"}
{"Time":"2026-09-17T15:50:48.306712897+03:00","Action":"output","Package":"github.com/PRO-Robotech/kacho/internal/repohygiene","Test":"TestSubscriptionShapeReasonContract/CI-DT-03-without-oneof","Output":"            string reason = 1;\n"}
{"Time":"2026-09-17T15:50:48.30671969+03:00","Action":"output","Package":"github.com/PRO-Robotech/kacho/internal/repohygiene","Test":"TestSubscriptionShapeReasonContract/CI-DT-03-without-oneof","Output":"          }\n"}
{"Time":"2026-09-17T15:50:48.306721904+03:00","Action":"output","Package":"github.com/PRO-Robotech/kacho/internal/repohygiene","Test":"TestSubscriptionShapeReasonContract/CI-DT-03-without-oneof","Output":"        \n"}
{"Time":"2026-09-17T15:50:48.306724239+03:00","Action":"output","Package":"github.com/PRO-Robotech/kacho/internal/repohygiene","Test":"TestSubscriptionShapeReasonContract/CI-DT-03-without-oneof","Output":"          string position = 1;\n"}
{"Time":"2026-09-17T15:50:48.306726633+03:00","Action":"output","Package":"github.com/PRO-Robotech/kacho/internal/repohygiene","Test":"TestSubscriptionShapeReasonContract/CI-DT-03-without-oneof","Output":"          string kind = 2;\n"}
{"Time":"2026-09-17T15:50:48.306728867+03:00","Action":"output","Package":"github.com/PRO-Robotech/kacho/internal/repohygiene","Test":"TestSubscriptionShapeReasonContract/CI-DT-03-without-oneof","Output":"          string resource_id = 3;\n"}
{"Time":"2026-09-17T15:50:48.306731051+03:00","Action":"output","Package":"github.com/PRO-Robotech/kacho/internal/repohygiene","Test":"TestSubscriptionShapeReasonContract/CI-DT-03-without-oneof","Output":"          // project_id — авторизуемый якорь, поле ОБОЛОЧКИ.\n"}
{"Time":"2026-09-17T15:50:48.306733606+03:00","Action":"output","Package":"github.com/PRO-Robotech/kacho/internal/repohygiene","Test":"TestSubscriptionShapeReasonContract/CI-DT-03-without-oneof","Output":"          string project_id = 4;\n"}
{"Time":"2026-09-17T15:50:48.306739768+03:00","Action":"output","Package":"github.com/PRO-Robotech/kacho/internal/repohygiene","Test":"TestSubscriptionShapeReasonContract/CI-DT-03-without-oneof","Output":"        \n"}
{"Time":"2026-09-17T15:50:48.306742072+03:00","Action":"output","Package":"github.com/PRO-Robotech/kacho/internal/repohygiene","Test":"TestSubscriptionShapeReasonContract/CI-DT-03-without-oneof","Output":"          google.protobuf.Any state = 10;\n"}
{"Time":"2026-09-17T15:50:48.306744316+03:00","Action":"output","Package":"github.com/PRO-Robotech/kacho/internal/repohygiene","Test":"TestSubscriptionShapeReasonContract/CI-DT-03-without-oneof","Output":"          StateUnavailable state_unavailable = 11;\n"}
{"Time":"2026-09-17T15:50:48.30674652+03:00","Action":"output","Package":"github.com/PRO-Robotech/kacho/internal/repohygiene","Test":"TestSubscriptionShapeReasonContract/CI-DT-03-without-oneof","Output":"        }\n"}
{"Time":"2026-09-17T15:50:48.306748695+03:00","Action":"output","Package":"github.com/PRO-Robotech/kacho/internal/repohygiene","Test":"TestSubscriptionShapeReasonContract/CI-DT-03-without-oneof","Output":"        \n"}
{"Time":"2026-09-17T15:50:48.306750859+03:00","Action":"output","Package":"github.com/PRO-Robotech/kacho/internal/repohygiene","Test":"TestSubscriptionShapeReasonContract/CI-DT-03-without-oneof","Output":"        \n"}
{"Time":"2026-09-17T15:50:48.306754946+03:00","Action":"output","Package":"github.com/PRO-Robotech/kacho/internal/repohygiene","Test":"TestSubscriptionShapeAnchorCanFail/якорь_ветвью_ветвления_—_находка","Output":"--- PASS: TestSubscriptionShapeAnchorCanFail/якорь_ветвью_ветвления_—_находка (0.00s)\n"}
{"Time":"2026-09-17T15:50:48.306757872+03:00","Action":"pass","Package":"github.com/PRO-Robotech/kacho/internal/repohygiene","Test":"TestSubscriptionShapeAnchorCanFail/якорь_ветвью_ветвления_—_находка","Elapsed":0}
{"Time":"2026-09-17T15:50:48.306760717+03:00","Action":"run","Package":"github.com/PRO-Robotech/kacho/internal/repohygiene","Test":"TestSubscriptionShapeAnchorCanFail/якорь_ВНУТРИ_нагрузки_—_находка"}
{"Time":"2026-09-17T15:50:48.306762891+03:00","Action":"output","Package":"github.com/PRO-Robotech/kacho/internal/repohygiene","Test":"TestSubscriptionShapeAnchorCanFail/якорь_ВНУТРИ_нагрузки_—_находка","Output":"=== RUN   TestSubscriptionShapeAnchorCanFail/якорь_ВНУТРИ_нагрузки_—_находка\n"}
{"Time":"2026-09-17T15:50:48.306766218+03:00","Action":"output","Package":"github.com/PRO-Robotech/kacho/internal/repohygiene","Test":"TestSubscriptionShapeCarrierCanFail/ветвей_три_—_находка","Output":"--- PASS: TestSubscriptionShapeCarrierCanFail/ветвей_три_—_находка (0.00s)\n"}
{"Time":"2026-09-17T15:50:48.306769223+03:00","Action":"pass","Package":"github.com/PRO-Robotech/kacho/internal/repohygiene","Test":"TestSubscriptionShapeCarrierCanFail/ветвей_три_—_находка","Elapsed":0}
{"Time":"2026-09-17T15:50:48.306771678+03:00","Action":"run","Package":"github.com/PRO-Robotech/kacho/internal/repohygiene","Test":"TestSubscriptionShapeCarrierCanFail/состояние_свободной_структурой_—_находка"}
{"Time":"2026-09-17T15:50:48.306773852+03:00","Action":"output","Package":"github.com/PRO-Robotech/kacho/internal/repohygiene","Test":"TestSubscriptionShapeCarrierCanFail/состояние_свободной_структурой_—_находка","Output":"=== RUN   TestSubscriptionShapeCarrierCanFail/состояние_свободной_структурой_—_находка\n"}
{"Time":"2026-09-17T15:50:48.306780595+03:00","Action":"output","Package":"github.com/PRO-Robotech/kacho/internal/repohygiene","Test":"TestCatalogReachability_RedOnAMethodTheContractDoesNotHave","Output":"--- PASS: TestCatalogReachability_RedOnAMethodTheContractDoesNotHave (0.01s)\n"}
{"Time":"2026-09-17T15:50:48.306886544+03:00","Action":"pass","Package":"github.com/PRO-Robotech/kacho/internal/repohygiene","Test":"TestCatalogReachability_RedOnAMethodTheContractDoesNotHave","Elapsed":0.01}
{"Time":"2026-09-17T15:50:48.306897594+03:00","Action":"output","Package":"github.com/PRO-Robotech/kacho/internal/repohygiene","Test":"TestSubscriptionShapeOwnerVocabularyCanFail/перечисление_рядом,_но_ось_строковая_—_молчание","Output":"    subscriptionformshape_injection_test.go:621: перепись: proto/corelib/subscription/subscription.proto — строк 75, типов 6 (верхнего уровня 5), полей 17 (осей 3), значений перечислений 5; утверждений проверено 44; находок 0\n"}
{"Time":"2026-09-17T15:50:48.306917241+03:00","Action":"output","Package":"github.com/PRO-Robotech/kacho/internal/repohygiene","Test":"TestSubscriptionShapeUnsetOutcomeCanFail/исход_назван_ДРУГИМ_значением_и_другими_словами_—_молчание","Output":"    subscriptionformshape_injection_test.go:407: перепись: proto/corelib/subscription/subscription.proto — строк 70, типов 5 (верхнего уровня 4), полей 17 (осей 3), значений перечислений 3; утверждений проверено 44; находок 0\n"}
{"Time":"2026-09-17T15:50:48.306930887+03:00","Action":"output","Package":"github.com/PRO-Robotech/kacho/internal/repohygiene","Test":"TestSubscriptionShapeAbsentAxisCanFail/причина_переизложена_—_молчание","Output":"    subscriptionformshape_injection_test.go:373: перепись: proto/corelib/subscription/subscription.proto — строк 70, типов 5 (верхнего уровня 4), полей 17 (осей 3), значений перечислений 3; утверждений проверено 44; находок 0\n"}
{"Time":"2026-09-17T15:50:48.306938361+03:00","Action":"output","Package":"github.com/PRO-Robotech/kacho/internal/repohygiene","Test":"TestSubscriptionShapeAxisLedgerCanFail/поле,_добавленное_ВМЕСТЕ_с_записью,_—_молчание","Output":"--- PASS: TestSubscriptionShapeAxisLedgerCanFail/поле,_добавленное_ВМЕСТЕ_с_записью,_—_молчание (0.00s)\n"}
{"Time":"2026-09-17T15:50:48.306945064+03:00","Action":"pass","Package":"github.com/PRO-Robotech/kacho/internal/repohygiene","Test":"TestSubscriptionShapeAxisLedgerCanFail/поле,_добавленное_ВМЕСТЕ_с_записью,_—_молчание","Elapsed":0}
{"Time":"2026-09-17T15:50:48.306951516+03:00","Action":"run","Package":"github.com/PRO-Robotech/kacho/internal/repohygiene","Test":"TestSubscriptionShapeAxisLedgerCanFail/запись,_которой_нечего_исключать,_—_находка"}
{"Time":"2026-09-17T15:50:48.306958228+03:00","Action":"output","Package":"github.com/PRO-Robotech/kacho/internal/repohygiene","Test":"TestSubscriptionShapeAxisLedgerCanFail/запись,_которой_нечего_исключать,_—_находка","Output":"=== RUN   TestSubscriptionShapeAxisLedgerCanFail/запись,_которой_нечего_исключать,_—_находка\n"}
{"Time":"2026-09-17T15:50:48.306968918+03:00","Action":"output","Package":"github.com/PRO-Robotech/kacho/internal/repohygiene","Test":"TestSubscriptionShapePerimeterCanFail/слова_`service`_и_`rpc`_В_ПРОЗЕ_—_молчание","Output":"    subscriptionformshape_injection_test.go:583: перепись: proto/corelib/subscription/subscription.proto — строк 71, типов 5 (верхнего уровня 4), полей 17 (осей 3), значений перечислений 3; утверждений проверено 44; находок 0\n"}
{"Time":"2026-09-17T15:50:48.307042377+03:00","Action":"output","Package":"github.com/PRO-Robotech/kacho/internal/repohygiene","Test":"TestSubscriptionShapeReasonContract/CI-DT-03-without-oneof","Output":"--- PASS: TestSubscriptionShapeReasonContract/CI-DT-03-without-oneof (0.00s)\n"}
{"Time":"2026-09-17T15:50:48.307048718+03:00","Action":"pass","Package":"github.com/PRO-Robotech/kacho/internal/repohygiene","Test":"TestSubscriptionShapeReasonContract/CI-DT-03-without-oneof","Elapsed":0}
{"Time":"2026-09-17T15:50:48.30705478+03:00","Action":"run","Package":"github.com/PRO-Robotech/kacho/internal/repohygiene","Test":"TestSubscriptionShapeReasonContract/CI-DT-04-third-branch"}
{"Time":"2026-09-17T15:50:48.307061162+03:00","Action":"output","Package":"github.com/PRO-Robotech/kacho/internal/repohygiene","Test":"TestSubscriptionShapeReasonContract/CI-DT-04-third-branch","Output":"=== RUN   TestSubscriptionShapeReasonContract/CI-DT-04-third-branch\n"}
{"Time":"2026-09-17T15:50:48.307122718+03:00","Action":"output","Package":"github.com/PRO-Robotech/kacho/internal/repohygiene","Test":"TestSubscriptionShapeAnchorCanFail/якорь_ВНУТРИ_нагрузки_—_находка","Output":"    subscriptionformshape_injection_test.go:504: перепись: proto/corelib/subscription/subscription.proto — строк 73, типов 6 (верхнего уровня 4), полей 18 (осей 3), значений перечислений 3; утверждений проверено 45; находок 1\n"}
{"Time":"2026-09-17T15:50:48.30713487+03:00","Action":"output","Package":"github.com/PRO-Robotech/kacho/internal/repohygiene","Test":"TestSubscriptionShapeOwnerVocabularyCanFail/перечисление_рядом,_но_ось_строковая_—_молчание","Output":"--- PASS: TestSubscriptionShapeOwnerVocabularyCanFail/перечисление_рядом,_но_ось_строковая_—_молчание (0.00s)\n"}
{"Time":"2026-09-17T15:50:48.307142274+03:00","Action":"pass","Package":"github.com/PRO-Robotech/kacho/internal/repohygiene","Test":"TestSubscriptionShapeOwnerVocabularyCanFail/перечисление_рядом,_но_ось_строковая_—_молчание","Elapsed":0}
{"Time":"2026-09-17T15:50:48.30715056+03:00","Action":"output","Package":"github.com/PRO-Robotech/kacho/internal/repohygiene","Test":"TestSubscriptionShapeCarrierCanFail/состояние_свободной_структурой_—_находка","Output":"    subscriptionformshape_injection_test.go:447: перепись: proto/corelib/subscription/subscription.proto — строк 69, типов 5 (верхнего уровня 4), полей 17 (осей 3), значений перечислений 3; утверждений проверено 44; находок 1\n"}
{"Time":"2026-09-17T15:50:48.307157904+03:00","Action":"output","Package":"github.com/PRO-Robotech/kacho/internal/repohygiene","Test":"TestSubscriptionShapeOwnerVocabularyCanFail","Output":"--- PASS: TestSubscriptionShapeOwnerVocabularyCanFail (0.01s)\n"}
{"Time":"2026-09-17T15:50:48.307169165+03:00","Action":"pass","Package":"github.com/PRO-Robotech/kacho/internal/repohygiene","Test":"TestSubscriptionShapeOwnerVocabularyCanFail","Elapsed":0.01}
{"Time":"2026-09-17T15:50:48.307173363+03:00","Action":"output","Package":"github.com/PRO-Robotech/kacho/internal/repohygiene","Test":"TestSubscriptionShapeRefusesAnEmptyRead/судится_не_тот_файл","Output":"--- PASS: TestSubscriptionShapeRefusesAnEmptyRead/судится_не_тот_файл (0.00s)\n"}
{"Time":"2026-09-17T15:50:48.307177731+03:00","Action":"pass","Package":"github.com/PRO-Robotech/kacho/internal/repohygiene","Test":"TestSubscriptionShapeRefusesAnEmptyRead/судится_не_тот_файл","Elapsed":0}
{"Time":"2026-09-17T15:50:48.307181999+03:00","Action":"output","Package":"github.com/PRO-Robotech/kacho/internal/repohygiene","Test":"TestSubscriptionShapeAbsentAxisCanFail/причина_переизложена_—_молчание","Output":"--- PASS: TestSubscriptionShapeAbsentAxisCanFail/причина_переизложена_—_молчание (0.00s)\n"}
{"Time":"2026-09-17T15:50:48.30718762+03:00","Action":"pass","Package":"github.com/PRO-Robotech/kacho/internal/repohygiene","Test":"TestSubscriptionShapeAbsentAxisCanFail/причина_переизложена_—_молчание","Elapsed":0}
{"Time":"2026-09-17T15:50:48.307191577+03:00","Action":"output","Package":"github.com/PRO-Robotech/kacho/internal/repohygiene","Test":"TestSubscriptionShapeRefusesAnEmptyRead","Output":"--- PASS: TestSubscriptionShapeRefusesAnEmptyRead (0.01s)\n"}
{"Time":"2026-09-17T15:50:48.307195244+03:00","Action":"pass","Package":"github.com/PRO-Robotech/kacho/internal/repohygiene","Test":"TestSubscriptionShapeRefusesAnEmptyRead","Elapsed":0.01}
{"Time":"2026-09-17T15:50:48.307199612+03:00","Action":"output","Package":"github.com/PRO-Robotech/kacho/internal/repohygiene","Test":"TestSubscriptionShapeAbsentAxisCanFail","Output":"--- PASS: TestSubscriptionShapeAbsentAxisCanFail (0.01s)\n"}
{"Time":"2026-09-17T15:50:48.307208088+03:00","Action":"pass","Package":"github.com/PRO-Robotech/kacho/internal/repohygiene","Test":"TestSubscriptionShapeAbsentAxisCanFail","Elapsed":0.01}
{"Time":"2026-09-17T15:50:48.307211374+03:00","Action":"output","Package":"github.com/PRO-Robotech/kacho/internal/repohygiene","Test":"TestSubscriptionShapePerimeterCanFail/слова_`service`_и_`rpc`_В_ПРОЗЕ_—_молчание","Output":"--- PASS: TestSubscriptionShapePerimeterCanFail/слова_`service`_и_`rpc`_В_ПРОЗЕ_—_молчание (0.00s)\n"}
{"Time":"2026-09-17T15:50:48.307216814+03:00","Action":"pass","Package":"github.com/PRO-Robotech/kacho/internal/repohygiene","Test":"TestSubscriptionShapePerimeterCanFail/слова_`service`_и_`rpc`_В_ПРОЗЕ_—_молчание","Elapsed":0}
{"Time":"2026-09-17T15:50:48.307220912+03:00","Action":"run","Package":"github.com/PRO-Robotech/kacho/internal/repohygiene","Test":"TestSubscriptionShapePerimeterCanFail/импорт_доменного_контракта_—_находка"}
{"Time":"2026-09-17T15:50:48.307224629+03:00","Action":"output","Package":"github.com/PRO-Robotech/kacho/internal/repohygiene","Test":"TestSubscriptionShapePerimeterCanFail/импорт_доменного_контракта_—_находка","Output":"=== RUN   TestSubscriptionShapePerimeterCanFail/импорт_доменного_контракта_—_находка\n"}
{"Time":"2026-09-17T15:50:48.307309068+03:00","Action":"output","Package":"github.com/PRO-Robotech/kacho/internal/repohygiene","Test":"TestSubscriptionShapeAxisLedgerCanFail/запись,_которой_нечего_исключать,_—_находка","Output":"    subscriptionformshape_injection_test.go:289: перепись: proto/corelib/subscription/subscription.proto — строк 69, типов 5 (верхнего уровня 4), полей 17 (осей 3), значений перечислений 3; утверждений проверено 46; находок 1\n"}
{"Time":"2026-09-17T15:50:48.307358+03:00","Action":"output","Package":"github.com/PRO-Robotech/kacho/internal/repohygiene","Test":"TestSubscriptionShapeReasonContract/CI-DT-04-third-branch","Output":"    subscriptionreason_test.go:70: перепись: proto/corelib/subscription/subscription.proto — строк 70, типов 5 (верхнего уровня 4), полей 18 (осей 3), значений перечислений 3; утверждений проверено 44; находок 1\n"}
{"Time":"2026-09-17T15:50:48.307367177+03:00","Action":"output","Package":"github.com/PRO-Robotech/kacho/internal/repohygiene","Test":"TestSubscriptionShapeReasonContract/CI-DT-04-third-branch","Output":"    subscriptionreason_test.go:71: дефектная форма:\n"}
{"Time":"2026-09-17T15:50:48.307373439+03:00","Action":"output","Package":"github.com/PRO-Robotech/kacho/internal/repohygiene","Test":"TestSubscriptionShapeReasonContract/CI-DT-04-third-branch","Output":"        syntax = \"proto3\";\n"}
{"Time":"2026-09-17T15:50:48.307377016+03:00","Action":"output","Package":"github.com/PRO-Robotech/kacho/internal/repohygiene","Test":"TestSubscriptionShapeReasonContract/CI-DT-04-third-branch","Output":"        \n"}
{"Time":"2026-09-17T15:50:48.307380222+03:00","Action":"output","Package":"github.com/PRO-Robotech/kacho/internal/repohygiene","Test":"TestSubscriptionShapeReasonContract/CI-DT-04-third-branch","Output":"        package corelib.subscription;\n"}
{"Time":"2026-09-17T15:50:48.307384289+03:00","Action":"output","Package":"github.com/PRO-Robotech/kacho/internal/repohygiene","Test":"TestSubscriptionShapeReasonContract/CI-DT-04-third-branch","Output":"        \n"}
{"Time":"2026-09-17T15:50:48.307387916+03:00","Action":"output","Package":"github.com/PRO-Robotech/kacho/internal/repohygiene","Test":"TestSubscriptionShapeReasonContract/CI-DT-04-third-branch","Output":"        import \"google/protobuf/any.proto\";\n"}
{"Time":"2026-09-17T15:50:48.307393817+03:00","Action":"output","Package":"github.com/PRO-Robotech/kacho/internal/repohygiene","Test":"TestSubscriptionShapeReasonContract/CI-DT-04-third-branch","Output":"        \n"}
{"Time":"2026-09-17T15:50:48.307399297+03:00","Action":"output","Package":"github.com/PRO-Robotech/kacho/internal/repohygiene","Test":"TestSubscriptionShapeReasonContract/CI-DT-04-third-branch","Output":"        // SubscriptionAnchor — якорь начала.\n"}
{"Time":"2026-09-17T15:50:48.307403806+03:00","Action":"output","Package":"github.com/PRO-Robotech/kacho/internal/repohygiene","Test":"TestSubscriptionShapeReasonContract/CI-DT-04-third-branch","Output":"        enum SubscriptionAnchor {\n"}
{"Time":"2026-09-17T15:50:48.307408956+03:00","Action":"output","Package":"github.com/PRO-Robotech/kacho/internal/repohygiene","Test":"TestSubscriptionShapeReasonContract/CI-DT-04-third-branch","Output":"          SUBSCRIPTION_ANCHOR_UNSPECIFIED = 0;\n"}
{"Time":"2026-09-17T15:50:48.30741666+03:00","Action":"output","Package":"github.com/PRO-Robotech/kacho/internal/repohygiene","Test":"TestSubscriptionShapeReasonContract/CI-DT-04-third-branch","Output":"          BEGINNING = 1;\n"}
{"Time":"2026-09-17T15:50:48.307420427+03:00","Action":"output","Package":"github.com/PRO-Robotech/kacho/internal/repohygiene","Test":"TestSubscriptionShapeReasonContract/CI-DT-04-third-branch","Output":"          CURRENT_END = 2;\n"}
{"Time":"2026-09-17T15:50:48.307424334+03:00","Action":"output","Package":"github.com/PRO-Robotech/kacho/internal/repohygiene","Test":"TestSubscriptionShapeReasonContract/CI-DT-04-third-branch","Output":"        }\n"}
{"Time":"2026-09-17T15:50:48.307427621+03:00","Action":"output","Package":"github.com/PRO-Robotech/kacho/internal/repohygiene","Test":"TestSubscriptionShapeReasonContract/CI-DT-04-third-branch","Output":"        \n"}
{"Time":"2026-09-17T15:50:48.307430887+03:00","Action":"output","Package":"github.com/PRO-Robotech/kacho/internal/repohygiene","Test":"TestSubscriptionShapeReasonContract/CI-DT-04-third-branch","Output":"        // SubscriptionRequest — запрос подписки.\n"}
{"Time":"2026-09-17T15:50:48.307434924+03:00","Action":"output","Package":"github.com/PRO-Robotech/kacho/internal/repohygiene","Test":"TestSubscriptionShapeReasonContract/CI-DT-04-third-branch","Output":"        //\n"}
{"Time":"2026-09-17T15:50:48.307438631+03:00","Action":"output","Package":"github.com/PRO-Robotech/kacho/internal/repohygiene","Test":"TestSubscriptionShapeReasonContract/CI-DT-04-third-branch","Output":"        // ИМЯ сюда не берётся: оно мутабельно, и подписка по нему молча перестанет\n"}
{"Time":"2026-09-17T15:50:48.307444021+03:00","Action":"output","Package":"github.com/PRO-Robotech/kacho/internal/repohygiene","Test":"TestSubscriptionShapeReasonContract/CI-DT-04-third-branch","Output":"        // совпадать. МЕТКИ сюда не берутся: они мутабельны, и выход из выборки\n"}
{"Time":"2026-09-17T15:50:48.30744879+03:00","Action":"output","Package":"github.com/PRO-Robotech/kacho/internal/repohygiene","Test":"TestSubscriptionShapeReasonContract/CI-DT-04-third-branch","Output":"        // неотличим от удаления.\n"}
{"Time":"2026-09-17T15:50:48.307452598+03:00","Action":"output","Package":"github.com/PRO-Robotech/kacho/internal/repohygiene","Test":"TestSubscriptionShapeReasonContract/CI-DT-04-third-branch","Output":"        message SubscriptionRequest {\n"}
{"Time":"2026-09-17T15:50:48.307455974+03:00","Action":"output","Package":"github.com/PRO-Robotech/kacho/internal/repohygiene","Test":"TestSubscriptionShapeReasonContract/CI-DT-04-third-branch","Output":"          // kinds — виды предметов. Категория: УДОБСТВА.\n"}
{"Time":"2026-09-17T15:50:48.307460362+03:00","Action":"output","Package":"github.com/PRO-Robotech/kacho/internal/repohygiene","Test":"TestSubscriptionShapeReasonContract/CI-DT-04-third-branch","Output":"          repeated string kinds = 1;\n"}
{"Time":"2026-09-17T15:50:48.307463658+03:00","Action":"output","Package":"github.com/PRO-Robotech/kacho/internal/repohygiene","Test":"TestSubscriptionShapeReasonContract/CI-DT-04-third-branch","Output":"        \n"}
{"Time":"2026-09-17T15:50:48.307466955+03:00","Action":"output","Package":"github.com/PRO-Robotech/kacho/internal/repohygiene","Test":"TestSubscriptionShapeReasonContract/CI-DT-04-third-branch","Output":"          // project_id — проект. Категория: ЯКОРНАЯ.\n"}
{"Time":"2026-09-17T15:50:48.307471132+03:00","Action":"output","Package":"github.com/PRO-Robotech/kacho/internal/repohygiene","Test":"TestSubscriptionShapeReasonContract/CI-DT-04-third-branch","Output":"          string project_id = 2;\n"}
{"Time":"2026-09-17T15:50:48.307475471+03:00","Action":"output","Package":"github.com/PRO-Robotech/kacho/internal/repohygiene","Test":"TestSubscriptionShapeReasonContract/CI-DT-04-third-branch","Output":"        \n"}
{"Time":"2026-09-17T15:50:48.30748073+03:00","Action":"output","Package":"github.com/PRO-Robotech/kacho/internal/repohygiene","Test":"TestSubscriptionShapeReasonContract/CI-DT-04-third-branch","Output":"          // ids — идентификаторы. Категория: УДОБСТВА.\n"}
{"Time":"2026-09-17T15:50:48.307484988+03:00","Action":"output","Package":"github.com/PRO-Robotech/kacho/internal/repohygiene","Test":"TestSubscriptionShapeReasonContract/CI-DT-04-third-branch","Output":"          repeated string ids = 3;\n"}
{"Time":"2026-09-17T15:50:48.307488876+03:00","Action":"output","Package":"github.com/PRO-Robotech/kacho/internal/repohygiene","Test":"TestSubscriptionShapeReasonContract/CI-DT-04-third-branch","Output":"          // start — с какого места отдавать.\n"}
{"Time":"2026-09-17T15:50:48.307492643+03:00","Action":"output","Package":"github.com/PRO-Robotech/kacho/internal/repohygiene","Test":"TestSubscriptionShapeReasonContract/CI-DT-04-third-branch","Output":"          //\n"}
{"Time":"2026-09-17T15:50:48.30749625+03:00","Action":"output","Package":"github.com/PRO-Robotech/kacho/internal/repohygiene","Test":"TestSubscriptionShapeReasonContract/CI-DT-04-third-branch","Output":"          // ИСХОД НЕЗАДАННОГО НАЗВАН: start не задан означает ровно CURRENT_END.\n"}
{"Time":"2026-09-17T15:50:48.307500518+03:00","Action":"output","Package":"github.com/PRO-Robotech/kacho/internal/repohygiene","Test":"TestSubscriptionShapeReasonContract/CI-DT-04-third-branch","Output":"          oneof start {\n"}
{"Time":"2026-09-17T15:50:48.307505968+03:00","Action":"output","Package":"github.com/PRO-Robotech/kacho/internal/repohygiene","Test":"TestSubscriptionShapeReasonContract/CI-DT-04-third-branch","Output":"            // anchor — назвать место словом.\n"}
{"Time":"2026-09-17T15:50:48.307510025+03:00","Action":"output","Package":"github.com/PRO-Robotech/kacho/internal/repohygiene","Test":"TestSubscriptionShapeReasonContract/CI-DT-04-third-branch","Output":"            SubscriptionAnchor anchor = 10;\n"}
{"Time":"2026-09-17T15:50:48.307514073+03:00","Action":"output","Package":"github.com/PRO-Robotech/kacho/internal/repohygiene","Test":"TestSubscriptionShapeReasonContract/CI-DT-04-third-branch","Output":"            // position — непрозрачный токен.\n"}
{"Time":"2026-09-17T15:50:48.307519193+03:00","Action":"output","Package":"github.com/PRO-Robotech/kacho/internal/repohygiene","Test":"TestSubscriptionShapeAnchorCanFail/якорь_ВНУТРИ_нагрузки_—_находка","Output":"--- PASS: TestSubscriptionShapeAnchorCanFail/якорь_ВНУТРИ_нагрузки_—_находка (0.00s)\n"}
{"Time":"2026-09-17T15:50:48.307526026+03:00","Action":"pass","Package":"github.com/PRO-Robotech/kacho/internal/repohygiene","Test":"TestSubscriptionShapeAnchorCanFail/якорь_ВНУТРИ_нагрузки_—_находка","Elapsed":0}
{"Time":"2026-09-17T15:50:48.307529973+03:00","Action":"output","Package":"github.com/PRO-Robotech/kacho/internal/repohygiene","Test":"TestSubscriptionShapeReasonContract/CI-DT-04-third-branch","Output":"            string position = 11;\n"}
{"Time":"2026-09-17T15:50:48.307535523+03:00","Action":"output","Package":"github.com/PRO-Robotech/kacho/internal/repohygiene","Test":"TestSubscriptionShapeReasonContract/CI-DT-04-third-branch","Output":"          }\n"}
{"Time":"2026-09-17T15:50:48.30753894+03:00","Action":"output","Package":"github.com/PRO-Robotech/kacho/internal/repohygiene","Test":"TestSubscriptionShapeReasonContract/CI-DT-04-third-branch","Output":"        }\n"}
{"Time":"2026-09-17T15:50:48.307545903+03:00","Action":"output","Package":"github.com/PRO-Robotech/kacho/internal/repohygiene","Test":"TestSubscriptionShapeReasonContract/CI-DT-04-third-branch","Output":"        \n"}
{"Time":"2026-09-17T15:50:48.307549369+03:00","Action":"output","Package":"github.com/PRO-Robotech/kacho/internal/repohygiene","Test":"TestSubscriptionShapeReasonContract/CI-DT-04-third-branch","Output":"        // SubscriptionOpened — служебное первое сообщение.\n"}
{"Time":"2026-09-17T15:50:48.307554269+03:00","Action":"output","Package":"github.com/PRO-Robotech/kacho/internal/repohygiene","Test":"TestSubscriptionShapeReasonContract/CI-DT-04-third-branch","Output":"        message SubscriptionOpened {\n"}
{"Time":"2026-09-17T15:50:48.307557795+03:00","Action":"output","Package":"github.com/PRO-Robotech/kacho/internal/repohygiene","Test":"TestSubscriptionShapeReasonContract/CI-DT-04-third-branch","Output":"          string position = 1;\n"}
{"Time":"2026-09-17T15:50:48.307563015+03:00","Action":"output","Package":"github.com/PRO-Robotech/kacho/internal/repohygiene","Test":"TestSubscriptionShapeReasonContract/CI-DT-04-third-branch","Output":"          bool caught_up = 2;\n"}
{"Time":"2026-09-17T15:50:48.307567343+03:00","Action":"output","Package":"github.com/PRO-Robotech/kacho/internal/repohygiene","Test":"TestSubscriptionShapeReasonContract/CI-DT-04-third-branch","Output":"          repeated string honored_filters = 3;\n"}
{"Time":"2026-09-17T15:50:48.30757076+03:00","Action":"output","Package":"github.com/PRO-Robotech/kacho/internal/repohygiene","Test":"TestSubscriptionShapeReasonContract/CI-DT-04-third-branch","Output":"          string earliest_resumable_position = 4;\n"}
{"Time":"2026-09-17T15:50:48.307617177+03:00","Action":"output","Package":"github.com/PRO-Robotech/kacho/internal/repohygiene","Test":"TestSubscriptionShapeReasonContract/CI-DT-04-third-branch","Output":"          bool retains_everything = 5;\n"}
{"Time":"2026-09-17T15:50:48.307628819+03:00","Action":"output","Package":"github.com/PRO-Robotech/kacho/internal/repohygiene","Test":"TestSubscriptionShapeReasonContract/CI-DT-04-third-branch","Output":"        }\n"}
{"Time":"2026-09-17T15:50:48.307632225+03:00","Action":"output","Package":"github.com/PRO-Robotech/kacho/internal/repohygiene","Test":"TestSubscriptionShapeReasonContract/CI-DT-04-third-branch","Output":"        \n"}
{"Time":"2026-09-17T15:50:48.307635932+03:00","Action":"output","Package":"github.com/PRO-Robotech/kacho/internal/repohygiene","Test":"TestSubscriptionShapeReasonContract/CI-DT-04-third-branch","Output":"        // SubscriptionEvent — оболочка события.\n"}
{"Time":"2026-09-17T15:50:48.307639018+03:00","Action":"output","Package":"github.com/PRO-Robotech/kacho/internal/repohygiene","Test":"TestSubscriptionShapeReasonContract/CI-DT-04-third-branch","Output":"        message SubscriptionEvent {\n"}
{"Time":"2026-09-17T15:50:48.307641382+03:00","Action":"output","Package":"github.com/PRO-Robotech/kacho/internal/repohygiene","Test":"TestSubscriptionShapeReasonContract/CI-DT-04-third-branch","Output":"          // StateUnavailable — вторая ветвь носителя.\n"}
{"Time":"2026-09-17T15:50:48.307643917+03:00","Action":"output","Package":"github.com/PRO-Robotech/kacho/internal/repohygiene","Test":"TestSubscriptionShapeReasonContract/CI-DT-04-third-branch","Output":"          message StateUnavailable {\n"}
{"Time":"2026-09-17T15:50:48.307646292+03:00","Action":"output","Package":"github.com/PRO-Robotech/kacho/internal/repohygiene","Test":"TestSubscriptionShapeReasonContract/CI-DT-04-third-branch","Output":"            // reason — почему состояния нет. Это НЕ причина остановки потока.\n"}
{"Time":"2026-09-17T15:50:48.30765099+03:00","Action":"output","Package":"github.com/PRO-Robotech/kacho/internal/repohygiene","Test":"TestSubscriptionShapeReasonContract/CI-DT-04-third-branch","Output":"            string reason = 1;\n"}
{"Time":"2026-09-17T15:50:48.307655349+03:00","Action":"output","Package":"github.com/PRO-Robotech/kacho/internal/repohygiene","Test":"TestSubscriptionShapeCarrierCanFail/состояние_свободной_структурой_—_находка","Output":"--- PASS: TestSubscriptionShapeCarrierCanFail/состояние_свободной_структурой_—_находка (0.00s)\n"}
{"Time":"2026-09-17T15:50:48.307663053+03:00","Action":"pass","Package":"github.com/PRO-Robotech/kacho/internal/repohygiene","Test":"TestSubscriptionShapeCarrierCanFail/состояние_свободной_структурой_—_находка","Elapsed":0}
{"Time":"2026-09-17T15:50:48.307667892+03:00","Action":"output","Package":"github.com/PRO-Robotech/kacho/internal/repohygiene","Test":"TestSubscriptionShapeReasonContract/CI-DT-04-third-branch","Output":"          }\n"}
{"Time":"2026-09-17T15:50:48.307671429+03:00","Action":"output","Package":"github.com/PRO-Robotech/kacho/internal/repohygiene","Test":"TestSubscriptionShapeReasonContract/CI-DT-04-third-branch","Output":"        \n"}
{"Time":"2026-09-17T15:50:48.307680015+03:00","Action":"output","Package":"github.com/PRO-Robotech/kacho/internal/repohygiene","Test":"TestSubscriptionShapeReasonContract/CI-DT-04-third-branch","Output":"          string position = 1;\n"}
{"Time":"2026-09-17T15:50:48.307683652+03:00","Action":"output","Package":"github.com/PRO-Robotech/kacho/internal/repohygiene","Test":"TestSubscriptionShapeReasonContract/CI-DT-04-third-branch","Output":"          string kind = 2;\n"}
{"Time":"2026-09-17T15:50:48.307687168+03:00","Action":"output","Package":"github.com/PRO-Robotech/kacho/internal/repohygiene","Test":"TestSubscriptionShapeReasonContract/CI-DT-04-third-branch","Output":"          string resource_id = 3;\n"}
{"Time":"2026-09-17T15:50:48.307690324+03:00","Action":"output","Package":"github.com/PRO-Robotech/kacho/internal/repohygiene","Test":"TestSubscriptionShapeReasonContract/CI-DT-04-third-branch","Output":"          // project_id — авторизуемый якорь, поле ОБОЛОЧКИ.\n"}
{"Time":"2026-09-17T15:50:48.307699021+03:00","Action":"output","Package":"github.com/PRO-Robotech/kacho/internal/repohygiene","Test":"TestSubscriptionShapeReasonContract/CI-DT-04-third-branch","Output":"          string project_id = 4;\n"}
{"Time":"2026-09-17T15:50:48.307701636+03:00","Action":"output","Package":"github.com/PRO-Robotech/kacho/internal/repohygiene","Test":"TestSubscriptionShapeReasonContract/CI-DT-04-third-branch","Output":"        \n"}
{"Time":"2026-09-17T15:50:48.30770389+03:00","Action":"output","Package":"github.com/PRO-Robotech/kacho/internal/repohygiene","Test":"TestSubscriptionShapeReasonContract/CI-DT-04-third-branch","Output":"          oneof carrier {\n"}
{"Time":"2026-09-17T15:50:48.307706294+03:00","Action":"output","Package":"github.com/PRO-Robotech/kacho/internal/repohygiene","Test":"TestSubscriptionShapeReasonContract/CI-DT-04-third-branch","Output":"            google.protobuf.Any state = 10;\n"}
{"Time":"2026-09-17T15:50:48.307708549+03:00","Action":"output","Package":"github.com/PRO-Robotech/kacho/internal/repohygiene","Test":"TestSubscriptionShapeReasonContract/CI-DT-04-third-branch","Output":"            StateUnavailable state_unavailable = 11;\n"}
{"Time":"2026-09-17T15:50:48.307713097+03:00","Action":"output","Package":"github.com/PRO-Robotech/kacho/internal/repohygiene","Test":"TestSubscriptionShapeReasonContract/CI-DT-04-third-branch","Output":"            string state_summary = 12;\n"}
{"Time":"2026-09-17T15:50:48.307715682+03:00","Action":"output","Package":"github.com/PRO-Robotech/kacho/internal/repohygiene","Test":"TestSubscriptionShapeReasonContract/CI-DT-04-third-branch","Output":"          }\n"}
{"Time":"2026-09-17T15:50:48.307717866+03:00","Action":"output","Package":"github.com/PRO-Robotech/kacho/internal/repohygiene","Test":"TestSubscriptionShapeReasonContract/CI-DT-04-third-branch","Output":"        }\n"}
{"Time":"2026-09-17T15:50:48.307722645+03:00","Action":"run","Package":"github.com/PRO-Robotech/kacho/internal/repohygiene","Test":"TestSubscriptionShapeCarrierCanFail/ветви_состояния_нет_вовсе_—_находка"}
{"Time":"2026-09-17T15:50:48.307725+03:00","Action":"output","Package":"github.com/PRO-Robotech/kacho/internal/repohygiene","Test":"TestSubscriptionShapeCarrierCanFail/ветви_состояния_нет_вовсе_—_находка","Output":"=== RUN   TestSubscriptionShapeCarrierCanFail/ветви_состояния_нет_вовсе_—_находка\n"}
{"Time":"2026-09-17T15:50:48.307731061+03:00","Action":"output","Package":"github.com/PRO-Robotech/kacho/internal/repohygiene","Test":"TestGRPCMountParity_AnAllowForAnUnownedPackageIsOutOfSubject","Output":"--- PASS: TestGRPCMountParity_AnAllowForAnUnownedPackageIsOutOfSubject (0.01s)\n"}
{"Time":"2026-09-17T15:50:48.307733626+03:00","Action":"pass","Package":"github.com/PRO-Robotech/kacho/internal/repohygiene","Test":"TestGRPCMountParity_AnAllowForAnUnownedPackageIsOutOfSubject","Elapsed":0.01}
{"Time":"2026-09-17T15:50:48.307737603+03:00","Action":"output","Package":"github.com/PRO-Robotech/kacho/internal/repohygiene","Test":"TestSubscriptionShapeAxisLedgerCanFail/запись,_которой_нечего_исключать,_—_находка","Output":"--- PASS: TestSubscriptionShapeAxisLedgerCanFail/запись,_которой_нечего_исключать,_—_находка (0.00s)\n"}
{"Time":"2026-09-17T15:50:48.30774123+03:00","Action":"pass","Package":"github.com/PRO-Robotech/kacho/internal/repohygiene","Test":"TestSubscriptionShapeAxisLedgerCanFail/запись,_которой_нечего_исключать,_—_находка","Elapsed":0}
{"Time":"2026-09-17T15:50:48.307743875+03:00","Action":"run","Package":"github.com/PRO-Robotech/kacho/internal/repohygiene","Test":"TestSubscriptionShapeAxisLedgerCanFail/запись_без_причины_—_находка"}
{"Time":"2026-09-17T15:50:48.30774629+03:00","Action":"output","Package":"github.com/PRO-Robotech/kacho/internal/repohygiene","Test":"TestSubscriptionShapeAxisLedgerCanFail/запись_без_причины_—_находка","Output":"=== RUN   TestSubscriptionShapeAxisLedgerCanFail/запись_без_причины_—_находка\n"}
{"Time":"2026-09-17T15:50:48.307749576+03:00","Action":"output","Package":"github.com/PRO-Robotech/kacho/internal/repohygiene","Test":"TestSubscriptionShapePerimeterCanFail/импорт_доменного_контракта_—_находка","Output":"    subscriptionformshape_injection_test.go:590: перепись: proto/corelib/subscription/subscription.proto — строк 70, типов 5 (верхнего уровня 4), полей 17 (осей 3), значений перечислений 3; утверждений проверено 45; находок 1\n"}
{"Time":"2026-09-17T15:50:48.307754786+03:00","Action":"output","Package":"github.com/PRO-Robotech/kacho/internal/repohygiene","Test":"TestSubscriptionShapeReasonContract/CI-DT-04-third-branch","Output":"        \n"}
{"Time":"2026-09-17T15:50:48.30775691+03:00","Action":"output","Package":"github.com/PRO-Robotech/kacho/internal/repohygiene","Test":"TestSubscriptionShapeReasonContract/CI-DT-04-third-branch","Output":"        \n"}
{"Time":"2026-09-17T15:50:48.307762029+03:00","Action":"output","Package":"github.com/PRO-Robotech/kacho/internal/repohygiene","Test":"TestGRPCMountParity_DoesNotReadThroughASymlinkOutOfTheAPIRoot","Output":"--- PASS: TestGRPCMountParity_DoesNotReadThroughASymlinkOutOfTheAPIRoot (0.01s)\n"}
{"Time":"2026-09-17T15:50:48.307764714+03:00","Action":"pass","Package":"github.com/PRO-Robotech/kacho/internal/repohygiene","Test":"TestGRPCMountParity_DoesNotReadThroughASymlinkOutOfTheAPIRoot","Elapsed":0.01}
{"Time":"2026-09-17T15:50:48.307766778+03:00","Action":"run","Package":"github.com/PRO-Robotech/kacho/internal/repohygiene","Test":"TestSubscriptionShapeAnchorCanFail/якорь_на_верхнем_уровне,_но_иначе_записан_—_молчание"}
{"Time":"2026-09-17T15:50:48.307769323+03:00","Action":"output","Package":"github.com/PRO-Robotech/kacho/internal/repohygiene","Test":"TestSubscriptionShapeAnchorCanFail/якорь_на_верхнем_уровне,_но_иначе_записан_—_молчание","Output":"=== RUN   TestSubscriptionShapeAnchorCanFail/якорь_на_верхнем_уровне,_но_иначе_записан_—_молчание\n"}
{"Time":"2026-09-17T15:50:48.307775905+03:00","Action":"output","Package":"github.com/PRO-Robotech/kacho/internal/repohygiene","Test":"TestCatalogReachability_AllowExcusesAndThenExpires","Output":"--- PASS: TestCatalogReachability_AllowExcusesAndThenExpires (0.01s)\n"}
{"Time":"2026-09-17T15:50:48.30777841+03:00","Action":"pass","Package":"github.com/PRO-Robotech/kacho/internal/repohygiene","Test":"TestCatalogReachability_AllowExcusesAndThenExpires","Elapsed":0.01}
{"Time":"2026-09-17T15:50:48.307783209+03:00","Action":"output","Package":"github.com/PRO-Robotech/kacho/internal/repohygiene","Test":"TestSubscriptionShapeCarrierCanFail/ветви_состояния_нет_вовсе_—_находка","Output":"    subscriptionformshape_injection_test.go:459: перепись: proto/corelib/subscription/subscription.proto — строк 69, типов 5 (верхнего уровня 4), полей 17 (осей 3), значений перечислений 3; утверждений проверено 43; находок 1\n"}
{"Time":"2026-09-17T15:50:48.30778929+03:00","Action":"output","Package":"github.com/PRO-Robotech/kacho/internal/repohygiene","Test":"TestSubscriptionShapeAxisLedgerCanFail/запись_без_причины_—_находка","Output":"    subscriptionformshape_injection_test.go:299: перепись: proto/corelib/subscription/subscription.proto — строк 69, типов 5 (верхнего уровня 4), полей 17 (осей 3), значений перечислений 3; утверждений проверено 44; находок 1\n"}
{"Time":"2026-09-17T15:50:48.307800361+03:00","Action":"output","Package":"github.com/PRO-Robotech/kacho/internal/repohygiene","Test":"TestSubscriptionShapePerimeterCanFail/импорт_доменного_контракта_—_находка","Output":"--- PASS: TestSubscriptionShapePerimeterCanFail/импорт_доменного_контракта_—_находка (0.00s)\n"}
{"Time":"2026-09-17T15:50:48.307806583+03:00","Action":"pass","Package":"github.com/PRO-Robotech/kacho/internal/repohygiene","Test":"TestSubscriptionShapePerimeterCanFail/импорт_доменного_контракта_—_находка","Elapsed":0}
{"Time":"2026-09-17T15:50:48.307814317+03:00","Action":"run","Package":"github.com/PRO-Robotech/kacho/internal/repohygiene","Test":"TestSubscriptionShapePerimeterCanFail/импорт_стандартного_контракта_—_молчание"}
{"Time":"2026-09-17T15:50:48.307816732+03:00","Action":"output","Package":"github.com/PRO-Robotech/kacho/internal/repohygiene","Test":"TestSubscriptionShapePerimeterCanFail/импорт_стандартного_контракта_—_молчание","Output":"=== RUN   TestSubscriptionShapePerimeterCanFail/импорт_стандартного_контракта_—_молчание\n"}
{"Time":"2026-09-17T15:50:48.307823505+03:00","Action":"output","Package":"github.com/PRO-Robotech/kacho/internal/repohygiene","Test":"TestSubscriptionShapeReasonContract/CI-DT-04-third-branch","Output":"--- PASS: TestSubscriptionShapeReasonContract/CI-DT-04-third-branch (0.00s)\n"}
{"Time":"2026-09-17T15:50:48.307826039+03:00","Action":"pass","Package":"github.com/PRO-Robotech/kacho/internal/repohygiene","Test":"TestSubscriptionShapeReasonContract/CI-DT-04-third-branch","Elapsed":0}
{"Time":"2026-09-17T15:50:48.30783152+03:00","Action":"output","Package":"github.com/PRO-Robotech/kacho/internal/repohygiene","Test":"TestSubscriptionShapeReasonContract","Output":"--- PASS: TestSubscriptionShapeReasonContract (0.01s)\n"}
{"Time":"2026-09-17T15:50:48.307906931+03:00","Action":"pass","Package":"github.com/PRO-Robotech/kacho/internal/repohygiene","Test":"TestSubscriptionShapeReasonContract","Elapsed":0.01}
{"Time":"2026-09-17T15:50:48.30791653+03:00","Action":"output","Package":"github.com/PRO-Robotech/kacho/internal/repohygiene","Test":"TestSubscriptionShapeAnchorCanFail/якорь_на_верхнем_уровне,_но_иначе_записан_—_молчание","Output":"    subscriptionformshape_injection_test.go:515: перепись: proto/corelib/subscription/subscription.proto — строк 69, типов 5 (верхнего уровня 4), полей 17 (осей 3), значений перечислений 3; утверждений проверено 44; находок 0\n"}
{"Time":"2026-09-17T15:50:48.307926248+03:00","Action":"output","Package":"github.com/PRO-Robotech/kacho/internal/repohygiene","Test":"TestSubscriptionShapeCarrierCanFail/ветви_состояния_нет_вовсе_—_находка","Output":"--- PASS: TestSubscriptionShapeCarrierCanFail/ветви_состояния_нет_вовсе_—_находка (0.00s)\n"}
{"Time":"2026-09-17T15:50:48.307931217+03:00","Action":"pass","Package":"github.com/PRO-Robotech/kacho/internal/repohygiene","Test":"TestSubscriptionShapeCarrierCanFail/ветви_состояния_нет_вовсе_—_находка","Elapsed":0}
{"Time":"2026-09-17T15:50:48.307937519+03:00","Action":"run","Package":"github.com/PRO-Robotech/kacho/internal/repohygiene","Test":"TestSubscriptionShapeCarrierCanFail/состояние_ИМЕНОВАННЫМ_сообщением_—_молчание"}
{"Time":"2026-09-17T15:50:48.307942027+03:00","Action":"output","Package":"github.com/PRO-Robotech/kacho/internal/repohygiene","Test":"TestSubscriptionShapeCarrierCanFail/состояние_ИМЕНОВАННЫМ_сообщением_—_молчание","Output":"=== RUN   TestSubscriptionShapeCarrierCanFail/состояние_ИМЕНОВАННЫМ_сообщением_—_молчание\n"}
{"Time":"2026-09-17T15:50:48.308004415+03:00","Action":"output","Package":"github.com/PRO-Robotech/kacho/internal/repohygiene","Test":"TestSubscriptionShapeAxisLedgerCanFail/запись_без_причины_—_находка","Output":"--- PASS: TestSubscriptionShapeAxisLedgerCanFail/запись_без_причины_—_находка (0.00s)\n"}
{"Time":"2026-09-17T15:50:48.308008482+03:00","Action":"pass","Package":"github.com/PRO-Robotech/kacho/internal/repohygiene","Test":"TestSubscriptionShapeAxisLedgerCanFail/запись_без_причины_—_находка","Elapsed":0}
{"Time":"2026-09-17T15:50:48.308015115+03:00","Action":"output","Package":"github.com/PRO-Robotech/kacho/internal/repohygiene","Test":"TestSubscriptionShapeAxisLedgerCanFail","Output":"--- PASS: TestSubscriptionShapeAxisLedgerCanFail (0.01s)\n"}
{"Time":"2026-09-17T15:50:48.308102198+03:00","Action":"pass","Package":"github.com/PRO-Robotech/kacho/internal/repohygiene","Test":"TestSubscriptionShapeAxisLedgerCanFail","Elapsed":0.01}
{"Time":"2026-09-17T15:50:48.308105665+03:00","Action":"output","Package":"github.com/PRO-Robotech/kacho/internal/repohygiene","Test":"TestSubscriptionShapeAnchorCanFail/якорь_на_верхнем_уровне,_но_иначе_записан_—_молчание","Output":"--- PASS: TestSubscriptionShapeAnchorCanFail/якорь_на_верхнем_уровне,_но_иначе_записан_—_молчание (0.00s)\n"}
{"Time":"2026-09-17T15:50:48.308220421+03:00","Action":"pass","Package":"github.com/PRO-Robotech/kacho/internal/repohygiene","Test":"TestSubscriptionShapeAnchorCanFail/якорь_на_верхнем_уровне,_но_иначе_записан_—_молчание","Elapsed":0}
{"Time":"2026-09-17T15:50:48.308229438+03:00","Action":"output","Package":"github.com/PRO-Robotech/kacho/internal/repohygiene","Test":"TestSubscriptionShapePerimeterCanFail/импорт_стандартного_контракта_—_молчание","Output":"    subscriptionformshape_injection_test.go:598: перепись: proto/corelib/subscription/subscription.proto — строк 70, типов 5 (верхнего уровня 4), полей 17 (осей 3), значений перечислений 3; утверждений проверено 45; находок 0\n"}
{"Time":"2026-09-17T15:50:48.308283559+03:00","Action":"output","Package":"github.com/PRO-Robotech/kacho/internal/repohygiene","Test":"TestSubscriptionShapeAnchorCanFail","Output":"--- PASS: TestSubscriptionShapeAnchorCanFail (0.01s)\n"}
{"Time":"2026-09-17T15:50:48.308466423+03:00","Action":"pass","Package":"github.com/PRO-Robotech/kacho/internal/repohygiene","Test":"TestSubscriptionShapeAnchorCanFail","Elapsed":0.01}
{"Time":"2026-09-17T15:50:48.308473186+03:00","Action":"output","Package":"github.com/PRO-Robotech/kacho/internal/repohygiene","Test":"TestSubscriptionShapePerimeterCanFail/импорт_стандартного_контракта_—_молчание","Output":"--- PASS: TestSubscriptionShapePerimeterCanFail/импорт_стандартного_контракта_—_молчание (0.00s)\n"}
{"Time":"2026-09-17T15:50:48.308478416+03:00","Action":"pass","Package":"github.com/PRO-Robotech/kacho/internal/repohygiene","Test":"TestSubscriptionShapePerimeterCanFail/импорт_стандартного_контракта_—_молчание","Elapsed":0}
{"Time":"2026-09-17T15:50:48.308481812+03:00","Action":"output","Package":"github.com/PRO-Robotech/kacho/internal/repohygiene","Test":"TestSubscriptionShapePerimeterCanFail","Output":"--- PASS: TestSubscriptionShapePerimeterCanFail (0.01s)\n"}
{"Time":"2026-09-17T15:50:48.308584335+03:00","Action":"pass","Package":"github.com/PRO-Robotech/kacho/internal/repohygiene","Test":"TestSubscriptionShapePerimeterCanFail","Elapsed":0.01}
{"Time":"2026-09-17T15:50:48.308588312+03:00","Action":"output","Package":"github.com/PRO-Robotech/kacho/internal/repohygiene","Test":"TestSubscriptionShapeCarrierCanFail/состояние_ИМЕНОВАННЫМ_сообщением_—_молчание","Output":"    subscriptionformshape_injection_test.go:473: перепись: proto/corelib/subscription/subscription.proto — строк 73, типов 6 (верхнего уровня 4), полей 18 (осей 3), значений перечислений 3; утверждений проверено 44; находок 0\n"}
{"Time":"2026-09-17T15:50:48.309104162+03:00","Action":"output","Package":"github.com/PRO-Robotech/kacho/internal/repohygiene","Test":"TestSubscriptionShapeCarrierCanFail/состояние_ИМЕНОВАННЫМ_сообщением_—_молчание","Output":"--- PASS: TestSubscriptionShapeCarrierCanFail/состояние_ИМЕНОВАННЫМ_сообщением_—_молчание (0.00s)\n"}
{"Time":"2026-09-17T15:50:48.309111576+03:00","Action":"pass","Package":"github.com/PRO-Robotech/kacho/internal/repohygiene","Test":"TestSubscriptionShapeCarrierCanFail/состояние_ИМЕНОВАННЫМ_сообщением_—_молчание","Elapsed":0}
{"Time":"2026-09-17T15:50:48.309117727+03:00","Action":"output","Package":"github.com/PRO-Robotech/kacho/internal/repohygiene","Test":"TestSubscriptionShapeCarrierCanFail","Output":"--- PASS: TestSubscriptionShapeCarrierCanFail (0.01s)\n"}
{"Time":"2026-09-17T15:50:48.324489007+03:00","Action":"pass","Package":"github.com/PRO-Robotech/kacho/internal/repohygiene","Test":"TestSubscriptionShapeCarrierCanFail","Elapsed":0.01}
{"Time":"2026-09-17T15:50:48.324501841+03:00","Action":"output","Package":"github.com/PRO-Robotech/kacho/internal/repohygiene","Test":"TestSubscriptionShapeUnsetOutcomeCanFail/исход_назван_ДРУГИМ_значением_и_другими_словами_—_молчание","Output":"--- PASS: TestSubscriptionShapeUnsetOutcomeCanFail/исход_назван_ДРУГИМ_значением_и_другими_словами_—_молчание (0.02s)\n"}
{"Time":"2026-09-17T15:50:48.324509846+03:00","Action":"pass","Package":"github.com/PRO-Robotech/kacho/internal/repohygiene","Test":"TestSubscriptionShapeUnsetOutcomeCanFail/исход_назван_ДРУГИМ_значением_и_другими_словами_—_молчание","Elapsed":0.02}
{"Time":"2026-09-17T15:50:48.32451713+03:00","Action":"run","Package":"github.com/PRO-Robotech/kacho/internal/repohygiene","Test":"TestSubscriptionShapeUnsetOutcomeCanFail/начало_не_ветвление_—_находка"}
{"Time":"2026-09-17T15:50:48.324521118+03:00","Action":"output","Package":"github.com/PRO-Robotech/kacho/internal/repohygiene","Test":"TestSubscriptionShapeUnsetOutcomeCanFail/начало_не_ветвление_—_находка","Output":"=== RUN   TestSubscriptionShapeUnsetOutcomeCanFail/начало_не_ветвление_—_находка\n"}
{"Time":"2026-09-17T15:50:48.324817545+03:00","Action":"output","Package":"github.com/PRO-Robotech/kacho/internal/repohygiene","Test":"TestSubscriptionShapeUnsetOutcomeCanFail/начало_не_ветвление_—_находка","Output":"    subscriptionformshape_injection_test.go:415: перепись: proto/corelib/subscription/subscription.proto — строк 62, типов 5 (верхнего уровня 4), полей 16 (осей 3), значений перечислений 3; утверждений проверено 40; находок 1\n"}
{"Time":"2026-09-17T15:50:48.324911722+03:00","Action":"output","Package":"github.com/PRO-Robotech/kacho/internal/repohygiene","Test":"TestGRPCMountParity_ReadsTheImportAliasAndNotThePathTail","Output":"--- PASS: TestGRPCMountParity_ReadsTheImportAliasAndNotThePathTail (0.02s)\n"}
{"Time":"2026-09-17T15:50:48.324994648+03:00","Action":"pass","Package":"github.com/PRO-Robotech/kacho/internal/repohygiene","Test":"TestGRPCMountParity_ReadsTheImportAliasAndNotThePathTail","Elapsed":0.02}
{"Time":"2026-09-17T15:50:48.32500102+03:00","Action":"output","Package":"github.com/PRO-Robotech/kacho/internal/repohygiene","Test":"TestSubscriptionShapeUnsetOutcomeCanFail/начало_не_ветвление_—_находка","Output":"--- PASS: TestSubscriptionShapeUnsetOutcomeCanFail/начало_не_ветвление_—_находка (0.00s)\n"}
{"Time":"2026-09-17T15:50:48.325005127+03:00","Action":"pass","Package":"github.com/PRO-Robotech/kacho/internal/repohygiene","Test":"TestSubscriptionShapeUnsetOutcomeCanFail/начало_не_ветвление_—_находка","Elapsed":0}
{"Time":"2026-09-17T15:50:48.325010157+03:00","Action":"output","Package":"github.com/PRO-Robotech/kacho/internal/repohygiene","Test":"TestSubscriptionShapeUnsetOutcomeCanFail","Output":"--- PASS: TestSubscriptionShapeUnsetOutcomeCanFail (0.03s)\n"}
{"Time":"2026-09-17T15:50:48.325083795+03:00","Action":"pass","Package":"github.com/PRO-Robotech/kacho/internal/repohygiene","Test":"TestSubscriptionShapeUnsetOutcomeCanFail","Elapsed":0.03}
{"Time":"2026-09-17T15:50:48.325099585+03:00","Action":"output","Package":"github.com/PRO-Robotech/kacho/internal/repohygiene","Test":"TestGRPCMountParity_AStaleAllowIsItselfAFinding","Output":"--- PASS: TestGRPCMountParity_AStaleAllowIsItselfAFinding (0.02s)\n"}
{"Time":"2026-09-17T15:50:48.349234857+03:00","Action":"pass","Package":"github.com/PRO-Robotech/kacho/internal/repohygiene","Test":"TestGRPCMountParity_AStaleAllowIsItselfAFinding","Elapsed":0.02}
{"Time":"2026-09-17T15:50:48.349252571+03:00","Action":"output","Package":"github.com/PRO-Robotech/kacho/internal/repohygiene","Test":"TestGRPCMountParity_EveryDeclaredServiceIsMounted","Output":"    grpcmountparity_test.go:135: перепись: стабов 66 файлов, proto-пакетов 9, сервисов объявлено 68; композиционных корней 22 (файлов 82), из них монтирующих 7; владеющих пакетов 18, смонтировано сервисов 56; исключений вне предмета (пакетом никто не владеет) 22; находок 0\n"}
{"Time":"2026-09-17T15:50:48.349273069+03:00","Action":"output","Package":"github.com/PRO-Robotech/kacho/internal/repohygiene","Test":"TestGRPCMountParity_EveryDeclaredServiceIsMounted","Output":"--- PASS: TestGRPCMountParity_EveryDeclaredServiceIsMounted (0.05s)\n"}
{"Time":"2026-09-17T15:50:48.375100192+03:00","Action":"pass","Package":"github.com/PRO-Robotech/kacho/internal/repohygiene","Test":"TestGRPCMountParity_EveryDeclaredServiceIsMounted","Elapsed":0.05}
{"Time":"2026-09-17T15:50:48.375117053+03:00","Action":"output","Package":"github.com/PRO-Robotech/kacho/internal/repohygiene","Test":"TestCatalogReachability_EveryRowResolvesToAServedMethod","Output":"    catalogreachability_test.go:230: перепись: строк каталога 341 (резолвится 233, исключено 108); стабов 66 файлов, сервисов 68, методов контракта 341; композиционных корней 22 (файлов 82), из них монтирующих 7, смонтировано сервисов 46; находок 0\n"}
{"Time":"2026-09-17T15:50:48.37512622+03:00","Action":"output","Package":"github.com/PRO-Robotech/kacho/internal/repohygiene","Test":"TestCatalogReachability_EveryRowResolvesToAServedMethod","Output":"--- PASS: TestCatalogReachability_EveryRowResolvesToAServedMethod (0.08s)\n"}
{"Time":"2026-09-17T15:50:48.379323259+03:00","Action":"pass","Package":"github.com/PRO-Robotech/kacho/internal/repohygiene","Test":"TestCatalogReachability_EveryRowResolvesToAServedMethod","Elapsed":0.08}
{"Time":"2026-09-17T15:50:48.379335852+03:00","Action":"output","Package":"github.com/PRO-Robotech/kacho/internal/repohygiene","Test":"TestCatalogReachability_InertRowsAreExactlyTheAllowedServices","Output":"    catalogreachability_test.go:327: перепись: строк каталога 341, методов контракта 341, модулей-владельцев 7; находок рода unmounted 108\n"}
{"Time":"2026-09-17T15:50:48.379353696+03:00","Action":"output","Package":"github.com/PRO-Robotech/kacho/internal/repohygiene","Test":"TestCatalogReachability_InertRowsAreExactlyTheAllowedServices","Output":"--- PASS: TestCatalogReachability_InertRowsAreExactlyTheAllowedServices (0.08s)\n"}
{"Time":"2026-09-17T15:50:48.379358896+03:00","Action":"pass","Package":"github.com/PRO-Robotech/kacho/internal/repohygiene","Test":"TestCatalogReachability_InertRowsAreExactlyTheAllowedServices","Elapsed":0.08}
{"Time":"2026-09-17T15:50:48.379362222+03:00","Action":"output","Package":"github.com/PRO-Robotech/kacho/internal/repohygiene","Output":"PASS\n"}
{"Time":"2026-09-17T15:50:48.381911644+03:00","Action":"output","Package":"github.com/PRO-Robotech/kacho/internal/repohygiene","Output":"ok  \tgithub.com/PRO-Robotech/kacho/internal/repohygiene\t0.101s\n"}
{"Time":"2026-09-17T15:50:48.381948934+03:00","Action":"pass","Package":"github.com/PRO-Robotech/kacho/internal/repohygiene","Elapsed":0.101}
